from_document,from_id,from_external_id,from_title,to_id,to_external_id,to_title,provenance
D001,00f9cfc7-459f-4c4d-8131-b425d01527dc,W2978128942,"Reduced Graphene Oxide/Mesoporous ZnO NSs Hybrid Fibers for Flexible, Stretchable, Twisted, and Wearable NO2 E-Textile Gas Sensor",156b15bb-dbd9-4d9d-a871-3c46ae7d5515,W1276751773,Self-Activated Transparent All-Graphene Gas Sensor with Endurance to Humidity and Mechanical Bending,"frozen normalized_json.metadata.referenced_work_ids; source-reported citation, not technical support"
D001,00f9cfc7-459f-4c4d-8131-b425d01527dc,W2978128942,"Reduced Graphene Oxide/Mesoporous ZnO NSs Hybrid Fibers for Flexible, Stretchable, Twisted, and Wearable NO2 E-Textile Gas Sensor",ea87c55e-72ef-439c-aa6b-7285edc49095,W1994481181,Improving gas sensing properties of graphene by introducing dopants and defects: a first-principles study,"frozen normalized_json.metadata.referenced_work_ids; source-reported citation, not technical support"
D001,00f9cfc7-459f-4c4d-8131-b425d01527dc,W2978128942,"Reduced Graphene Oxide/Mesoporous ZnO NSs Hybrid Fibers for Flexible, Stretchable, Twisted, and Wearable NO2 E-Textile Gas Sensor",fd94b094-5144-4e96-acd5-de555c2bb84a,W1999206703,Flexible and Transparent Gas Molecule Sensor Integrated with Sensing and Heating Graphene Layers,"frozen normalized_json.metadata.referenced_work_ids; source-reported citation, not technical support"
D001,00f9cfc7-459f-4c4d-8131-b425d01527dc,W2978128942,"Reduced Graphene Oxide/Mesoporous ZnO NSs Hybrid Fibers for Flexible, Stretchable, Twisted, and Wearable NO2 E-Textile Gas Sensor",2dab9e82-5d29-40da-b093-b12b1fbde4da,W2076475450,Graphene-based gas sensors,"frozen normalized_json.metadata.referenced_work_ids; source-reported citation, not technical support"
D001,00f9cfc7-459f-4c4d-8131-b425d01527dc,W2978128942,"Reduced Graphene Oxide/Mesoporous ZnO NSs Hybrid Fibers for Flexible, Stretchable, Twisted, and Wearable NO2 E-Textile Gas Sensor",7c663f65-65c2-4e27-8840-bf5bdb960cb0,W2258216339,Ultrasensitive and Highly Selective Graphene-Based Single Yarn for Use in Wearable Gas Sensor,"frozen normalized_json.metadata.referenced_work_ids; source-reported citation, not technical support"
D001,00f9cfc7-459f-4c4d-8131-b425d01527dc,W2978128942,"Reduced Graphene Oxide/Mesoporous ZnO NSs Hybrid Fibers for Flexible, Stretchable, Twisted, and Wearable NO2 E-Textile Gas Sensor",b102c67e-e167-49c6-a3cf-5c14d31d8fc1,W2738950220,Highly sensitive and rapidly responding room-temperature NO2 gas sensors based on WO3 nanorods/sulfonated graphene nanocomposites,"frozen normalized_json.metadata.referenced_work_ids; source-reported citation, not technical support"
D001,00f9cfc7-459f-4c4d-8131-b425d01527dc,W2978128942,"Reduced Graphene Oxide/Mesoporous ZnO NSs Hybrid Fibers for Flexible, Stretchable, Twisted, and Wearable NO2 E-Textile Gas Sensor",95ad40b5-46f9-4654-bdd2-96e396478d6c,W2752122312,Flexible Graphene-Based Wearable Gas and Chemical Sensors,"frozen normalized_json.metadata.referenced_work_ids; source-reported citation, not technical support"
D001,00f9cfc7-459f-4c4d-8131-b425d01527dc,W2978128942,"Reduced Graphene Oxide/Mesoporous ZnO NSs Hybrid Fibers for Flexible, Stretchable, Twisted, and Wearable NO2 E-Textile Gas Sensor",b652e00f-7ac8-4b37-b370-272e2482d67f,W2922177019,Laser-Induced Graphene for Flexible and Embeddable Gas Sensors,"frozen normalized_json.metadata.referenced_work_ids; source-reported citation, not technical support"
D002,0552620e-65ac-43c4-93c4-09b464cf9ade,W2342427247,"Wearable, wireless gas sensors using highly stretchable and transparent structures of nanowires and graphene",fd94b094-5144-4e96-acd5-de555c2bb84a,W1999206703,Flexible and Transparent Gas Molecule Sensor Integrated with Sensing and Heating Graphene Layers,"frozen normalized_json.metadata.referenced_work_ids; source-reported citation, not technical support"
D002,0552620e-65ac-43c4-93c4-09b464cf9ade,W2342427247,"Wearable, wireless gas sensors using highly stretchable and transparent structures of nanowires and graphene",2dab9e82-5d29-40da-b093-b12b1fbde4da,W2076475450,Graphene-based gas sensors,"frozen normalized_json.metadata.referenced_work_ids; source-reported citation, not technical support"
D003,06066c66-1454-4813-b7b7-f366b9956035,W4284897849,"Moisture-resistant, stretchable NOx gas sensors based on laser-induced graphene for environmental monitoring and breath analysis",fd94b094-5144-4e96-acd5-de555c2bb84a,W1999206703,Flexible and Transparent Gas Molecule Sensor Integrated with Sensing and Heating Graphene Layers,"frozen normalized_json.metadata.referenced_work_ids; source-reported citation, not technical support"
D003,06066c66-1454-4813-b7b7-f366b9956035,W4284897849,"Moisture-resistant, stretchable NOx gas sensors based on laser-induced graphene for environmental monitoring and breath analysis",2dab9e82-5d29-40da-b093-b12b1fbde4da,W2076475450,Graphene-based gas sensors,"frozen normalized_json.metadata.referenced_work_ids; source-reported citation, not technical support"
D003,06066c66-1454-4813-b7b7-f366b9956035,W4284897849,"Moisture-resistant, stretchable NOx gas sensors based on laser-induced graphene for environmental monitoring and breath analysis",e4a11c17-4a02-4845-9887-a6d113174d38,W2335496883,Graphene Nanomesh As Highly Sensitive Chemiresistor Gas Sensor,"frozen normalized_json.metadata.referenced_work_ids; source-reported citation, not technical support"
D003,06066c66-1454-4813-b7b7-f366b9956035,W4284897849,"Moisture-resistant, stretchable NOx gas sensors based on laser-induced graphene for environmental monitoring and breath analysis",3df9cd7a-940f-400e-b03a-a72459a5558f,W2785184816,Metallic Ti3C2T x MXene Gas Sensors with Ultrahigh Signal-to-Noise Ratio,"frozen normalized_json.metadata.referenced_work_ids; source-reported citation, not technical support"
D003,06066c66-1454-4813-b7b7-f366b9956035,W4284897849,"Moisture-resistant, stretchable NOx gas sensors based on laser-induced graphene for environmental monitoring and breath analysis",b652e00f-7ac8-4b37-b370-272e2482d67f,W2922177019,Laser-Induced Graphene for Flexible and Embeddable Gas Sensors,"frozen normalized_json.metadata.referenced_work_ids; source-reported citation, not technical support"
D003,06066c66-1454-4813-b7b7-f366b9956035,W4284897849,"Moisture-resistant, stretchable NOx gas sensors based on laser-induced graphene for environmental monitoring and breath analysis",24e7049e-e304-4bc5-b9b9-e739b7cf5f9c,W4236825273,Laser-Induced Graphene,"frozen normalized_json.metadata.referenced_work_ids; source-reported citation, not technical support"
D004,08d58bd1-a89e-4b70-b817-821df8428bc7,W2748866382,Microwave-Assisted Synthesis of Graphene–SnO2 Nanocomposites and Their Applications in Gas Sensors,2dab9e82-5d29-40da-b093-b12b1fbde4da,W2076475450,Graphene-based gas sensors,"frozen normalized_json.metadata.referenced_work_ids; source-reported citation, not technical support"
D004,08d58bd1-a89e-4b70-b817-821df8428bc7,W2748866382,Microwave-Assisted Synthesis of Graphene–SnO2 Nanocomposites and Their Applications in Gas Sensors,298b9ec6-547c-4544-ad9b-1d7796ef32c1,W2164878199,Reduced Graphene Oxide Conjugated Cu2O Nanowire Mesocrystals for High-Performance NO2 Gas Sensor,"frozen normalized_json.metadata.referenced_work_ids; source-reported citation, not technical support"
D004,08d58bd1-a89e-4b70-b817-821df8428bc7,W2748866382,Microwave-Assisted Synthesis of Graphene–SnO2 Nanocomposites and Their Applications in Gas Sensors,a7588c01-0b42-40c2-8e08-86a056819ce7,W2233797376,Studies of Reduced Graphene Oxide and Graphite Oxide in the Aspect of Their Possible Application in Gas Sensors,"frozen normalized_json.metadata.referenced_work_ids; source-reported citation, not technical support"
D005,0aefc3c4-7a94-4f46-a092-61c24f82eed8,W2143970475,A review of graphene and graphene oxide sponge: material synthesis and applications to energy and the environment,ef6d522b-b248-4438-abae-289b176b9968,W1997462942,High Sensitivity Gas Detection Using a Macroscopic Three-Dimensional Graphene Foam Network,"frozen normalized_json.metadata.referenced_work_ids; source-reported citation, not technical support"
D005,0aefc3c4-7a94-4f46-a092-61c24f82eed8,W2143970475,A review of graphene and graphene oxide sponge: material synthesis and applications to energy and the environment,8f9fc5ae-0c9f-466e-96e6-7a1af0a80a87,W2041858177,"Adsorption of H 2 O , N H 3 , CO, N O 2 , and NO on graphene: A first-principles study","frozen normalized_json.metadata.referenced_work_ids; source-reported citation, not technical support"
D005,0aefc3c4-7a94-4f46-a092-61c24f82eed8,W2143970475,A review of graphene and graphene oxide sponge: material synthesis and applications to energy and the environment,2dab9e82-5d29-40da-b093-b12b1fbde4da,W2076475450,Graphene-based gas sensors,"frozen normalized_json.metadata.referenced_work_ids; source-reported citation, not technical support"
D006,0cecfdbe-d7a2-44cc-9362-c5c413dcc46d,W2088509039,A 3D scaffold for ultra-sensitive reduced graphene oxide gas sensors,e5e2825a-81cd-4497-8b78-a2677add0a48,W1980835470,High‐Performance NO 2 Sensors Based on Chemically Modified Graphene,"frozen normalized_json.metadata.referenced_work_ids; source-reported citation, not technical support"
D006,0cecfdbe-d7a2-44cc-9362-c5c413dcc46d,W2088509039,A 3D scaffold for ultra-sensitive reduced graphene oxide gas sensors,20376efd-3954-4627-a0f9-768d09825046,W2167087575,Highly selective gas sensor arrays based on thermally reduced graphene oxide,"frozen normalized_json.metadata.referenced_work_ids; source-reported citation, not technical support"
D006,0cecfdbe-d7a2-44cc-9362-c5c413dcc46d,W2088509039,A 3D scaffold for ultra-sensitive reduced graphene oxide gas sensors,60564d96-782a-4b13-a6ba-e3cd057dbdba,W2333216006,Graphene-Based Chemical Sensors,"frozen normalized_json.metadata.referenced_work_ids; source-reported citation, not technical support"
D006,0cecfdbe-d7a2-44cc-9362-c5c413dcc46d,W2088509039,A 3D scaffold for ultra-sensitive reduced graphene oxide gas sensors,e4a11c17-4a02-4845-9887-a6d113174d38,W2335496883,Graphene Nanomesh As Highly Sensitive Chemiresistor Gas Sensor,"frozen normalized_json.metadata.referenced_work_ids; source-reported citation, not technical support"
D007,1012c1e5-ed99-4e3a-ba11-ac77cc359a2e,W1996257604,Highly aligned SnO2 nanorods on graphene sheets for gas sensors,64a8690b-db4c-44ec-bd4a-926f3afabbb1,W2031873156,Graphene sheets decorated with SnO2 nanoparticles: in situ synthesis and highly efficient materials for cataluminescence gas sensors,"frozen normalized_json.metadata.referenced_work_ids; source-reported citation, not technical support"
D008,10c07eba-9d0f-42a9-aeb3-911ec8ccc747,W3206995855,N-doped reduced graphene oxide for room-temperature NO gas sensors,895f3ff1-5a2d-4c4f-b146-bfa105dd2639,W2127824358,Reduced graphene oxide for room-temperature gas sensors,"frozen normalized_json.metadata.referenced_work_ids; source-reported citation, not technical support"
D008,10c07eba-9d0f-42a9-aeb3-911ec8ccc747,W3206995855,N-doped reduced graphene oxide for room-temperature NO gas sensors,218cb72e-a7df-4303-9d9e-e374b6e450d7,W2318335082,Reduced graphene oxide/ZnO nanocomposite for application in chemical gas sensors,"frozen normalized_json.metadata.referenced_work_ids; source-reported citation, not technical support"
D010,136d5083-0254-4930-a35e-88441bb802a0,W4376618059,Room-Temperature Ammonia Gas Sensor Based on Ti3C2Tx MXene/Graphene Oxide/CuO/ZnO Nanocomposite,2fffa4e2-bc98-4639-a657-e9071f8d65f8,W2060512241,Adsorption of Gas Molecules on Graphene Nanoribbons and Its Implication for Nanoscale Molecule Sensor,"frozen normalized_json.metadata.referenced_work_ids; source-reported citation, not technical support"
D010,136d5083-0254-4930-a35e-88441bb802a0,W4376618059,Room-Temperature Ammonia Gas Sensor Based on Ti3C2Tx MXene/Graphene Oxide/CuO/ZnO Nanocomposite,3df9cd7a-940f-400e-b03a-a72459a5558f,W2785184816,Metallic Ti3C2T x MXene Gas Sensors with Ultrahigh Signal-to-Noise Ratio,"frozen normalized_json.metadata.referenced_work_ids; source-reported citation, not technical support"
D010,136d5083-0254-4930-a35e-88441bb802a0,W4376618059,Room-Temperature Ammonia Gas Sensor Based on Ti3C2Tx MXene/Graphene Oxide/CuO/ZnO Nanocomposite,d8fa4f24-71ee-4b88-967c-024021e0043b,W2977677425,Ultrahigh Selective Room-Temperature Ammonia Gas Sensor Based on Tin–Titanium Dioxide/reduced Graphene/Carbon Nanotube Nanocomposites by the Solvothermal Method,"frozen normalized_json.metadata.referenced_work_ids; source-reported citation, not technical support"
D010,136d5083-0254-4930-a35e-88441bb802a0,W4376618059,Room-Temperature Ammonia Gas Sensor Based on Ti3C2Tx MXene/Graphene Oxide/CuO/ZnO Nanocomposite,24b7cbea-bb3a-47fe-af0d-1447f563f093,W3129375065,A Review on Functionalized Graphene Sensors for Detection of Ammonia,"frozen normalized_json.metadata.referenced_work_ids; source-reported citation, not technical support"
D011,156b15bb-dbd9-4d9d-a871-3c46ae7d5515,W1276751773,Self-Activated Transparent All-Graphene Gas Sensor with Endurance to Humidity and Mechanical Bending,ef6d522b-b248-4438-abae-289b176b9968,W1997462942,High Sensitivity Gas Detection Using a Macroscopic Three-Dimensional Graphene Foam Network,"frozen normalized_json.metadata.referenced_work_ids; source-reported citation, not technical support"
D011,156b15bb-dbd9-4d9d-a871-3c46ae7d5515,W1276751773,Self-Activated Transparent All-Graphene Gas Sensor with Endurance to Humidity and Mechanical Bending,fd94b094-5144-4e96-acd5-de555c2bb84a,W1999206703,Flexible and Transparent Gas Molecule Sensor Integrated with Sensing and Heating Graphene Layers,"frozen normalized_json.metadata.referenced_work_ids; source-reported citation, not technical support"
D011,156b15bb-dbd9-4d9d-a871-3c46ae7d5515,W1276751773,Self-Activated Transparent All-Graphene Gas Sensor with Endurance to Humidity and Mechanical Bending,87775318-a9f1-457c-891c-6d910ac56175,W2088861830,Flexible room-temperature NO2 gas sensors based on carbon nanotubes/reduced graphene hybrid films,"frozen normalized_json.metadata.referenced_work_ids; source-reported citation, not technical support"
D011,156b15bb-dbd9-4d9d-a871-3c46ae7d5515,W1276751773,Self-Activated Transparent All-Graphene Gas Sensor with Endurance to Humidity and Mechanical Bending,20376efd-3954-4627-a0f9-768d09825046,W2167087575,Highly selective gas sensor arrays based on thermally reduced graphene oxide,"frozen normalized_json.metadata.referenced_work_ids; source-reported citation, not technical support"
D012,20376efd-3954-4627-a0f9-768d09825046,W2167087575,Highly selective gas sensor arrays based on thermally reduced graphene oxide,895f3ff1-5a2d-4c4f-b146-bfa105dd2639,W2127824358,Reduced graphene oxide for room-temperature gas sensors,"frozen normalized_json.metadata.referenced_work_ids; source-reported citation, not technical support"
D012,20376efd-3954-4627-a0f9-768d09825046,W2167087575,Highly selective gas sensor arrays based on thermally reduced graphene oxide,60564d96-782a-4b13-a6ba-e3cd057dbdba,W2333216006,Graphene-Based Chemical Sensors,"frozen normalized_json.metadata.referenced_work_ids; source-reported citation, not technical support"
D013,218cb72e-a7df-4303-9d9e-e374b6e450d7,W2318335082,Reduced graphene oxide/ZnO nanocomposite for application in chemical gas sensors,a5c41f35-df49-4f31-95dd-394405e4c276,W2038843379,Ultrafast and sensitive room temperature NH3 gas sensors based on chemically reduced graphene oxide,"frozen normalized_json.metadata.referenced_work_ids; source-reported citation, not technical support"
D013,218cb72e-a7df-4303-9d9e-e374b6e450d7,W2318335082,Reduced graphene oxide/ZnO nanocomposite for application in chemical gas sensors,2ebddf68-fb9c-46be-873c-9d7e19b32af5,W2053573257,Temperature and thickness dependence of the sensitivity of nitrogen dioxide graphene gas sensors modified by atomic layer deposited zinc oxide films,"frozen normalized_json.metadata.referenced_work_ids; source-reported citation, not technical support"
D013,218cb72e-a7df-4303-9d9e-e374b6e450d7,W2318335082,Reduced graphene oxide/ZnO nanocomposite for application in chemical gas sensors,895f3ff1-5a2d-4c4f-b146-bfa105dd2639,W2127824358,Reduced graphene oxide for room-temperature gas sensors,"frozen normalized_json.metadata.referenced_work_ids; source-reported citation, not technical support"
D014,24b7cbea-bb3a-47fe-af0d-1447f563f093,W3129375065,A Review on Functionalized Graphene Sensors for Detection of Ammonia,ea87c55e-72ef-439c-aa6b-7285edc49095,W1994481181,Improving gas sensing properties of graphene by introducing dopants and defects: a first-principles study,"frozen normalized_json.metadata.referenced_work_ids; source-reported citation, not technical support"
D014,24b7cbea-bb3a-47fe-af0d-1447f563f093,W3129375065,A Review on Functionalized Graphene Sensors for Detection of Ammonia,99232d89-6fe1-4045-b661-0e1203a448d8,W2003522292,A Highly Sensitive Hydrogen Sensor with Gas Selectivity Using a PMMA Membrane-Coated Pd Nanoparticle/Single-Layer Graphene Hybrid,"frozen normalized_json.metadata.referenced_work_ids; source-reported citation, not technical support"
D014,24b7cbea-bb3a-47fe-af0d-1447f563f093,W3129375065,A Review on Functionalized Graphene Sensors for Detection of Ammonia,f7baaf79-a130-4329-9f84-6d80e77835a2,W2008068390,Graphene/mica based ammonia gas sensors,"frozen normalized_json.metadata.referenced_work_ids; source-reported citation, not technical support"
D014,24b7cbea-bb3a-47fe-af0d-1447f563f093,W3129375065,A Review on Functionalized Graphene Sensors for Detection of Ammonia,a5c41f35-df49-4f31-95dd-394405e4c276,W2038843379,Ultrafast and sensitive room temperature NH3 gas sensors based on chemically reduced graphene oxide,"frozen normalized_json.metadata.referenced_work_ids; source-reported citation, not technical support"
D014,24b7cbea-bb3a-47fe-af0d-1447f563f093,W3129375065,A Review on Functionalized Graphene Sensors for Detection of Ammonia,8f9fc5ae-0c9f-466e-96e6-7a1af0a80a87,W2041858177,"Adsorption of H 2 O , N H 3 , CO, N O 2 , and NO on graphene: A first-principles study","frozen normalized_json.metadata.referenced_work_ids; source-reported citation, not technical support"
D014,24b7cbea-bb3a-47fe-af0d-1447f563f093,W3129375065,A Review on Functionalized Graphene Sensors for Detection of Ammonia,2dab9e82-5d29-40da-b093-b12b1fbde4da,W2076475450,Graphene-based gas sensors,"frozen normalized_json.metadata.referenced_work_ids; source-reported citation, not technical support"
D014,24b7cbea-bb3a-47fe-af0d-1447f563f093,W3129375065,A Review on Functionalized Graphene Sensors for Detection of Ammonia,7f51377e-2cb1-46a3-9bff-19b03dd7f25b,W2116442239,Properties of graphene: a theoretical perspective,"frozen normalized_json.metadata.referenced_work_ids; source-reported citation, not technical support"
D014,24b7cbea-bb3a-47fe-af0d-1447f563f093,W3129375065,A Review on Functionalized Graphene Sensors for Detection of Ammonia,704d0fb4-dc04-4a88-ab73-ab9204758f98,W2144690954,Ammonia gas sensors based on chemically reduced graphene oxide sheets self-assembled on Au electrodes,"frozen normalized_json.metadata.referenced_work_ids; source-reported citation, not technical support"
D014,24b7cbea-bb3a-47fe-af0d-1447f563f093,W3129375065,A Review on Functionalized Graphene Sensors for Detection of Ammonia,e4a11c17-4a02-4845-9887-a6d113174d38,W2335496883,Graphene Nanomesh As Highly Sensitive Chemiresistor Gas Sensor,"frozen normalized_json.metadata.referenced_work_ids; source-reported citation, not technical support"
D014,24b7cbea-bb3a-47fe-af0d-1447f563f093,W3129375065,A Review on Functionalized Graphene Sensors for Detection of Ammonia,4b75c865-01cf-4348-ae21-baf91df52a12,W2343956044,Flexible Transparent Reduced Graphene Oxide Sensor Coupled with Organic Dye Molecules for Rapid Dual‐Mode Ammonia Gas Detection,"frozen normalized_json.metadata.referenced_work_ids; source-reported citation, not technical support"
D014,24b7cbea-bb3a-47fe-af0d-1447f563f093,W3129375065,A Review on Functionalized Graphene Sensors for Detection of Ammonia,d145c9ac-f2af-4f95-a048-4bc61c873bd7,W2563624639,"A 3D Chemically Modified Graphene Hydrogel for Fast, Highly Sensitive, and Selective Gas Sensor","frozen normalized_json.metadata.referenced_work_ids; source-reported citation, not technical support"
D014,24b7cbea-bb3a-47fe-af0d-1447f563f093,W3129375065,A Review on Functionalized Graphene Sensors for Detection of Ammonia,6f1fea7f-0d19-4f8a-99cc-842e0fa30c78,W2898341701,"2D Materials for Gas Sensing Applications: A Review on Graphene Oxide, MoS2, WS2 and Phosphorene","frozen normalized_json.metadata.referenced_work_ids; source-reported citation, not technical support"
D014,24b7cbea-bb3a-47fe-af0d-1447f563f093,W3129375065,A Review on Functionalized Graphene Sensors for Detection of Ammonia,7c4e84e8-09c5-4150-849e-7a21493a18db,W2900239789,Graphene-enhanced metal oxide gas sensors at room temperature: a review,"frozen normalized_json.metadata.referenced_work_ids; source-reported citation, not technical support"
D014,24b7cbea-bb3a-47fe-af0d-1447f563f093,W3129375065,A Review on Functionalized Graphene Sensors for Detection of Ammonia,5c25b3c9-cc53-4db3-a4b2-9b9e58f70a32,W3004352145,Graphene-Based Gas Sensors with High Sensitivity and Minimal Sensor-to-Sensor Variation,"frozen normalized_json.metadata.referenced_work_ids; source-reported citation, not technical support"
D016,28108c5f-75cb-438f-8c84-cadc991d9eb5,W2095429697,Adsorption of gas molecules on transition metal embedded graphene: a search for high-performance graphene-based catalysts and gas sensors,ea87c55e-72ef-439c-aa6b-7285edc49095,W1994481181,Improving gas sensing properties of graphene by introducing dopants and defects: a first-principles study,"frozen normalized_json.metadata.referenced_work_ids; source-reported citation, not technical support"
D016,28108c5f-75cb-438f-8c84-cadc991d9eb5,W2095429697,Adsorption of gas molecules on transition metal embedded graphene: a search for high-performance graphene-based catalysts and gas sensors,8f9fc5ae-0c9f-466e-96e6-7a1af0a80a87,W2041858177,"Adsorption of H 2 O , N H 3 , CO, N O 2 , and NO on graphene: A first-principles study","frozen normalized_json.metadata.referenced_work_ids; source-reported citation, not technical support"
D017,2860ed7f-a2a8-4e76-9250-e3558d092f23,W2616686898,Gas sensing in 2D materials,156b15bb-dbd9-4d9d-a871-3c46ae7d5515,W1276751773,Self-Activated Transparent All-Graphene Gas Sensor with Endurance to Humidity and Mechanical Bending,"frozen normalized_json.metadata.referenced_work_ids; source-reported citation, not technical support"
D017,2860ed7f-a2a8-4e76-9250-e3558d092f23,W2616686898,Gas sensing in 2D materials,dfbf11ae-d233-47e1-bfbf-505e8c2d0594,W1980451576,Toward Ubiquitous Environmental Gas Sensors—Capitalizing on the Promise of Graphene,"frozen normalized_json.metadata.referenced_work_ids; source-reported citation, not technical support"
D017,2860ed7f-a2a8-4e76-9250-e3558d092f23,W2616686898,Gas sensing in 2D materials,e5e2825a-81cd-4497-8b78-a2677add0a48,W1980835470,High‐Performance NO 2 Sensors Based on Chemically Modified Graphene,"frozen normalized_json.metadata.referenced_work_ids; source-reported citation, not technical support"
D017,2860ed7f-a2a8-4e76-9250-e3558d092f23,W2616686898,Gas sensing in 2D materials,7b462286-ce94-41ea-b031-543d6aaef0f2,W1982563532,"Gas adsorption on graphene doped with B, N, Al, and S: A theoretical study","frozen normalized_json.metadata.referenced_work_ids; source-reported citation, not technical support"
D017,2860ed7f-a2a8-4e76-9250-e3558d092f23,W2616686898,Gas sensing in 2D materials,c99f8fc3-6f01-4bf4-bc00-933bbeda27f9,W1988620898,Phosphorene as a Superior Gas Sensor: Selective Adsorption and Distinct I – V Response,"frozen normalized_json.metadata.referenced_work_ids; source-reported citation, not technical support"
D017,2860ed7f-a2a8-4e76-9250-e3558d092f23,W2616686898,Gas sensing in 2D materials,ea87c55e-72ef-439c-aa6b-7285edc49095,W1994481181,Improving gas sensing properties of graphene by introducing dopants and defects: a first-principles study,"frozen normalized_json.metadata.referenced_work_ids; source-reported citation, not technical support"
D017,2860ed7f-a2a8-4e76-9250-e3558d092f23,W2616686898,Gas sensing in 2D materials,fd94b094-5144-4e96-acd5-de555c2bb84a,W1999206703,Flexible and Transparent Gas Molecule Sensor Integrated with Sensing and Heating Graphene Layers,"frozen normalized_json.metadata.referenced_work_ids; source-reported citation, not technical support"
D017,2860ed7f-a2a8-4e76-9250-e3558d092f23,W2616686898,Gas sensing in 2D materials,99232d89-6fe1-4045-b661-0e1203a448d8,W2003522292,A Highly Sensitive Hydrogen Sensor with Gas Selectivity Using a PMMA Membrane-Coated Pd Nanoparticle/Single-Layer Graphene Hybrid,"frozen normalized_json.metadata.referenced_work_ids; source-reported citation, not technical support"
D017,2860ed7f-a2a8-4e76-9250-e3558d092f23,W2616686898,Gas sensing in 2D materials,f1c4d560-678f-4ead-af98-f670b31ac562,W2017626781,Highly Sensitive and Selective Gas Sensor Using Hydrophilic and Hydrophobic Graphenes,"frozen normalized_json.metadata.referenced_work_ids; source-reported citation, not technical support"
D017,2860ed7f-a2a8-4e76-9250-e3558d092f23,W2616686898,Gas sensing in 2D materials,f788f5fa-e284-4d65-8241-8210291c488c,W2074378463,In Situ Polymerization Deposition of Porous Conducting Polymer on Reduced Graphene Oxide for Gas Sensor,"frozen normalized_json.metadata.referenced_work_ids; source-reported citation, not technical support"
D017,2860ed7f-a2a8-4e76-9250-e3558d092f23,W2616686898,Gas sensing in 2D materials,2dab9e82-5d29-40da-b093-b12b1fbde4da,W2076475450,Graphene-based gas sensors,"frozen normalized_json.metadata.referenced_work_ids; source-reported citation, not technical support"
D017,2860ed7f-a2a8-4e76-9250-e3558d092f23,W2616686898,Gas sensing in 2D materials,7f51377e-2cb1-46a3-9bff-19b03dd7f25b,W2116442239,Properties of graphene: a theoretical perspective,"frozen normalized_json.metadata.referenced_work_ids; source-reported citation, not technical support"
D017,2860ed7f-a2a8-4e76-9250-e3558d092f23,W2616686898,Gas sensing in 2D materials,895f3ff1-5a2d-4c4f-b146-bfa105dd2639,W2127824358,Reduced graphene oxide for room-temperature gas sensors,"frozen normalized_json.metadata.referenced_work_ids; source-reported citation, not technical support"
D017,2860ed7f-a2a8-4e76-9250-e3558d092f23,W2616686898,Gas sensing in 2D materials,20376efd-3954-4627-a0f9-768d09825046,W2167087575,Highly selective gas sensor arrays based on thermally reduced graphene oxide,"frozen normalized_json.metadata.referenced_work_ids; source-reported citation, not technical support"
D017,2860ed7f-a2a8-4e76-9250-e3558d092f23,W2616686898,Gas sensing in 2D materials,b5e40c7d-735b-411c-b69b-1cb38751ddb4,W2312656922,Palladium-Decorated Hydrogen-Gas Sensors Using Periodically Aligned Graphene Nanoribbons,"frozen normalized_json.metadata.referenced_work_ids; source-reported citation, not technical support"
D017,2860ed7f-a2a8-4e76-9250-e3558d092f23,W2616686898,Gas sensing in 2D materials,60564d96-782a-4b13-a6ba-e3cd057dbdba,W2333216006,Graphene-Based Chemical Sensors,"frozen normalized_json.metadata.referenced_work_ids; source-reported citation, not technical support"
D019,2dab9e82-5d29-40da-b093-b12b1fbde4da,W2076475450,Graphene-based gas sensors,dfbf11ae-d233-47e1-bfbf-505e8c2d0594,W1980451576,Toward Ubiquitous Environmental Gas Sensors—Capitalizing on the Promise of Graphene,"frozen normalized_json.metadata.referenced_work_ids; source-reported citation, not technical support"
D019,2dab9e82-5d29-40da-b093-b12b1fbde4da,W2076475450,Graphene-based gas sensors,ea87c55e-72ef-439c-aa6b-7285edc49095,W1994481181,Improving gas sensing properties of graphene by introducing dopants and defects: a first-principles study,"frozen normalized_json.metadata.referenced_work_ids; source-reported citation, not technical support"
D019,2dab9e82-5d29-40da-b093-b12b1fbde4da,W2076475450,Graphene-based gas sensors,1012c1e5-ed99-4e3a-ba11-ac77cc359a2e,W1996257604,Highly aligned SnO2 nanorods on graphene sheets for gas sensors,"frozen normalized_json.metadata.referenced_work_ids; source-reported citation, not technical support"
D019,2dab9e82-5d29-40da-b093-b12b1fbde4da,W2076475450,Graphene-based gas sensors,ef6d522b-b248-4438-abae-289b176b9968,W1997462942,High Sensitivity Gas Detection Using a Macroscopic Three-Dimensional Graphene Foam Network,"frozen normalized_json.metadata.referenced_work_ids; source-reported citation, not technical support"
D019,2dab9e82-5d29-40da-b093-b12b1fbde4da,W2076475450,Graphene-based gas sensors,8f9fc5ae-0c9f-466e-96e6-7a1af0a80a87,W2041858177,"Adsorption of H 2 O , N H 3 , CO, N O 2 , and NO on graphene: A first-principles study","frozen normalized_json.metadata.referenced_work_ids; source-reported citation, not technical support"
D019,2dab9e82-5d29-40da-b093-b12b1fbde4da,W2076475450,Graphene-based gas sensors,87775318-a9f1-457c-891c-6d910ac56175,W2088861830,Flexible room-temperature NO2 gas sensors based on carbon nanotubes/reduced graphene hybrid films,"frozen normalized_json.metadata.referenced_work_ids; source-reported citation, not technical support"
D019,2dab9e82-5d29-40da-b093-b12b1fbde4da,W2076475450,Graphene-based gas sensors,7f51377e-2cb1-46a3-9bff-19b03dd7f25b,W2116442239,Properties of graphene: a theoretical perspective,"frozen normalized_json.metadata.referenced_work_ids; source-reported citation, not technical support"
D019,2dab9e82-5d29-40da-b093-b12b1fbde4da,W2076475450,Graphene-based gas sensors,3263deed-de40-4cc0-bf0f-e980647f6535,W2138183388,Biological and chemical sensors based on graphene materials,"frozen normalized_json.metadata.referenced_work_ids; source-reported citation, not technical support"
D019,2dab9e82-5d29-40da-b093-b12b1fbde4da,W2076475450,Graphene-based gas sensors,c04f97a5-b941-4257-b74f-721faa94e982,W2161928223,Molecular Doping of Graphene,"frozen normalized_json.metadata.referenced_work_ids; source-reported citation, not technical support"
D019,2dab9e82-5d29-40da-b093-b12b1fbde4da,W2076475450,Graphene-based gas sensors,298b9ec6-547c-4544-ad9b-1d7796ef32c1,W2164878199,Reduced Graphene Oxide Conjugated Cu2O Nanowire Mesocrystals for High-Performance NO2 Gas Sensor,"frozen normalized_json.metadata.referenced_work_ids; source-reported citation, not technical support"
D019,2dab9e82-5d29-40da-b093-b12b1fbde4da,W2076475450,Graphene-based gas sensors,e6844a28-6617-497a-bbdb-62545365b18d,W2169503583,Nanostructured Pt decorated graphene and multi walled carbon nanotube based room temperature hydrogen gas sensor,"frozen normalized_json.metadata.referenced_work_ids; source-reported citation, not technical support"
D019,2dab9e82-5d29-40da-b093-b12b1fbde4da,W2076475450,Graphene-based gas sensors,60564d96-782a-4b13-a6ba-e3cd057dbdba,W2333216006,Graphene-Based Chemical Sensors,"frozen normalized_json.metadata.referenced_work_ids; source-reported citation, not technical support"
D019,2dab9e82-5d29-40da-b093-b12b1fbde4da,W2076475450,Graphene-based gas sensors,e4a11c17-4a02-4845-9887-a6d113174d38,W2335496883,Graphene Nanomesh As Highly Sensitive Chemiresistor Gas Sensor,"frozen normalized_json.metadata.referenced_work_ids; source-reported citation, not technical support"
D020,2ebddf68-fb9c-46be-873c-9d7e19b32af5,W2053573257,Temperature and thickness dependence of the sensitivity of nitrogen dioxide graphene gas sensors modified by atomic layer deposited zinc oxide films,1012c1e5-ed99-4e3a-ba11-ac77cc359a2e,W1996257604,Highly aligned SnO2 nanorods on graphene sheets for gas sensors,"frozen normalized_json.metadata.referenced_work_ids; source-reported citation, not technical support"
D020,2ebddf68-fb9c-46be-873c-9d7e19b32af5,W2053573257,Temperature and thickness dependence of the sensitivity of nitrogen dioxide graphene gas sensors modified by atomic layer deposited zinc oxide films,a699dfba-8207-41f9-a491-43a360e40cd9,W2083254069,High sensitive formaldehyde graphene gas sensor modified by atomic layer deposition zinc oxide films,"frozen normalized_json.metadata.referenced_work_ids; source-reported citation, not technical support"
D022,2fffa4e2-bc98-4639-a657-e9071f8d65f8,W2060512241,Adsorption of Gas Molecules on Graphene Nanoribbons and Its Implication for Nanoscale Molecule Sensor,8f9fc5ae-0c9f-466e-96e6-7a1af0a80a87,W2041858177,"Adsorption of H 2 O , N H 3 , CO, N O 2 , and NO on graphene: A first-principles study","frozen normalized_json.metadata.referenced_work_ids; source-reported citation, not technical support"
D022,2fffa4e2-bc98-4639-a657-e9071f8d65f8,W2060512241,Adsorption of Gas Molecules on Graphene Nanoribbons and Its Implication for Nanoscale Molecule Sensor,c04f97a5-b941-4257-b74f-721faa94e982,W2161928223,Molecular Doping of Graphene,"frozen normalized_json.metadata.referenced_work_ids; source-reported citation, not technical support"
D023,3263deed-de40-4cc0-bf0f-e980647f6535,W2138183388,Biological and chemical sensors based on graphene materials,3a5a587d-5ddf-49b9-aa34-bd081fb0d04b,W1967752584,Porous Graphene as the Ultimate Membrane for Gas Separation,"frozen normalized_json.metadata.referenced_work_ids; source-reported citation, not technical support"
D023,3263deed-de40-4cc0-bf0f-e980647f6535,W2138183388,Biological and chemical sensors based on graphene materials,7f51377e-2cb1-46a3-9bff-19b03dd7f25b,W2116442239,Properties of graphene: a theoretical perspective,"frozen normalized_json.metadata.referenced_work_ids; source-reported citation, not technical support"
D023,3263deed-de40-4cc0-bf0f-e980647f6535,W2138183388,Biological and chemical sensors based on graphene materials,895f3ff1-5a2d-4c4f-b146-bfa105dd2639,W2127824358,Reduced graphene oxide for room-temperature gas sensors,"frozen normalized_json.metadata.referenced_work_ids; source-reported citation, not technical support"
D023,3263deed-de40-4cc0-bf0f-e980647f6535,W2138183388,Biological and chemical sensors based on graphene materials,c04f97a5-b941-4257-b74f-721faa94e982,W2161928223,Molecular Doping of Graphene,"frozen normalized_json.metadata.referenced_work_ids; source-reported citation, not technical support"
D025,3c6c7dee-038f-4e1a-a3be-1f829a96ebdd,W1919056245,Hydrogen gas sensor based on metal oxide nanoparticles decorated graphene transistor,87775318-a9f1-457c-891c-6d910ac56175,W2088861830,Flexible room-temperature NO2 gas sensors based on carbon nanotubes/reduced graphene hybrid films,"frozen normalized_json.metadata.referenced_work_ids; source-reported citation, not technical support"
D026,3df9cd7a-940f-400e-b03a-a72459a5558f,W2785184816,Metallic Ti3C2T x MXene Gas Sensors with Ultrahigh Signal-to-Noise Ratio,a5c41f35-df49-4f31-95dd-394405e4c276,W2038843379,Ultrafast and sensitive room temperature NH3 gas sensors based on chemically reduced graphene oxide,"frozen normalized_json.metadata.referenced_work_ids; source-reported citation, not technical support"
D026,3df9cd7a-940f-400e-b03a-a72459a5558f,W2785184816,Metallic Ti3C2T x MXene Gas Sensors with Ultrahigh Signal-to-Noise Ratio,2860ed7f-a2a8-4e76-9250-e3558d092f23,W2616686898,Gas sensing in 2D materials,"frozen normalized_json.metadata.referenced_work_ids; source-reported citation, not technical support"
D028,4321f854-bd6e-4799-a118-a50733440314,W3135157331,Recent Developments in Graphene-Based Toxic Gas Sensors: A Theoretical Overview,7b462286-ce94-41ea-b031-543d6aaef0f2,W1982563532,"Gas adsorption on graphene doped with B, N, Al, and S: A theoretical study","frozen normalized_json.metadata.referenced_work_ids; source-reported citation, not technical support"
D028,4321f854-bd6e-4799-a118-a50733440314,W3135157331,Recent Developments in Graphene-Based Toxic Gas Sensors: A Theoretical Overview,ea87c55e-72ef-439c-aa6b-7285edc49095,W1994481181,Improving gas sensing properties of graphene by introducing dopants and defects: a first-principles study,"frozen normalized_json.metadata.referenced_work_ids; source-reported citation, not technical support"
D028,4321f854-bd6e-4799-a118-a50733440314,W3135157331,Recent Developments in Graphene-Based Toxic Gas Sensors: A Theoretical Overview,8f9fc5ae-0c9f-466e-96e6-7a1af0a80a87,W2041858177,"Adsorption of H 2 O , N H 3 , CO, N O 2 , and NO on graphene: A first-principles study","frozen normalized_json.metadata.referenced_work_ids; source-reported citation, not technical support"
D028,4321f854-bd6e-4799-a118-a50733440314,W3135157331,Recent Developments in Graphene-Based Toxic Gas Sensors: A Theoretical Overview,2fffa4e2-bc98-4639-a657-e9071f8d65f8,W2060512241,Adsorption of Gas Molecules on Graphene Nanoribbons and Its Implication for Nanoscale Molecule Sensor,"frozen normalized_json.metadata.referenced_work_ids; source-reported citation, not technical support"
D028,4321f854-bd6e-4799-a118-a50733440314,W3135157331,Recent Developments in Graphene-Based Toxic Gas Sensors: A Theoretical Overview,2dab9e82-5d29-40da-b093-b12b1fbde4da,W2076475450,Graphene-based gas sensors,"frozen normalized_json.metadata.referenced_work_ids; source-reported citation, not technical support"
D028,4321f854-bd6e-4799-a118-a50733440314,W3135157331,Recent Developments in Graphene-Based Toxic Gas Sensors: A Theoretical Overview,c9984def-b7e0-46b4-a20c-b9abdb6e2c18,W2157202716,"Heteroatom-doped graphene materials: syntheses, properties and applications","frozen normalized_json.metadata.referenced_work_ids; source-reported citation, not technical support"
D028,4321f854-bd6e-4799-a118-a50733440314,W3135157331,Recent Developments in Graphene-Based Toxic Gas Sensors: A Theoretical Overview,c04f97a5-b941-4257-b74f-721faa94e982,W2161928223,Molecular Doping of Graphene,"frozen normalized_json.metadata.referenced_work_ids; source-reported citation, not technical support"
D028,4321f854-bd6e-4799-a118-a50733440314,W3135157331,Recent Developments in Graphene-Based Toxic Gas Sensors: A Theoretical Overview,60564d96-782a-4b13-a6ba-e3cd057dbdba,W2333216006,Graphene-Based Chemical Sensors,"frozen normalized_json.metadata.referenced_work_ids; source-reported citation, not technical support"
D028,4321f854-bd6e-4799-a118-a50733440314,W3135157331,Recent Developments in Graphene-Based Toxic Gas Sensors: A Theoretical Overview,95ad40b5-46f9-4654-bdd2-96e396478d6c,W2752122312,Flexible Graphene-Based Wearable Gas and Chemical Sensors,"frozen normalized_json.metadata.referenced_work_ids; source-reported citation, not technical support"
D028,4321f854-bd6e-4799-a118-a50733440314,W3135157331,Recent Developments in Graphene-Based Toxic Gas Sensors: A Theoretical Overview,d9353f7c-7923-4367-bf9f-78451104b2f5,W2854295798,Research Progress of Gas Sensor Based on Graphene and Its Derivatives: A Review,"frozen normalized_json.metadata.referenced_work_ids; source-reported citation, not technical support"
D029,4a17444d-09e0-4cad-becb-0ad9e9a95b73,W2965196630,NO2 and NH3 Sensing Characteristics of Inkjet Printing Graphene Gas Sensors,f7baaf79-a130-4329-9f84-6d80e77835a2,W2008068390,Graphene/mica based ammonia gas sensors,"frozen normalized_json.metadata.referenced_work_ids; source-reported citation, not technical support"
D029,4a17444d-09e0-4cad-becb-0ad9e9a95b73,W2965196630,NO2 and NH3 Sensing Characteristics of Inkjet Printing Graphene Gas Sensors,8f9fc5ae-0c9f-466e-96e6-7a1af0a80a87,W2041858177,"Adsorption of H 2 O , N H 3 , CO, N O 2 , and NO on graphene: A first-principles study","frozen normalized_json.metadata.referenced_work_ids; source-reported citation, not technical support"
D029,4a17444d-09e0-4cad-becb-0ad9e9a95b73,W2965196630,NO2 and NH3 Sensing Characteristics of Inkjet Printing Graphene Gas Sensors,2dab9e82-5d29-40da-b093-b12b1fbde4da,W2076475450,Graphene-based gas sensors,"frozen normalized_json.metadata.referenced_work_ids; source-reported citation, not technical support"
D029,4a17444d-09e0-4cad-becb-0ad9e9a95b73,W2965196630,NO2 and NH3 Sensing Characteristics of Inkjet Printing Graphene Gas Sensors,c04f97a5-b941-4257-b74f-721faa94e982,W2161928223,Molecular Doping of Graphene,"frozen normalized_json.metadata.referenced_work_ids; source-reported citation, not technical support"
D029,4a17444d-09e0-4cad-becb-0ad9e9a95b73,W2965196630,NO2 and NH3 Sensing Characteristics of Inkjet Printing Graphene Gas Sensors,70b57363-3591-4f4b-a1a9-d0f8987b6b80,W2178763567,A Review on Graphene-Based Gas/Vapor Sensors with Unique Properties and Potential Applications,"frozen normalized_json.metadata.referenced_work_ids; source-reported citation, not technical support"
D029,4a17444d-09e0-4cad-becb-0ad9e9a95b73,W2965196630,NO2 and NH3 Sensing Characteristics of Inkjet Printing Graphene Gas Sensors,6f1fea7f-0d19-4f8a-99cc-842e0fa30c78,W2898341701,"2D Materials for Gas Sensing Applications: A Review on Graphene Oxide, MoS2, WS2 and Phosphorene","frozen normalized_json.metadata.referenced_work_ids; source-reported citation, not technical support"
D030,4b75c865-01cf-4348-ae21-baf91df52a12,W2343956044,Flexible Transparent Reduced Graphene Oxide Sensor Coupled with Organic Dye Molecules for Rapid Dual‐Mode Ammonia Gas Detection,156b15bb-dbd9-4d9d-a871-3c46ae7d5515,W1276751773,Self-Activated Transparent All-Graphene Gas Sensor with Endurance to Humidity and Mechanical Bending,"frozen normalized_json.metadata.referenced_work_ids; source-reported citation, not technical support"
D030,4b75c865-01cf-4348-ae21-baf91df52a12,W2343956044,Flexible Transparent Reduced Graphene Oxide Sensor Coupled with Organic Dye Molecules for Rapid Dual‐Mode Ammonia Gas Detection,5df9a10b-804f-4bac-accb-a23fd2e2d2e0,W1981902104,Graphene-based gas sensor: metal decoration effect and application to a flexible device,"frozen normalized_json.metadata.referenced_work_ids; source-reported citation, not technical support"
D030,4b75c865-01cf-4348-ae21-baf91df52a12,W2343956044,Flexible Transparent Reduced Graphene Oxide Sensor Coupled with Organic Dye Molecules for Rapid Dual‐Mode Ammonia Gas Detection,8f9fc5ae-0c9f-466e-96e6-7a1af0a80a87,W2041858177,"Adsorption of H 2 O , N H 3 , CO, N O 2 , and NO on graphene: A first-principles study","frozen normalized_json.metadata.referenced_work_ids; source-reported citation, not technical support"
D030,4b75c865-01cf-4348-ae21-baf91df52a12,W2343956044,Flexible Transparent Reduced Graphene Oxide Sensor Coupled with Organic Dye Molecules for Rapid Dual‐Mode Ammonia Gas Detection,7c663f65-65c2-4e27-8840-bf5bdb960cb0,W2258216339,Ultrasensitive and Highly Selective Graphene-Based Single Yarn for Use in Wearable Gas Sensor,"frozen normalized_json.metadata.referenced_work_ids; source-reported citation, not technical support"
D031,50aabd72-3718-40d0-b0e9-b145f6ec6d6d,W2972014194,Penta-Graphene as a Potential Gas Sensor for NOx Detection,c99f8fc3-6f01-4bf4-bc00-933bbeda27f9,W1988620898,Phosphorene as a Superior Gas Sensor: Selective Adsorption and Distinct I – V Response,"frozen normalized_json.metadata.referenced_work_ids; source-reported citation, not technical support"
D031,50aabd72-3718-40d0-b0e9-b145f6ec6d6d,W2972014194,Penta-Graphene as a Potential Gas Sensor for NOx Detection,ea87c55e-72ef-439c-aa6b-7285edc49095,W1994481181,Improving gas sensing properties of graphene by introducing dopants and defects: a first-principles study,"frozen normalized_json.metadata.referenced_work_ids; source-reported citation, not technical support"
D031,50aabd72-3718-40d0-b0e9-b145f6ec6d6d,W2972014194,Penta-Graphene as a Potential Gas Sensor for NOx Detection,8f9fc5ae-0c9f-466e-96e6-7a1af0a80a87,W2041858177,"Adsorption of H 2 O , N H 3 , CO, N O 2 , and NO on graphene: A first-principles study","frozen normalized_json.metadata.referenced_work_ids; source-reported citation, not technical support"
D032,5c25b3c9-cc53-4db3-a4b2-9b9e58f70a32,W3004352145,Graphene-Based Gas Sensors with High Sensitivity and Minimal Sensor-to-Sensor Variation,156b15bb-dbd9-4d9d-a871-3c46ae7d5515,W1276751773,Self-Activated Transparent All-Graphene Gas Sensor with Endurance to Humidity and Mechanical Bending,"frozen normalized_json.metadata.referenced_work_ids; source-reported citation, not technical support"
D032,5c25b3c9-cc53-4db3-a4b2-9b9e58f70a32,W3004352145,Graphene-Based Gas Sensors with High Sensitivity and Minimal Sensor-to-Sensor Variation,2dab9e82-5d29-40da-b093-b12b1fbde4da,W2076475450,Graphene-based gas sensors,"frozen normalized_json.metadata.referenced_work_ids; source-reported citation, not technical support"
D032,5c25b3c9-cc53-4db3-a4b2-9b9e58f70a32,W3004352145,Graphene-Based Gas Sensors with High Sensitivity and Minimal Sensor-to-Sensor Variation,70b57363-3591-4f4b-a1a9-d0f8987b6b80,W2178763567,A Review on Graphene-Based Gas/Vapor Sensors with Unique Properties and Potential Applications,"frozen normalized_json.metadata.referenced_work_ids; source-reported citation, not technical support"
D032,5c25b3c9-cc53-4db3-a4b2-9b9e58f70a32,W3004352145,Graphene-Based Gas Sensors with High Sensitivity and Minimal Sensor-to-Sensor Variation,95ad40b5-46f9-4654-bdd2-96e396478d6c,W2752122312,Flexible Graphene-Based Wearable Gas and Chemical Sensors,"frozen normalized_json.metadata.referenced_work_ids; source-reported citation, not technical support"
D033,5d98bb43-ab4b-458a-86bc-0d4b88145cb7,W3026327090,Graphene-Based Hydrogen Gas Sensors: A Review,3c6c7dee-038f-4e1a-a3be-1f829a96ebdd,W1919056245,Hydrogen gas sensor based on metal oxide nanoparticles decorated graphene transistor,"frozen normalized_json.metadata.referenced_work_ids; source-reported citation, not technical support"
D033,5d98bb43-ab4b-458a-86bc-0d4b88145cb7,W3026327090,Graphene-Based Hydrogen Gas Sensors: A Review,dfbf11ae-d233-47e1-bfbf-505e8c2d0594,W1980451576,Toward Ubiquitous Environmental Gas Sensors—Capitalizing on the Promise of Graphene,"frozen normalized_json.metadata.referenced_work_ids; source-reported citation, not technical support"
D033,5d98bb43-ab4b-458a-86bc-0d4b88145cb7,W3026327090,Graphene-Based Hydrogen Gas Sensors: A Review,99232d89-6fe1-4045-b661-0e1203a448d8,W2003522292,A Highly Sensitive Hydrogen Sensor with Gas Selectivity Using a PMMA Membrane-Coated Pd Nanoparticle/Single-Layer Graphene Hybrid,"frozen normalized_json.metadata.referenced_work_ids; source-reported citation, not technical support"
D033,5d98bb43-ab4b-458a-86bc-0d4b88145cb7,W3026327090,Graphene-Based Hydrogen Gas Sensors: A Review,f788f5fa-e284-4d65-8241-8210291c488c,W2074378463,In Situ Polymerization Deposition of Porous Conducting Polymer on Reduced Graphene Oxide for Gas Sensor,"frozen normalized_json.metadata.referenced_work_ids; source-reported citation, not technical support"
D033,5d98bb43-ab4b-458a-86bc-0d4b88145cb7,W3026327090,Graphene-Based Hydrogen Gas Sensors: A Review,e6844a28-6617-497a-bbdb-62545365b18d,W2169503583,Nanostructured Pt decorated graphene and multi walled carbon nanotube based room temperature hydrogen gas sensor,"frozen normalized_json.metadata.referenced_work_ids; source-reported citation, not technical support"
D033,5d98bb43-ab4b-458a-86bc-0d4b88145cb7,W3026327090,Graphene-Based Hydrogen Gas Sensors: A Review,b5e40c7d-735b-411c-b69b-1cb38751ddb4,W2312656922,Palladium-Decorated Hydrogen-Gas Sensors Using Periodically Aligned Graphene Nanoribbons,"frozen normalized_json.metadata.referenced_work_ids; source-reported citation, not technical support"
D034,5df9a10b-804f-4bac-accb-a23fd2e2d2e0,W1981902104,Graphene-based gas sensor: metal decoration effect and application to a flexible device,ea87c55e-72ef-439c-aa6b-7285edc49095,W1994481181,Improving gas sensing properties of graphene by introducing dopants and defects: a first-principles study,"frozen normalized_json.metadata.referenced_work_ids; source-reported citation, not technical support"
D034,5df9a10b-804f-4bac-accb-a23fd2e2d2e0,W1981902104,Graphene-based gas sensor: metal decoration effect and application to a flexible device,ef6d522b-b248-4438-abae-289b176b9968,W1997462942,High Sensitivity Gas Detection Using a Macroscopic Three-Dimensional Graphene Foam Network,"frozen normalized_json.metadata.referenced_work_ids; source-reported citation, not technical support"
D034,5df9a10b-804f-4bac-accb-a23fd2e2d2e0,W1981902104,Graphene-based gas sensor: metal decoration effect and application to a flexible device,28108c5f-75cb-438f-8c84-cadc991d9eb5,W2095429697,Adsorption of gas molecules on transition metal embedded graphene: a search for high-performance graphene-based catalysts and gas sensors,"frozen normalized_json.metadata.referenced_work_ids; source-reported citation, not technical support"
D034,5df9a10b-804f-4bac-accb-a23fd2e2d2e0,W1981902104,Graphene-based gas sensor: metal decoration effect and application to a flexible device,60564d96-782a-4b13-a6ba-e3cd057dbdba,W2333216006,Graphene-Based Chemical Sensors,"frozen normalized_json.metadata.referenced_work_ids; source-reported citation, not technical support"
D034,5df9a10b-804f-4bac-accb-a23fd2e2d2e0,W1981902104,Graphene-based gas sensor: metal decoration effect and application to a flexible device,e4a11c17-4a02-4845-9887-a6d113174d38,W2335496883,Graphene Nanomesh As Highly Sensitive Chemiresistor Gas Sensor,"frozen normalized_json.metadata.referenced_work_ids; source-reported citation, not technical support"
D035,5f698fb2-5265-4343-a012-0c0fb3c6e9c4,W2460838568,B–N@Graphene: Highly Sensitive and Selective Gas Sensor,dfbf11ae-d233-47e1-bfbf-505e8c2d0594,W1980451576,Toward Ubiquitous Environmental Gas Sensors—Capitalizing on the Promise of Graphene,"frozen normalized_json.metadata.referenced_work_ids; source-reported citation, not technical support"
D035,5f698fb2-5265-4343-a012-0c0fb3c6e9c4,W2460838568,B–N@Graphene: Highly Sensitive and Selective Gas Sensor,7b462286-ce94-41ea-b031-543d6aaef0f2,W1982563532,"Gas adsorption on graphene doped with B, N, Al, and S: A theoretical study","frozen normalized_json.metadata.referenced_work_ids; source-reported citation, not technical support"
D035,5f698fb2-5265-4343-a012-0c0fb3c6e9c4,W2460838568,B–N@Graphene: Highly Sensitive and Selective Gas Sensor,ea87c55e-72ef-439c-aa6b-7285edc49095,W1994481181,Improving gas sensing properties of graphene by introducing dopants and defects: a first-principles study,"frozen normalized_json.metadata.referenced_work_ids; source-reported citation, not technical support"
D035,5f698fb2-5265-4343-a012-0c0fb3c6e9c4,W2460838568,B–N@Graphene: Highly Sensitive and Selective Gas Sensor,2dab9e82-5d29-40da-b093-b12b1fbde4da,W2076475450,Graphene-based gas sensors,"frozen normalized_json.metadata.referenced_work_ids; source-reported citation, not technical support"
D035,5f698fb2-5265-4343-a012-0c0fb3c6e9c4,W2460838568,B–N@Graphene: Highly Sensitive and Selective Gas Sensor,c9984def-b7e0-46b4-a20c-b9abdb6e2c18,W2157202716,"Heteroatom-doped graphene materials: syntheses, properties and applications","frozen normalized_json.metadata.referenced_work_ids; source-reported citation, not technical support"
D035,5f698fb2-5265-4343-a012-0c0fb3c6e9c4,W2460838568,B–N@Graphene: Highly Sensitive and Selective Gas Sensor,60564d96-782a-4b13-a6ba-e3cd057dbdba,W2333216006,Graphene-Based Chemical Sensors,"frozen normalized_json.metadata.referenced_work_ids; source-reported citation, not technical support"
D036,60564d96-782a-4b13-a6ba-e3cd057dbdba,W2333216006,Graphene-Based Chemical Sensors,ef6d522b-b248-4438-abae-289b176b9968,W1997462942,High Sensitivity Gas Detection Using a Macroscopic Three-Dimensional Graphene Foam Network,"frozen normalized_json.metadata.referenced_work_ids; source-reported citation, not technical support"
D038,6a675d0d-8256-4c8f-b2ae-7c95c1bcabf8,W2799657301,3D Architectured Graphene/Metal Oxide Hybrids for Gas Sensors: A Review,e5e2825a-81cd-4497-8b78-a2677add0a48,W1980835470,High‐Performance NO 2 Sensors Based on Chemically Modified Graphene,"frozen normalized_json.metadata.referenced_work_ids; source-reported citation, not technical support"
D038,6a675d0d-8256-4c8f-b2ae-7c95c1bcabf8,W2799657301,3D Architectured Graphene/Metal Oxide Hybrids for Gas Sensors: A Review,2dab9e82-5d29-40da-b093-b12b1fbde4da,W2076475450,Graphene-based gas sensors,"frozen normalized_json.metadata.referenced_work_ids; source-reported citation, not technical support"
D038,6a675d0d-8256-4c8f-b2ae-7c95c1bcabf8,W2799657301,3D Architectured Graphene/Metal Oxide Hybrids for Gas Sensors: A Review,bfcae593-3cf3-42fd-971a-5521c706cabe,W2105031224,Facile synthesis of novel 3D nanoflower-like CuxO/multilayer graphene composites for room temperature NOx gas sensor application,"frozen normalized_json.metadata.referenced_work_ids; source-reported citation, not technical support"
D038,6a675d0d-8256-4c8f-b2ae-7c95c1bcabf8,W2799657301,3D Architectured Graphene/Metal Oxide Hybrids for Gas Sensors: A Review,298b9ec6-547c-4544-ad9b-1d7796ef32c1,W2164878199,Reduced Graphene Oxide Conjugated Cu2O Nanowire Mesocrystals for High-Performance NO2 Gas Sensor,"frozen normalized_json.metadata.referenced_work_ids; source-reported citation, not technical support"
D038,6a675d0d-8256-4c8f-b2ae-7c95c1bcabf8,W2799657301,3D Architectured Graphene/Metal Oxide Hybrids for Gas Sensors: A Review,60564d96-782a-4b13-a6ba-e3cd057dbdba,W2333216006,Graphene-Based Chemical Sensors,"frozen normalized_json.metadata.referenced_work_ids; source-reported citation, not technical support"
D038,6a675d0d-8256-4c8f-b2ae-7c95c1bcabf8,W2799657301,3D Architectured Graphene/Metal Oxide Hybrids for Gas Sensors: A Review,b102c67e-e167-49c6-a3cf-5c14d31d8fc1,W2738950220,Highly sensitive and rapidly responding room-temperature NO2 gas sensors based on WO3 nanorods/sulfonated graphene nanocomposites,"frozen normalized_json.metadata.referenced_work_ids; source-reported citation, not technical support"
D038,6a675d0d-8256-4c8f-b2ae-7c95c1bcabf8,W2799657301,3D Architectured Graphene/Metal Oxide Hybrids for Gas Sensors: A Review,95ad40b5-46f9-4654-bdd2-96e396478d6c,W2752122312,Flexible Graphene-Based Wearable Gas and Chemical Sensors,"frozen normalized_json.metadata.referenced_work_ids; source-reported citation, not technical support"
D039,6f1fea7f-0d19-4f8a-99cc-842e0fa30c78,W2898341701,"2D Materials for Gas Sensing Applications: A Review on Graphene Oxide, MoS2, WS2 and Phosphorene",c99f8fc3-6f01-4bf4-bc00-933bbeda27f9,W1988620898,Phosphorene as a Superior Gas Sensor: Selective Adsorption and Distinct I – V Response,"frozen normalized_json.metadata.referenced_work_ids; source-reported citation, not technical support"
D039,6f1fea7f-0d19-4f8a-99cc-842e0fa30c78,W2898341701,"2D Materials for Gas Sensing Applications: A Review on Graphene Oxide, MoS2, WS2 and Phosphorene",1012c1e5-ed99-4e3a-ba11-ac77cc359a2e,W1996257604,Highly aligned SnO2 nanorods on graphene sheets for gas sensors,"frozen normalized_json.metadata.referenced_work_ids; source-reported citation, not technical support"
D039,6f1fea7f-0d19-4f8a-99cc-842e0fa30c78,W2898341701,"2D Materials for Gas Sensing Applications: A Review on Graphene Oxide, MoS2, WS2 and Phosphorene",99232d89-6fe1-4045-b661-0e1203a448d8,W2003522292,A Highly Sensitive Hydrogen Sensor with Gas Selectivity Using a PMMA Membrane-Coated Pd Nanoparticle/Single-Layer Graphene Hybrid,"frozen normalized_json.metadata.referenced_work_ids; source-reported citation, not technical support"
D039,6f1fea7f-0d19-4f8a-99cc-842e0fa30c78,W2898341701,"2D Materials for Gas Sensing Applications: A Review on Graphene Oxide, MoS2, WS2 and Phosphorene",f1c4d560-678f-4ead-af98-f670b31ac562,W2017626781,Highly Sensitive and Selective Gas Sensor Using Hydrophilic and Hydrophobic Graphenes,"frozen normalized_json.metadata.referenced_work_ids; source-reported citation, not technical support"
D039,6f1fea7f-0d19-4f8a-99cc-842e0fa30c78,W2898341701,"2D Materials for Gas Sensing Applications: A Review on Graphene Oxide, MoS2, WS2 and Phosphorene",8f9fc5ae-0c9f-466e-96e6-7a1af0a80a87,W2041858177,"Adsorption of H 2 O , N H 3 , CO, N O 2 , and NO on graphene: A first-principles study","frozen normalized_json.metadata.referenced_work_ids; source-reported citation, not technical support"
D039,6f1fea7f-0d19-4f8a-99cc-842e0fa30c78,W2898341701,"2D Materials for Gas Sensing Applications: A Review on Graphene Oxide, MoS2, WS2 and Phosphorene",a699dfba-8207-41f9-a491-43a360e40cd9,W2083254069,High sensitive formaldehyde graphene gas sensor modified by atomic layer deposition zinc oxide films,"frozen normalized_json.metadata.referenced_work_ids; source-reported citation, not technical support"
D039,6f1fea7f-0d19-4f8a-99cc-842e0fa30c78,W2898341701,"2D Materials for Gas Sensing Applications: A Review on Graphene Oxide, MoS2, WS2 and Phosphorene",bfcae593-3cf3-42fd-971a-5521c706cabe,W2105031224,Facile synthesis of novel 3D nanoflower-like CuxO/multilayer graphene composites for room temperature NOx gas sensor application,"frozen normalized_json.metadata.referenced_work_ids; source-reported citation, not technical support"
D039,6f1fea7f-0d19-4f8a-99cc-842e0fa30c78,W2898341701,"2D Materials for Gas Sensing Applications: A Review on Graphene Oxide, MoS2, WS2 and Phosphorene",7f51377e-2cb1-46a3-9bff-19b03dd7f25b,W2116442239,Properties of graphene: a theoretical perspective,"frozen normalized_json.metadata.referenced_work_ids; source-reported citation, not technical support"
D039,6f1fea7f-0d19-4f8a-99cc-842e0fa30c78,W2898341701,"2D Materials for Gas Sensing Applications: A Review on Graphene Oxide, MoS2, WS2 and Phosphorene",895f3ff1-5a2d-4c4f-b146-bfa105dd2639,W2127824358,Reduced graphene oxide for room-temperature gas sensors,"frozen normalized_json.metadata.referenced_work_ids; source-reported citation, not technical support"
D039,6f1fea7f-0d19-4f8a-99cc-842e0fa30c78,W2898341701,"2D Materials for Gas Sensing Applications: A Review on Graphene Oxide, MoS2, WS2 and Phosphorene",704d0fb4-dc04-4a88-ab73-ab9204758f98,W2144690954,Ammonia gas sensors based on chemically reduced graphene oxide sheets self-assembled on Au electrodes,"frozen normalized_json.metadata.referenced_work_ids; source-reported citation, not technical support"
D039,6f1fea7f-0d19-4f8a-99cc-842e0fa30c78,W2898341701,"2D Materials for Gas Sensing Applications: A Review on Graphene Oxide, MoS2, WS2 and Phosphorene",298b9ec6-547c-4544-ad9b-1d7796ef32c1,W2164878199,Reduced Graphene Oxide Conjugated Cu2O Nanowire Mesocrystals for High-Performance NO2 Gas Sensor,"frozen normalized_json.metadata.referenced_work_ids; source-reported citation, not technical support"
D039,6f1fea7f-0d19-4f8a-99cc-842e0fa30c78,W2898341701,"2D Materials for Gas Sensing Applications: A Review on Graphene Oxide, MoS2, WS2 and Phosphorene",88e8a18b-f7b8-4366-9ffc-ffbc1655b882,W2285979304,Sensitive Room-Temperature H2S Gas Sensors Employing SnO2 Quantum Wire/Reduced Graphene Oxide Nanocomposites,"frozen normalized_json.metadata.referenced_work_ids; source-reported citation, not technical support"
D039,6f1fea7f-0d19-4f8a-99cc-842e0fa30c78,W2898341701,"2D Materials for Gas Sensing Applications: A Review on Graphene Oxide, MoS2, WS2 and Phosphorene",218cb72e-a7df-4303-9d9e-e374b6e450d7,W2318335082,Reduced graphene oxide/ZnO nanocomposite for application in chemical gas sensors,"frozen normalized_json.metadata.referenced_work_ids; source-reported citation, not technical support"
D039,6f1fea7f-0d19-4f8a-99cc-842e0fa30c78,W2898341701,"2D Materials for Gas Sensing Applications: A Review on Graphene Oxide, MoS2, WS2 and Phosphorene",2860ed7f-a2a8-4e76-9250-e3558d092f23,W2616686898,Gas sensing in 2D materials,"frozen normalized_json.metadata.referenced_work_ids; source-reported citation, not technical support"
D040,704d0fb4-dc04-4a88-ab73-ab9204758f98,W2144690954,Ammonia gas sensors based on chemically reduced graphene oxide sheets self-assembled on Au electrodes,dfbf11ae-d233-47e1-bfbf-505e8c2d0594,W1980451576,Toward Ubiquitous Environmental Gas Sensors—Capitalizing on the Promise of Graphene,"frozen normalized_json.metadata.referenced_work_ids; source-reported citation, not technical support"
D040,704d0fb4-dc04-4a88-ab73-ab9204758f98,W2144690954,Ammonia gas sensors based on chemically reduced graphene oxide sheets self-assembled on Au electrodes,e5e2825a-81cd-4497-8b78-a2677add0a48,W1980835470,High‐Performance NO 2 Sensors Based on Chemically Modified Graphene,"frozen normalized_json.metadata.referenced_work_ids; source-reported citation, not technical support"
D040,704d0fb4-dc04-4a88-ab73-ab9204758f98,W2144690954,Ammonia gas sensors based on chemically reduced graphene oxide sheets self-assembled on Au electrodes,ef6d522b-b248-4438-abae-289b176b9968,W1997462942,High Sensitivity Gas Detection Using a Macroscopic Three-Dimensional Graphene Foam Network,"frozen normalized_json.metadata.referenced_work_ids; source-reported citation, not technical support"
D040,704d0fb4-dc04-4a88-ab73-ab9204758f98,W2144690954,Ammonia gas sensors based on chemically reduced graphene oxide sheets self-assembled on Au electrodes,64a8690b-db4c-44ec-bd4a-926f3afabbb1,W2031873156,Graphene sheets decorated with SnO2 nanoparticles: in situ synthesis and highly efficient materials for cataluminescence gas sensors,"frozen normalized_json.metadata.referenced_work_ids; source-reported citation, not technical support"
D040,704d0fb4-dc04-4a88-ab73-ab9204758f98,W2144690954,Ammonia gas sensors based on chemically reduced graphene oxide sheets self-assembled on Au electrodes,2dab9e82-5d29-40da-b093-b12b1fbde4da,W2076475450,Graphene-based gas sensors,"frozen normalized_json.metadata.referenced_work_ids; source-reported citation, not technical support"
D040,704d0fb4-dc04-4a88-ab73-ab9204758f98,W2144690954,Ammonia gas sensors based on chemically reduced graphene oxide sheets self-assembled on Au electrodes,87775318-a9f1-457c-891c-6d910ac56175,W2088861830,Flexible room-temperature NO2 gas sensors based on carbon nanotubes/reduced graphene hybrid films,"frozen normalized_json.metadata.referenced_work_ids; source-reported citation, not technical support"
D041,70b57363-3591-4f4b-a1a9-d0f8987b6b80,W2178763567,A Review on Graphene-Based Gas/Vapor Sensors with Unique Properties and Potential Applications,3c6c7dee-038f-4e1a-a3be-1f829a96ebdd,W1919056245,Hydrogen gas sensor based on metal oxide nanoparticles decorated graphene transistor,"frozen normalized_json.metadata.referenced_work_ids; source-reported citation, not technical support"
D041,70b57363-3591-4f4b-a1a9-d0f8987b6b80,W2178763567,A Review on Graphene-Based Gas/Vapor Sensors with Unique Properties and Potential Applications,ef6d522b-b248-4438-abae-289b176b9968,W1997462942,High Sensitivity Gas Detection Using a Macroscopic Three-Dimensional Graphene Foam Network,"frozen normalized_json.metadata.referenced_work_ids; source-reported citation, not technical support"
D041,70b57363-3591-4f4b-a1a9-d0f8987b6b80,W2178763567,A Review on Graphene-Based Gas/Vapor Sensors with Unique Properties and Potential Applications,99232d89-6fe1-4045-b661-0e1203a448d8,W2003522292,A Highly Sensitive Hydrogen Sensor with Gas Selectivity Using a PMMA Membrane-Coated Pd Nanoparticle/Single-Layer Graphene Hybrid,"frozen normalized_json.metadata.referenced_work_ids; source-reported citation, not technical support"
D041,70b57363-3591-4f4b-a1a9-d0f8987b6b80,W2178763567,A Review on Graphene-Based Gas/Vapor Sensors with Unique Properties and Potential Applications,f7baaf79-a130-4329-9f84-6d80e77835a2,W2008068390,Graphene/mica based ammonia gas sensors,"frozen normalized_json.metadata.referenced_work_ids; source-reported citation, not technical support"
D041,70b57363-3591-4f4b-a1a9-d0f8987b6b80,W2178763567,A Review on Graphene-Based Gas/Vapor Sensors with Unique Properties and Potential Applications,64a8690b-db4c-44ec-bd4a-926f3afabbb1,W2031873156,Graphene sheets decorated with SnO2 nanoparticles: in situ synthesis and highly efficient materials for cataluminescence gas sensors,"frozen normalized_json.metadata.referenced_work_ids; source-reported citation, not technical support"
D041,70b57363-3591-4f4b-a1a9-d0f8987b6b80,W2178763567,A Review on Graphene-Based Gas/Vapor Sensors with Unique Properties and Potential Applications,a5c41f35-df49-4f31-95dd-394405e4c276,W2038843379,Ultrafast and sensitive room temperature NH3 gas sensors based on chemically reduced graphene oxide,"frozen normalized_json.metadata.referenced_work_ids; source-reported citation, not technical support"
D041,70b57363-3591-4f4b-a1a9-d0f8987b6b80,W2178763567,A Review on Graphene-Based Gas/Vapor Sensors with Unique Properties and Potential Applications,2dab9e82-5d29-40da-b093-b12b1fbde4da,W2076475450,Graphene-based gas sensors,"frozen normalized_json.metadata.referenced_work_ids; source-reported citation, not technical support"
D041,70b57363-3591-4f4b-a1a9-d0f8987b6b80,W2178763567,A Review on Graphene-Based Gas/Vapor Sensors with Unique Properties and Potential Applications,895f3ff1-5a2d-4c4f-b146-bfa105dd2639,W2127824358,Reduced graphene oxide for room-temperature gas sensors,"frozen normalized_json.metadata.referenced_work_ids; source-reported citation, not technical support"
D041,70b57363-3591-4f4b-a1a9-d0f8987b6b80,W2178763567,A Review on Graphene-Based Gas/Vapor Sensors with Unique Properties and Potential Applications,704d0fb4-dc04-4a88-ab73-ab9204758f98,W2144690954,Ammonia gas sensors based on chemically reduced graphene oxide sheets self-assembled on Au electrodes,"frozen normalized_json.metadata.referenced_work_ids; source-reported citation, not technical support"
D041,70b57363-3591-4f4b-a1a9-d0f8987b6b80,W2178763567,A Review on Graphene-Based Gas/Vapor Sensors with Unique Properties and Potential Applications,298b9ec6-547c-4544-ad9b-1d7796ef32c1,W2164878199,Reduced Graphene Oxide Conjugated Cu2O Nanowire Mesocrystals for High-Performance NO2 Gas Sensor,"frozen normalized_json.metadata.referenced_work_ids; source-reported citation, not technical support"
D041,70b57363-3591-4f4b-a1a9-d0f8987b6b80,W2178763567,A Review on Graphene-Based Gas/Vapor Sensors with Unique Properties and Potential Applications,e6844a28-6617-497a-bbdb-62545365b18d,W2169503583,Nanostructured Pt decorated graphene and multi walled carbon nanotube based room temperature hydrogen gas sensor,"frozen normalized_json.metadata.referenced_work_ids; source-reported citation, not technical support"
D041,70b57363-3591-4f4b-a1a9-d0f8987b6b80,W2178763567,A Review on Graphene-Based Gas/Vapor Sensors with Unique Properties and Potential Applications,7c663f65-65c2-4e27-8840-bf5bdb960cb0,W2258216339,Ultrasensitive and Highly Selective Graphene-Based Single Yarn for Use in Wearable Gas Sensor,"frozen normalized_json.metadata.referenced_work_ids; source-reported citation, not technical support"
D042,75f1a531-496e-44ff-9a26-97fd0b24dd90,W3080164955,Pt-doped armchair graphene nanoribbon as a promising gas sensor for CO and CO2: DFT study,7b462286-ce94-41ea-b031-543d6aaef0f2,W1982563532,"Gas adsorption on graphene doped with B, N, Al, and S: A theoretical study","frozen normalized_json.metadata.referenced_work_ids; source-reported citation, not technical support"
D042,75f1a531-496e-44ff-9a26-97fd0b24dd90,W3080164955,Pt-doped armchair graphene nanoribbon as a promising gas sensor for CO and CO2: DFT study,ea87c55e-72ef-439c-aa6b-7285edc49095,W1994481181,Improving gas sensing properties of graphene by introducing dopants and defects: a first-principles study,"frozen normalized_json.metadata.referenced_work_ids; source-reported citation, not technical support"
D042,75f1a531-496e-44ff-9a26-97fd0b24dd90,W3080164955,Pt-doped armchair graphene nanoribbon as a promising gas sensor for CO and CO2: DFT study,8f9fc5ae-0c9f-466e-96e6-7a1af0a80a87,W2041858177,"Adsorption of H 2 O , N H 3 , CO, N O 2 , and NO on graphene: A first-principles study","frozen normalized_json.metadata.referenced_work_ids; source-reported citation, not technical support"
D042,75f1a531-496e-44ff-9a26-97fd0b24dd90,W3080164955,Pt-doped armchair graphene nanoribbon as a promising gas sensor for CO and CO2: DFT study,2fffa4e2-bc98-4639-a657-e9071f8d65f8,W2060512241,Adsorption of Gas Molecules on Graphene Nanoribbons and Its Implication for Nanoscale Molecule Sensor,"frozen normalized_json.metadata.referenced_work_ids; source-reported citation, not technical support"
D043,7ab3543e-3bdf-4320-880f-3590b26aa4b6,W3109385342,"Semiconductor Gas Sensors: Materials, Technology, Design, and Application",895f3ff1-5a2d-4c4f-b146-bfa105dd2639,W2127824358,Reduced graphene oxide for room-temperature gas sensors,"frozen normalized_json.metadata.referenced_work_ids; source-reported citation, not technical support"
D043,7ab3543e-3bdf-4320-880f-3590b26aa4b6,W3109385342,"Semiconductor Gas Sensors: Materials, Technology, Design, and Application",6f1fea7f-0d19-4f8a-99cc-842e0fa30c78,W2898341701,"2D Materials for Gas Sensing Applications: A Review on Graphene Oxide, MoS2, WS2 and Phosphorene","frozen normalized_json.metadata.referenced_work_ids; source-reported citation, not technical support"
D044,7b42a401-891b-48e3-a681-bd9e3f5fd8cb,W2407642170,Hierarchical graphene–polyaniline nanocomposite films for high-performance flexible electronic gas sensors,e5e2825a-81cd-4497-8b78-a2677add0a48,W1980835470,High‐Performance NO 2 Sensors Based on Chemically Modified Graphene,"frozen normalized_json.metadata.referenced_work_ids; source-reported citation, not technical support"
D044,7b42a401-891b-48e3-a681-bd9e3f5fd8cb,W2407642170,Hierarchical graphene–polyaniline nanocomposite films for high-performance flexible electronic gas sensors,298b9ec6-547c-4544-ad9b-1d7796ef32c1,W2164878199,Reduced Graphene Oxide Conjugated Cu2O Nanowire Mesocrystals for High-Performance NO2 Gas Sensor,"frozen normalized_json.metadata.referenced_work_ids; source-reported citation, not technical support"
D045,7b462286-ce94-41ea-b031-543d6aaef0f2,W1982563532,"Gas adsorption on graphene doped with B, N, Al, and S: A theoretical study",ea87c55e-72ef-439c-aa6b-7285edc49095,W1994481181,Improving gas sensing properties of graphene by introducing dopants and defects: a first-principles study,"frozen normalized_json.metadata.referenced_work_ids; source-reported citation, not technical support"
D045,7b462286-ce94-41ea-b031-543d6aaef0f2,W1982563532,"Gas adsorption on graphene doped with B, N, Al, and S: A theoretical study",8f9fc5ae-0c9f-466e-96e6-7a1af0a80a87,W2041858177,"Adsorption of H 2 O , N H 3 , CO, N O 2 , and NO on graphene: A first-principles study","frozen normalized_json.metadata.referenced_work_ids; source-reported citation, not technical support"
D045,7b462286-ce94-41ea-b031-543d6aaef0f2,W1982563532,"Gas adsorption on graphene doped with B, N, Al, and S: A theoretical study",c04f97a5-b941-4257-b74f-721faa94e982,W2161928223,Molecular Doping of Graphene,"frozen normalized_json.metadata.referenced_work_ids; source-reported citation, not technical support"
D046,7c4e84e8-09c5-4150-849e-7a21493a18db,W2900239789,Graphene-enhanced metal oxide gas sensors at room temperature: a review,ef6d522b-b248-4438-abae-289b176b9968,W1997462942,High Sensitivity Gas Detection Using a Macroscopic Three-Dimensional Graphene Foam Network,"frozen normalized_json.metadata.referenced_work_ids; source-reported citation, not technical support"
D046,7c4e84e8-09c5-4150-849e-7a21493a18db,W2900239789,Graphene-enhanced metal oxide gas sensors at room temperature: a review,a5c41f35-df49-4f31-95dd-394405e4c276,W2038843379,Ultrafast and sensitive room temperature NH3 gas sensors based on chemically reduced graphene oxide,"frozen normalized_json.metadata.referenced_work_ids; source-reported citation, not technical support"
D046,7c4e84e8-09c5-4150-849e-7a21493a18db,W2900239789,Graphene-enhanced metal oxide gas sensors at room temperature: a review,a699dfba-8207-41f9-a491-43a360e40cd9,W2083254069,High sensitive formaldehyde graphene gas sensor modified by atomic layer deposition zinc oxide films,"frozen normalized_json.metadata.referenced_work_ids; source-reported citation, not technical support"
D046,7c4e84e8-09c5-4150-849e-7a21493a18db,W2900239789,Graphene-enhanced metal oxide gas sensors at room temperature: a review,bfcae593-3cf3-42fd-971a-5521c706cabe,W2105031224,Facile synthesis of novel 3D nanoflower-like CuxO/multilayer graphene composites for room temperature NOx gas sensor application,"frozen normalized_json.metadata.referenced_work_ids; source-reported citation, not technical support"
D046,7c4e84e8-09c5-4150-849e-7a21493a18db,W2900239789,Graphene-enhanced metal oxide gas sensors at room temperature: a review,895f3ff1-5a2d-4c4f-b146-bfa105dd2639,W2127824358,Reduced graphene oxide for room-temperature gas sensors,"frozen normalized_json.metadata.referenced_work_ids; source-reported citation, not technical support"
D046,7c4e84e8-09c5-4150-849e-7a21493a18db,W2900239789,Graphene-enhanced metal oxide gas sensors at room temperature: a review,c4a02758-57a8-4f3c-9191-6281afef84fe,W2131332085,"ZnO nanorods on reduced graphene sheets with excellent field emission, gas sensor and photocatalytic properties","frozen normalized_json.metadata.referenced_work_ids; source-reported citation, not technical support"
D047,7c663f65-65c2-4e27-8840-bf5bdb960cb0,W2258216339,Ultrasensitive and Highly Selective Graphene-Based Single Yarn for Use in Wearable Gas Sensor,ef6d522b-b248-4438-abae-289b176b9968,W1997462942,High Sensitivity Gas Detection Using a Macroscopic Three-Dimensional Graphene Foam Network,"frozen normalized_json.metadata.referenced_work_ids; source-reported citation, not technical support"
D047,7c663f65-65c2-4e27-8840-bf5bdb960cb0,W2258216339,Ultrasensitive and Highly Selective Graphene-Based Single Yarn for Use in Wearable Gas Sensor,2dab9e82-5d29-40da-b093-b12b1fbde4da,W2076475450,Graphene-based gas sensors,"frozen normalized_json.metadata.referenced_work_ids; source-reported citation, not technical support"
D047,7c663f65-65c2-4e27-8840-bf5bdb960cb0,W2258216339,Ultrasensitive and Highly Selective Graphene-Based Single Yarn for Use in Wearable Gas Sensor,0cecfdbe-d7a2-44cc-9362-c5c413dcc46d,W2088509039,A 3D scaffold for ultra-sensitive reduced graphene oxide gas sensors,"frozen normalized_json.metadata.referenced_work_ids; source-reported citation, not technical support"
D047,7c663f65-65c2-4e27-8840-bf5bdb960cb0,W2258216339,Ultrasensitive and Highly Selective Graphene-Based Single Yarn for Use in Wearable Gas Sensor,87775318-a9f1-457c-891c-6d910ac56175,W2088861830,Flexible room-temperature NO2 gas sensors based on carbon nanotubes/reduced graphene hybrid films,"frozen normalized_json.metadata.referenced_work_ids; source-reported citation, not technical support"
D048,7e8119f4-3272-488b-a741-a7b4abb14a69,W2024227324,"Science and technology roadmap for graphene, related two-dimensional crystals, and hybrid systems",dfbf11ae-d233-47e1-bfbf-505e8c2d0594,W1980451576,Toward Ubiquitous Environmental Gas Sensors—Capitalizing on the Promise of Graphene,"frozen normalized_json.metadata.referenced_work_ids; source-reported citation, not technical support"
D048,7e8119f4-3272-488b-a741-a7b4abb14a69,W2024227324,"Science and technology roadmap for graphene, related two-dimensional crystals, and hybrid systems",1217ad37-8d52-447f-bf53-7b61ce059613,W2056355037,Graphene Oxide Dispersions in Organic Solvents,"frozen normalized_json.metadata.referenced_work_ids; source-reported citation, not technical support"
D048,7e8119f4-3272-488b-a741-a7b4abb14a69,W2024227324,"Science and technology roadmap for graphene, related two-dimensional crystals, and hybrid systems",87775318-a9f1-457c-891c-6d910ac56175,W2088861830,Flexible room-temperature NO2 gas sensors based on carbon nanotubes/reduced graphene hybrid films,"frozen normalized_json.metadata.referenced_work_ids; source-reported citation, not technical support"
D048,7e8119f4-3272-488b-a741-a7b4abb14a69,W2024227324,"Science and technology roadmap for graphene, related two-dimensional crystals, and hybrid systems",3263deed-de40-4cc0-bf0f-e980647f6535,W2138183388,Biological and chemical sensors based on graphene materials,"frozen normalized_json.metadata.referenced_work_ids; source-reported citation, not technical support"
D048,7e8119f4-3272-488b-a741-a7b4abb14a69,W2024227324,"Science and technology roadmap for graphene, related two-dimensional crystals, and hybrid systems",c04f97a5-b941-4257-b74f-721faa94e982,W2161928223,Molecular Doping of Graphene,"frozen normalized_json.metadata.referenced_work_ids; source-reported citation, not technical support"
D048,7e8119f4-3272-488b-a741-a7b4abb14a69,W2024227324,"Science and technology roadmap for graphene, related two-dimensional crystals, and hybrid systems",8d2f77a0-7e7c-45f8-a36e-7be49395ee43,W2169767991,Graphene: carbon in two dimensions,"frozen normalized_json.metadata.referenced_work_ids; source-reported citation, not technical support"
D048,7e8119f4-3272-488b-a741-a7b4abb14a69,W2024227324,"Science and technology roadmap for graphene, related two-dimensional crystals, and hybrid systems",e4a11c17-4a02-4845-9887-a6d113174d38,W2335496883,Graphene Nanomesh As Highly Sensitive Chemiresistor Gas Sensor,"frozen normalized_json.metadata.referenced_work_ids; source-reported citation, not technical support"
D049,7f51377e-2cb1-46a3-9bff-19b03dd7f25b,W2116442239,Properties of graphene: a theoretical perspective,7b462286-ce94-41ea-b031-543d6aaef0f2,W1982563532,"Gas adsorption on graphene doped with B, N, Al, and S: A theoretical study","frozen normalized_json.metadata.referenced_work_ids; source-reported citation, not technical support"
D049,7f51377e-2cb1-46a3-9bff-19b03dd7f25b,W2116442239,Properties of graphene: a theoretical perspective,ea87c55e-72ef-439c-aa6b-7285edc49095,W1994481181,Improving gas sensing properties of graphene by introducing dopants and defects: a first-principles study,"frozen normalized_json.metadata.referenced_work_ids; source-reported citation, not technical support"
D049,7f51377e-2cb1-46a3-9bff-19b03dd7f25b,W2116442239,Properties of graphene: a theoretical perspective,8f9fc5ae-0c9f-466e-96e6-7a1af0a80a87,W2041858177,"Adsorption of H 2 O , N H 3 , CO, N O 2 , and NO on graphene: A first-principles study","frozen normalized_json.metadata.referenced_work_ids; source-reported citation, not technical support"
D049,7f51377e-2cb1-46a3-9bff-19b03dd7f25b,W2116442239,Properties of graphene: a theoretical perspective,2fffa4e2-bc98-4639-a657-e9071f8d65f8,W2060512241,Adsorption of Gas Molecules on Graphene Nanoribbons and Its Implication for Nanoscale Molecule Sensor,"frozen normalized_json.metadata.referenced_work_ids; source-reported citation, not technical support"
D049,7f51377e-2cb1-46a3-9bff-19b03dd7f25b,W2116442239,Properties of graphene: a theoretical perspective,c04f97a5-b941-4257-b74f-721faa94e982,W2161928223,Molecular Doping of Graphene,"frozen normalized_json.metadata.referenced_work_ids; source-reported citation, not technical support"
D049,7f51377e-2cb1-46a3-9bff-19b03dd7f25b,W2116442239,Properties of graphene: a theoretical perspective,8d2f77a0-7e7c-45f8-a36e-7be49395ee43,W2169767991,Graphene: carbon in two dimensions,"frozen normalized_json.metadata.referenced_work_ids; source-reported citation, not technical support"
D050,87775318-a9f1-457c-891c-6d910ac56175,W2088861830,Flexible room-temperature NO2 gas sensors based on carbon nanotubes/reduced graphene hybrid films,895f3ff1-5a2d-4c4f-b146-bfa105dd2639,W2127824358,Reduced graphene oxide for room-temperature gas sensors,"frozen normalized_json.metadata.referenced_work_ids; source-reported citation, not technical support"
D051,878586e5-bf5c-4fcf-91db-5c64bb999ec8,W2736441330,Mechanical properties of graphene and graphene-based nanocomposites,1217ad37-8d52-447f-bf53-7b61ce059613,W2056355037,Graphene Oxide Dispersions in Organic Solvents,"frozen normalized_json.metadata.referenced_work_ids; source-reported citation, not technical support"
D052,88e8a18b-f7b8-4366-9ffc-ffbc1655b882,W2285979304,Sensitive Room-Temperature H2S Gas Sensors Employing SnO2 Quantum Wire/Reduced Graphene Oxide Nanocomposites,298b9ec6-547c-4544-ad9b-1d7796ef32c1,W2164878199,Reduced Graphene Oxide Conjugated Cu2O Nanowire Mesocrystals for High-Performance NO2 Gas Sensor,"frozen normalized_json.metadata.referenced_work_ids; source-reported citation, not technical support"
D053,895f3ff1-5a2d-4c4f-b146-bfa105dd2639,W2127824358,Reduced graphene oxide for room-temperature gas sensors,8f9fc5ae-0c9f-466e-96e6-7a1af0a80a87,W2041858177,"Adsorption of H 2 O , N H 3 , CO, N O 2 , and NO on graphene: A first-principles study","frozen normalized_json.metadata.referenced_work_ids; source-reported citation, not technical support"
D054,8a635573-0311-4947-85e8-fc9dfee4ef43,W2761284455,3D integrated monolayer graphene–Si CMOS RF gas sensor platform,8f9fc5ae-0c9f-466e-96e6-7a1af0a80a87,W2041858177,"Adsorption of H 2 O , N H 3 , CO, N O 2 , and NO on graphene: A first-principles study","frozen normalized_json.metadata.referenced_work_ids; source-reported citation, not technical support"
D054,8a635573-0311-4947-85e8-fc9dfee4ef43,W2761284455,3D integrated monolayer graphene–Si CMOS RF gas sensor platform,c04f97a5-b941-4257-b74f-721faa94e982,W2161928223,Molecular Doping of Graphene,"frozen normalized_json.metadata.referenced_work_ids; source-reported citation, not technical support"
D054,8a635573-0311-4947-85e8-fc9dfee4ef43,W2761284455,3D integrated monolayer graphene–Si CMOS RF gas sensor platform,70b57363-3591-4f4b-a1a9-d0f8987b6b80,W2178763567,A Review on Graphene-Based Gas/Vapor Sensors with Unique Properties and Potential Applications,"frozen normalized_json.metadata.referenced_work_ids; source-reported citation, not technical support"
D054,8a635573-0311-4947-85e8-fc9dfee4ef43,W2761284455,3D integrated monolayer graphene–Si CMOS RF gas sensor platform,96575fc6-1212-4cb1-889f-179dd9515854,W2284579279,Enhanced sensitivity of graphene ammonia gas sensors using molecular doping,"frozen normalized_json.metadata.referenced_work_ids; source-reported citation, not technical support"
D056,8f9fc5ae-0c9f-466e-96e6-7a1af0a80a87,W2041858177,"Adsorption of H 2 O , N H 3 , CO, N O 2 , and NO on graphene: A first-principles study",c04f97a5-b941-4257-b74f-721faa94e982,W2161928223,Molecular Doping of Graphene,"frozen normalized_json.metadata.referenced_work_ids; source-reported citation, not technical support"
D057,92b288c5-a152-43a5-9faa-6d235ae9afb7,W2082723121,High sensitive quasi freestanding epitaxial graphene gas sensor on 6H-SiC,ef6d522b-b248-4438-abae-289b176b9968,W1997462942,High Sensitivity Gas Detection Using a Macroscopic Three-Dimensional Graphene Foam Network,"frozen normalized_json.metadata.referenced_work_ids; source-reported citation, not technical support"
D057,92b288c5-a152-43a5-9faa-6d235ae9afb7,W2082723121,High sensitive quasi freestanding epitaxial graphene gas sensor on 6H-SiC,8f9fc5ae-0c9f-466e-96e6-7a1af0a80a87,W2041858177,"Adsorption of H 2 O , N H 3 , CO, N O 2 , and NO on graphene: A first-principles study","frozen normalized_json.metadata.referenced_work_ids; source-reported citation, not technical support"
D057,92b288c5-a152-43a5-9faa-6d235ae9afb7,W2082723121,High sensitive quasi freestanding epitaxial graphene gas sensor on 6H-SiC,e4a11c17-4a02-4845-9887-a6d113174d38,W2335496883,Graphene Nanomesh As Highly Sensitive Chemiresistor Gas Sensor,"frozen normalized_json.metadata.referenced_work_ids; source-reported citation, not technical support"
D058,95ad40b5-46f9-4654-bdd2-96e396478d6c,W2752122312,Flexible Graphene-Based Wearable Gas and Chemical Sensors,156b15bb-dbd9-4d9d-a871-3c46ae7d5515,W1276751773,Self-Activated Transparent All-Graphene Gas Sensor with Endurance to Humidity and Mechanical Bending,"frozen normalized_json.metadata.referenced_work_ids; source-reported citation, not technical support"
D058,95ad40b5-46f9-4654-bdd2-96e396478d6c,W2752122312,Flexible Graphene-Based Wearable Gas and Chemical Sensors,3c6c7dee-038f-4e1a-a3be-1f829a96ebdd,W1919056245,Hydrogen gas sensor based on metal oxide nanoparticles decorated graphene transistor,"frozen normalized_json.metadata.referenced_work_ids; source-reported citation, not technical support"
D058,95ad40b5-46f9-4654-bdd2-96e396478d6c,W2752122312,Flexible Graphene-Based Wearable Gas and Chemical Sensors,dfbf11ae-d233-47e1-bfbf-505e8c2d0594,W1980451576,Toward Ubiquitous Environmental Gas Sensors—Capitalizing on the Promise of Graphene,"frozen normalized_json.metadata.referenced_work_ids; source-reported citation, not technical support"
D058,95ad40b5-46f9-4654-bdd2-96e396478d6c,W2752122312,Flexible Graphene-Based Wearable Gas and Chemical Sensors,5df9a10b-804f-4bac-accb-a23fd2e2d2e0,W1981902104,Graphene-based gas sensor: metal decoration effect and application to a flexible device,"frozen normalized_json.metadata.referenced_work_ids; source-reported citation, not technical support"
D058,95ad40b5-46f9-4654-bdd2-96e396478d6c,W2752122312,Flexible Graphene-Based Wearable Gas and Chemical Sensors,1012c1e5-ed99-4e3a-ba11-ac77cc359a2e,W1996257604,Highly aligned SnO2 nanorods on graphene sheets for gas sensors,"frozen normalized_json.metadata.referenced_work_ids; source-reported citation, not technical support"
D058,95ad40b5-46f9-4654-bdd2-96e396478d6c,W2752122312,Flexible Graphene-Based Wearable Gas and Chemical Sensors,fd94b094-5144-4e96-acd5-de555c2bb84a,W1999206703,Flexible and Transparent Gas Molecule Sensor Integrated with Sensing and Heating Graphene Layers,"frozen normalized_json.metadata.referenced_work_ids; source-reported citation, not technical support"
D058,95ad40b5-46f9-4654-bdd2-96e396478d6c,W2752122312,Flexible Graphene-Based Wearable Gas and Chemical Sensors,f7baaf79-a130-4329-9f84-6d80e77835a2,W2008068390,Graphene/mica based ammonia gas sensors,"frozen normalized_json.metadata.referenced_work_ids; source-reported citation, not technical support"
D058,95ad40b5-46f9-4654-bdd2-96e396478d6c,W2752122312,Flexible Graphene-Based Wearable Gas and Chemical Sensors,f1c4d560-678f-4ead-af98-f670b31ac562,W2017626781,Highly Sensitive and Selective Gas Sensor Using Hydrophilic and Hydrophobic Graphenes,"frozen normalized_json.metadata.referenced_work_ids; source-reported citation, not technical support"
D058,95ad40b5-46f9-4654-bdd2-96e396478d6c,W2752122312,Flexible Graphene-Based Wearable Gas and Chemical Sensors,64a8690b-db4c-44ec-bd4a-926f3afabbb1,W2031873156,Graphene sheets decorated with SnO2 nanoparticles: in situ synthesis and highly efficient materials for cataluminescence gas sensors,"frozen normalized_json.metadata.referenced_work_ids; source-reported citation, not technical support"
D058,95ad40b5-46f9-4654-bdd2-96e396478d6c,W2752122312,Flexible Graphene-Based Wearable Gas and Chemical Sensors,a5c41f35-df49-4f31-95dd-394405e4c276,W2038843379,Ultrafast and sensitive room temperature NH3 gas sensors based on chemically reduced graphene oxide,"frozen normalized_json.metadata.referenced_work_ids; source-reported citation, not technical support"
D058,95ad40b5-46f9-4654-bdd2-96e396478d6c,W2752122312,Flexible Graphene-Based Wearable Gas and Chemical Sensors,2fffa4e2-bc98-4639-a657-e9071f8d65f8,W2060512241,Adsorption of Gas Molecules on Graphene Nanoribbons and Its Implication for Nanoscale Molecule Sensor,"frozen normalized_json.metadata.referenced_work_ids; source-reported citation, not technical support"
D058,95ad40b5-46f9-4654-bdd2-96e396478d6c,W2752122312,Flexible Graphene-Based Wearable Gas and Chemical Sensors,2dab9e82-5d29-40da-b093-b12b1fbde4da,W2076475450,Graphene-based gas sensors,"frozen normalized_json.metadata.referenced_work_ids; source-reported citation, not technical support"
D058,95ad40b5-46f9-4654-bdd2-96e396478d6c,W2752122312,Flexible Graphene-Based Wearable Gas and Chemical Sensors,87775318-a9f1-457c-891c-6d910ac56175,W2088861830,Flexible room-temperature NO2 gas sensors based on carbon nanotubes/reduced graphene hybrid films,"frozen normalized_json.metadata.referenced_work_ids; source-reported citation, not technical support"
D058,95ad40b5-46f9-4654-bdd2-96e396478d6c,W2752122312,Flexible Graphene-Based Wearable Gas and Chemical Sensors,895f3ff1-5a2d-4c4f-b146-bfa105dd2639,W2127824358,Reduced graphene oxide for room-temperature gas sensors,"frozen normalized_json.metadata.referenced_work_ids; source-reported citation, not technical support"
D058,95ad40b5-46f9-4654-bdd2-96e396478d6c,W2752122312,Flexible Graphene-Based Wearable Gas and Chemical Sensors,3263deed-de40-4cc0-bf0f-e980647f6535,W2138183388,Biological and chemical sensors based on graphene materials,"frozen normalized_json.metadata.referenced_work_ids; source-reported citation, not technical support"
D058,95ad40b5-46f9-4654-bdd2-96e396478d6c,W2752122312,Flexible Graphene-Based Wearable Gas and Chemical Sensors,704d0fb4-dc04-4a88-ab73-ab9204758f98,W2144690954,Ammonia gas sensors based on chemically reduced graphene oxide sheets self-assembled on Au electrodes,"frozen normalized_json.metadata.referenced_work_ids; source-reported citation, not technical support"
D058,95ad40b5-46f9-4654-bdd2-96e396478d6c,W2752122312,Flexible Graphene-Based Wearable Gas and Chemical Sensors,298b9ec6-547c-4544-ad9b-1d7796ef32c1,W2164878199,Reduced Graphene Oxide Conjugated Cu2O Nanowire Mesocrystals for High-Performance NO2 Gas Sensor,"frozen normalized_json.metadata.referenced_work_ids; source-reported citation, not technical support"
D058,95ad40b5-46f9-4654-bdd2-96e396478d6c,W2752122312,Flexible Graphene-Based Wearable Gas and Chemical Sensors,70b57363-3591-4f4b-a1a9-d0f8987b6b80,W2178763567,A Review on Graphene-Based Gas/Vapor Sensors with Unique Properties and Potential Applications,"frozen normalized_json.metadata.referenced_work_ids; source-reported citation, not technical support"
D058,95ad40b5-46f9-4654-bdd2-96e396478d6c,W2752122312,Flexible Graphene-Based Wearable Gas and Chemical Sensors,7c663f65-65c2-4e27-8840-bf5bdb960cb0,W2258216339,Ultrasensitive and Highly Selective Graphene-Based Single Yarn for Use in Wearable Gas Sensor,"frozen normalized_json.metadata.referenced_work_ids; source-reported citation, not technical support"
D058,95ad40b5-46f9-4654-bdd2-96e396478d6c,W2752122312,Flexible Graphene-Based Wearable Gas and Chemical Sensors,96575fc6-1212-4cb1-889f-179dd9515854,W2284579279,Enhanced sensitivity of graphene ammonia gas sensors using molecular doping,"frozen normalized_json.metadata.referenced_work_ids; source-reported citation, not technical support"
D058,95ad40b5-46f9-4654-bdd2-96e396478d6c,W2752122312,Flexible Graphene-Based Wearable Gas and Chemical Sensors,88e8a18b-f7b8-4366-9ffc-ffbc1655b882,W2285979304,Sensitive Room-Temperature H2S Gas Sensors Employing SnO2 Quantum Wire/Reduced Graphene Oxide Nanocomposites,"frozen normalized_json.metadata.referenced_work_ids; source-reported citation, not technical support"
D058,95ad40b5-46f9-4654-bdd2-96e396478d6c,W2752122312,Flexible Graphene-Based Wearable Gas and Chemical Sensors,b5e40c7d-735b-411c-b69b-1cb38751ddb4,W2312656922,Palladium-Decorated Hydrogen-Gas Sensors Using Periodically Aligned Graphene Nanoribbons,"frozen normalized_json.metadata.referenced_work_ids; source-reported citation, not technical support"
D058,95ad40b5-46f9-4654-bdd2-96e396478d6c,W2752122312,Flexible Graphene-Based Wearable Gas and Chemical Sensors,4b75c865-01cf-4348-ae21-baf91df52a12,W2343956044,Flexible Transparent Reduced Graphene Oxide Sensor Coupled with Organic Dye Molecules for Rapid Dual‐Mode Ammonia Gas Detection,"frozen normalized_json.metadata.referenced_work_ids; source-reported citation, not technical support"
D058,95ad40b5-46f9-4654-bdd2-96e396478d6c,W2752122312,Flexible Graphene-Based Wearable Gas and Chemical Sensors,7b42a401-891b-48e3-a681-bd9e3f5fd8cb,W2407642170,Hierarchical graphene–polyaniline nanocomposite films for high-performance flexible electronic gas sensors,"frozen normalized_json.metadata.referenced_work_ids; source-reported citation, not technical support"
D058,95ad40b5-46f9-4654-bdd2-96e396478d6c,W2752122312,Flexible Graphene-Based Wearable Gas and Chemical Sensors,95caebbb-a861-49f1-a707-2bf74b2c9a8b,W2570626050,Noble Metal Decorated Graphene-Based Gas Sensors and Their Fabrication: A Review,"frozen normalized_json.metadata.referenced_work_ids; source-reported citation, not technical support"
D059,95caebbb-a861-49f1-a707-2bf74b2c9a8b,W2570626050,Noble Metal Decorated Graphene-Based Gas Sensors and Their Fabrication: A Review,dfbf11ae-d233-47e1-bfbf-505e8c2d0594,W1980451576,Toward Ubiquitous Environmental Gas Sensors—Capitalizing on the Promise of Graphene,"frozen normalized_json.metadata.referenced_work_ids; source-reported citation, not technical support"
D059,95caebbb-a861-49f1-a707-2bf74b2c9a8b,W2570626050,Noble Metal Decorated Graphene-Based Gas Sensors and Their Fabrication: A Review,5df9a10b-804f-4bac-accb-a23fd2e2d2e0,W1981902104,Graphene-based gas sensor: metal decoration effect and application to a flexible device,"frozen normalized_json.metadata.referenced_work_ids; source-reported citation, not technical support"
D059,95caebbb-a861-49f1-a707-2bf74b2c9a8b,W2570626050,Noble Metal Decorated Graphene-Based Gas Sensors and Their Fabrication: A Review,8f9fc5ae-0c9f-466e-96e6-7a1af0a80a87,W2041858177,"Adsorption of H 2 O , N H 3 , CO, N O 2 , and NO on graphene: A first-principles study","frozen normalized_json.metadata.referenced_work_ids; source-reported citation, not technical support"
D059,95caebbb-a861-49f1-a707-2bf74b2c9a8b,W2570626050,Noble Metal Decorated Graphene-Based Gas Sensors and Their Fabrication: A Review,2dab9e82-5d29-40da-b093-b12b1fbde4da,W2076475450,Graphene-based gas sensors,"frozen normalized_json.metadata.referenced_work_ids; source-reported citation, not technical support"
D059,95caebbb-a861-49f1-a707-2bf74b2c9a8b,W2570626050,Noble Metal Decorated Graphene-Based Gas Sensors and Their Fabrication: A Review,895f3ff1-5a2d-4c4f-b146-bfa105dd2639,W2127824358,Reduced graphene oxide for room-temperature gas sensors,"frozen normalized_json.metadata.referenced_work_ids; source-reported citation, not technical support"
D059,95caebbb-a861-49f1-a707-2bf74b2c9a8b,W2570626050,Noble Metal Decorated Graphene-Based Gas Sensors and Their Fabrication: A Review,e6844a28-6617-497a-bbdb-62545365b18d,W2169503583,Nanostructured Pt decorated graphene and multi walled carbon nanotube based room temperature hydrogen gas sensor,"frozen normalized_json.metadata.referenced_work_ids; source-reported citation, not technical support"
D059,95caebbb-a861-49f1-a707-2bf74b2c9a8b,W2570626050,Noble Metal Decorated Graphene-Based Gas Sensors and Their Fabrication: A Review,b5e40c7d-735b-411c-b69b-1cb38751ddb4,W2312656922,Palladium-Decorated Hydrogen-Gas Sensors Using Periodically Aligned Graphene Nanoribbons,"frozen normalized_json.metadata.referenced_work_ids; source-reported citation, not technical support"
D059,95caebbb-a861-49f1-a707-2bf74b2c9a8b,W2570626050,Noble Metal Decorated Graphene-Based Gas Sensors and Their Fabrication: A Review,e4a11c17-4a02-4845-9887-a6d113174d38,W2335496883,Graphene Nanomesh As Highly Sensitive Chemiresistor Gas Sensor,"frozen normalized_json.metadata.referenced_work_ids; source-reported citation, not technical support"
D060,96575fc6-1212-4cb1-889f-179dd9515854,W2284579279,Enhanced sensitivity of graphene ammonia gas sensors using molecular doping,7b462286-ce94-41ea-b031-543d6aaef0f2,W1982563532,"Gas adsorption on graphene doped with B, N, Al, and S: A theoretical study","frozen normalized_json.metadata.referenced_work_ids; source-reported citation, not technical support"
D060,96575fc6-1212-4cb1-889f-179dd9515854,W2284579279,Enhanced sensitivity of graphene ammonia gas sensors using molecular doping,ea87c55e-72ef-439c-aa6b-7285edc49095,W1994481181,Improving gas sensing properties of graphene by introducing dopants and defects: a first-principles study,"frozen normalized_json.metadata.referenced_work_ids; source-reported citation, not technical support"
D060,96575fc6-1212-4cb1-889f-179dd9515854,W2284579279,Enhanced sensitivity of graphene ammonia gas sensors using molecular doping,8f9fc5ae-0c9f-466e-96e6-7a1af0a80a87,W2041858177,"Adsorption of H 2 O , N H 3 , CO, N O 2 , and NO on graphene: A first-principles study","frozen normalized_json.metadata.referenced_work_ids; source-reported citation, not technical support"
D060,96575fc6-1212-4cb1-889f-179dd9515854,W2284579279,Enhanced sensitivity of graphene ammonia gas sensors using molecular doping,c04f97a5-b941-4257-b74f-721faa94e982,W2161928223,Molecular Doping of Graphene,"frozen normalized_json.metadata.referenced_work_ids; source-reported citation, not technical support"
D061,99232d89-6fe1-4045-b661-0e1203a448d8,W2003522292,A Highly Sensitive Hydrogen Sensor with Gas Selectivity Using a PMMA Membrane-Coated Pd Nanoparticle/Single-Layer Graphene Hybrid,2fffa4e2-bc98-4639-a657-e9071f8d65f8,W2060512241,Adsorption of Gas Molecules on Graphene Nanoribbons and Its Implication for Nanoscale Molecule Sensor,"frozen normalized_json.metadata.referenced_work_ids; source-reported citation, not technical support"
D061,99232d89-6fe1-4045-b661-0e1203a448d8,W2003522292,A Highly Sensitive Hydrogen Sensor with Gas Selectivity Using a PMMA Membrane-Coated Pd Nanoparticle/Single-Layer Graphene Hybrid,b5e40c7d-735b-411c-b69b-1cb38751ddb4,W2312656922,Palladium-Decorated Hydrogen-Gas Sensors Using Periodically Aligned Graphene Nanoribbons,"frozen normalized_json.metadata.referenced_work_ids; source-reported citation, not technical support"
D062,9d8f4109-bb2e-42ab-8894-2304187b181b,W4387884847,Graphene-based chemiresistive gas sensors,99232d89-6fe1-4045-b661-0e1203a448d8,W2003522292,A Highly Sensitive Hydrogen Sensor with Gas Selectivity Using a PMMA Membrane-Coated Pd Nanoparticle/Single-Layer Graphene Hybrid,"frozen normalized_json.metadata.referenced_work_ids; source-reported citation, not technical support"
D062,9d8f4109-bb2e-42ab-8894-2304187b181b,W4387884847,Graphene-based chemiresistive gas sensors,895f3ff1-5a2d-4c4f-b146-bfa105dd2639,W2127824358,Reduced graphene oxide for room-temperature gas sensors,"frozen normalized_json.metadata.referenced_work_ids; source-reported citation, not technical support"
D062,9d8f4109-bb2e-42ab-8894-2304187b181b,W4387884847,Graphene-based chemiresistive gas sensors,95caebbb-a861-49f1-a707-2bf74b2c9a8b,W2570626050,Noble Metal Decorated Graphene-Based Gas Sensors and Their Fabrication: A Review,"frozen normalized_json.metadata.referenced_work_ids; source-reported citation, not technical support"
D062,9d8f4109-bb2e-42ab-8894-2304187b181b,W4387884847,Graphene-based chemiresistive gas sensors,2860ed7f-a2a8-4e76-9250-e3558d092f23,W2616686898,Gas sensing in 2D materials,"frozen normalized_json.metadata.referenced_work_ids; source-reported citation, not technical support"
D062,9d8f4109-bb2e-42ab-8894-2304187b181b,W4387884847,Graphene-based chemiresistive gas sensors,c5dfdef7-4f8f-455d-8ef1-e24b30dd136f,W2945841863,Graphene Decorated with Silver Nanoparticles as a Low-Temperature Methane Gas Sensor,"frozen normalized_json.metadata.referenced_work_ids; source-reported citation, not technical support"
D062,9d8f4109-bb2e-42ab-8894-2304187b181b,W4387884847,Graphene-based chemiresistive gas sensors,10c07eba-9d0f-42a9-aeb3-911ec8ccc747,W3206995855,N-doped reduced graphene oxide for room-temperature NO gas sensors,"frozen normalized_json.metadata.referenced_work_ids; source-reported citation, not technical support"
D062,9d8f4109-bb2e-42ab-8894-2304187b181b,W4387884847,Graphene-based chemiresistive gas sensors,06066c66-1454-4813-b7b7-f366b9956035,W4284897849,"Moisture-resistant, stretchable NOx gas sensors based on laser-induced graphene for environmental monitoring and breath analysis","frozen normalized_json.metadata.referenced_work_ids; source-reported citation, not technical support"
D063,9e83b80f-5ab2-411c-b800-3f6eac578f51,W3091315741,A Review of Inkjet Printed Graphene and Carbon Nanotubes Based Gas Sensors,5df9a10b-804f-4bac-accb-a23fd2e2d2e0,W1981902104,Graphene-based gas sensor: metal decoration effect and application to a flexible device,"frozen normalized_json.metadata.referenced_work_ids; source-reported citation, not technical support"
D063,9e83b80f-5ab2-411c-b800-3f6eac578f51,W3091315741,A Review of Inkjet Printed Graphene and Carbon Nanotubes Based Gas Sensors,ea87c55e-72ef-439c-aa6b-7285edc49095,W1994481181,Improving gas sensing properties of graphene by introducing dopants and defects: a first-principles study,"frozen normalized_json.metadata.referenced_work_ids; source-reported citation, not technical support"
D063,9e83b80f-5ab2-411c-b800-3f6eac578f51,W3091315741,A Review of Inkjet Printed Graphene and Carbon Nanotubes Based Gas Sensors,895f3ff1-5a2d-4c4f-b146-bfa105dd2639,W2127824358,Reduced graphene oxide for room-temperature gas sensors,"frozen normalized_json.metadata.referenced_work_ids; source-reported citation, not technical support"
D063,9e83b80f-5ab2-411c-b800-3f6eac578f51,W3091315741,A Review of Inkjet Printed Graphene and Carbon Nanotubes Based Gas Sensors,70b57363-3591-4f4b-a1a9-d0f8987b6b80,W2178763567,A Review on Graphene-Based Gas/Vapor Sensors with Unique Properties and Potential Applications,"frozen normalized_json.metadata.referenced_work_ids; source-reported citation, not technical support"
D063,9e83b80f-5ab2-411c-b800-3f6eac578f51,W3091315741,A Review of Inkjet Printed Graphene and Carbon Nanotubes Based Gas Sensors,e4a11c17-4a02-4845-9887-a6d113174d38,W2335496883,Graphene Nanomesh As Highly Sensitive Chemiresistor Gas Sensor,"frozen normalized_json.metadata.referenced_work_ids; source-reported citation, not technical support"
D063,9e83b80f-5ab2-411c-b800-3f6eac578f51,W3091315741,A Review of Inkjet Printed Graphene and Carbon Nanotubes Based Gas Sensors,2860ed7f-a2a8-4e76-9250-e3558d092f23,W2616686898,Gas sensing in 2D materials,"frozen normalized_json.metadata.referenced_work_ids; source-reported citation, not technical support"
D063,9e83b80f-5ab2-411c-b800-3f6eac578f51,W3091315741,A Review of Inkjet Printed Graphene and Carbon Nanotubes Based Gas Sensors,95ad40b5-46f9-4654-bdd2-96e396478d6c,W2752122312,Flexible Graphene-Based Wearable Gas and Chemical Sensors,"frozen normalized_json.metadata.referenced_work_ids; source-reported citation, not technical support"
D063,9e83b80f-5ab2-411c-b800-3f6eac578f51,W3091315741,A Review of Inkjet Printed Graphene and Carbon Nanotubes Based Gas Sensors,4a17444d-09e0-4cad-becb-0ad9e9a95b73,W2965196630,NO2 and NH3 Sensing Characteristics of Inkjet Printing Graphene Gas Sensors,"frozen normalized_json.metadata.referenced_work_ids; source-reported citation, not technical support"
D064,a5c41f35-df49-4f31-95dd-394405e4c276,W2038843379,Ultrafast and sensitive room temperature NH3 gas sensors based on chemically reduced graphene oxide,e5e2825a-81cd-4497-8b78-a2677add0a48,W1980835470,High‐Performance NO 2 Sensors Based on Chemically Modified Graphene,"frozen normalized_json.metadata.referenced_work_ids; source-reported citation, not technical support"
D064,a5c41f35-df49-4f31-95dd-394405e4c276,W2038843379,Ultrafast and sensitive room temperature NH3 gas sensors based on chemically reduced graphene oxide,ef6d522b-b248-4438-abae-289b176b9968,W1997462942,High Sensitivity Gas Detection Using a Macroscopic Three-Dimensional Graphene Foam Network,"frozen normalized_json.metadata.referenced_work_ids; source-reported citation, not technical support"
D064,a5c41f35-df49-4f31-95dd-394405e4c276,W2038843379,Ultrafast and sensitive room temperature NH3 gas sensors based on chemically reduced graphene oxide,8f9fc5ae-0c9f-466e-96e6-7a1af0a80a87,W2041858177,"Adsorption of H 2 O , N H 3 , CO, N O 2 , and NO on graphene: A first-principles study","frozen normalized_json.metadata.referenced_work_ids; source-reported citation, not technical support"
D064,a5c41f35-df49-4f31-95dd-394405e4c276,W2038843379,Ultrafast and sensitive room temperature NH3 gas sensors based on chemically reduced graphene oxide,895f3ff1-5a2d-4c4f-b146-bfa105dd2639,W2127824358,Reduced graphene oxide for room-temperature gas sensors,"frozen normalized_json.metadata.referenced_work_ids; source-reported citation, not technical support"
D064,a5c41f35-df49-4f31-95dd-394405e4c276,W2038843379,Ultrafast and sensitive room temperature NH3 gas sensors based on chemically reduced graphene oxide,e4a11c17-4a02-4845-9887-a6d113174d38,W2335496883,Graphene Nanomesh As Highly Sensitive Chemiresistor Gas Sensor,"frozen normalized_json.metadata.referenced_work_ids; source-reported citation, not technical support"
D066,a7588c01-0b42-40c2-8e08-86a056819ce7,W2233797376,Studies of Reduced Graphene Oxide and Graphite Oxide in the Aspect of Their Possible Application in Gas Sensors,a5c41f35-df49-4f31-95dd-394405e4c276,W2038843379,Ultrafast and sensitive room temperature NH3 gas sensors based on chemically reduced graphene oxide,"frozen normalized_json.metadata.referenced_work_ids; source-reported citation, not technical support"
D066,a7588c01-0b42-40c2-8e08-86a056819ce7,W2233797376,Studies of Reduced Graphene Oxide and Graphite Oxide in the Aspect of Their Possible Application in Gas Sensors,895f3ff1-5a2d-4c4f-b146-bfa105dd2639,W2127824358,Reduced graphene oxide for room-temperature gas sensors,"frozen normalized_json.metadata.referenced_work_ids; source-reported citation, not technical support"
D066,a7588c01-0b42-40c2-8e08-86a056819ce7,W2233797376,Studies of Reduced Graphene Oxide and Graphite Oxide in the Aspect of Their Possible Application in Gas Sensors,e6844a28-6617-497a-bbdb-62545365b18d,W2169503583,Nanostructured Pt decorated graphene and multi walled carbon nanotube based room temperature hydrogen gas sensor,"frozen normalized_json.metadata.referenced_work_ids; source-reported citation, not technical support"
D067,acd6003a-13ec-4bce-87f5-cec1c79eabb3,W3009352661,Epitaxial graphene gas sensors on SiC substrate with high sensitivity,ea87c55e-72ef-439c-aa6b-7285edc49095,W1994481181,Improving gas sensing properties of graphene by introducing dopants and defects: a first-principles study,"frozen normalized_json.metadata.referenced_work_ids; source-reported citation, not technical support"
D067,acd6003a-13ec-4bce-87f5-cec1c79eabb3,W3009352661,Epitaxial graphene gas sensors on SiC substrate with high sensitivity,92b288c5-a152-43a5-9faa-6d235ae9afb7,W2082723121,High sensitive quasi freestanding epitaxial graphene gas sensor on 6H-SiC,"frozen normalized_json.metadata.referenced_work_ids; source-reported citation, not technical support"
D068,b102c67e-e167-49c6-a3cf-5c14d31d8fc1,W2738950220,Highly sensitive and rapidly responding room-temperature NO2 gas sensors based on WO3 nanorods/sulfonated graphene nanocomposites,e5e2825a-81cd-4497-8b78-a2677add0a48,W1980835470,High‐Performance NO 2 Sensors Based on Chemically Modified Graphene,"frozen normalized_json.metadata.referenced_work_ids; source-reported citation, not technical support"
D068,b102c67e-e167-49c6-a3cf-5c14d31d8fc1,W2738950220,Highly sensitive and rapidly responding room-temperature NO2 gas sensors based on WO3 nanorods/sulfonated graphene nanocomposites,298b9ec6-547c-4544-ad9b-1d7796ef32c1,W2164878199,Reduced Graphene Oxide Conjugated Cu2O Nanowire Mesocrystals for High-Performance NO2 Gas Sensor,"frozen normalized_json.metadata.referenced_work_ids; source-reported citation, not technical support"
D068,b102c67e-e167-49c6-a3cf-5c14d31d8fc1,W2738950220,Highly sensitive and rapidly responding room-temperature NO2 gas sensors based on WO3 nanorods/sulfonated graphene nanocomposites,8d2f77a0-7e7c-45f8-a36e-7be49395ee43,W2169767991,Graphene: carbon in two dimensions,"frozen normalized_json.metadata.referenced_work_ids; source-reported citation, not technical support"
D070,b652e00f-7ac8-4b37-b370-272e2482d67f,W2922177019,Laser-Induced Graphene for Flexible and Embeddable Gas Sensors,70b57363-3591-4f4b-a1a9-d0f8987b6b80,W2178763567,A Review on Graphene-Based Gas/Vapor Sensors with Unique Properties and Potential Applications,"frozen normalized_json.metadata.referenced_work_ids; source-reported citation, not technical support"
D070,b652e00f-7ac8-4b37-b370-272e2482d67f,W2922177019,Laser-Induced Graphene for Flexible and Embeddable Gas Sensors,95ad40b5-46f9-4654-bdd2-96e396478d6c,W2752122312,Flexible Graphene-Based Wearable Gas and Chemical Sensors,"frozen normalized_json.metadata.referenced_work_ids; source-reported citation, not technical support"
D070,b652e00f-7ac8-4b37-b370-272e2482d67f,W2922177019,Laser-Induced Graphene for Flexible and Embeddable Gas Sensors,24e7049e-e304-4bc5-b9b9-e739b7cf5f9c,W4236825273,Laser-Induced Graphene,"frozen normalized_json.metadata.referenced_work_ids; source-reported citation, not technical support"
D071,b825539d-f4bb-4d21-a5d2-0f535b15eb49,W3008019330,Graphene-based Materials in Gas Sensor Applications: A Review,a5c41f35-df49-4f31-95dd-394405e4c276,W2038843379,Ultrafast and sensitive room temperature NH3 gas sensors based on chemically reduced graphene oxide,"frozen normalized_json.metadata.referenced_work_ids; source-reported citation, not technical support"
D071,b825539d-f4bb-4d21-a5d2-0f535b15eb49,W3008019330,Graphene-based Materials in Gas Sensor Applications: A Review,d9353f7c-7923-4367-bf9f-78451104b2f5,W2854295798,Research Progress of Gas Sensor Based on Graphene and Its Derivatives: A Review,"frozen normalized_json.metadata.referenced_work_ids; source-reported citation, not technical support"
D072,be036c92-8085-4d4a-a101-f50e7cbc28fc,W2014767715,Room-temperature high-performance acetone gas sensor based on hydrothermal synthesized SnO 2 -reduced graphene oxide hybrid composite,64a8690b-db4c-44ec-bd4a-926f3afabbb1,W2031873156,Graphene sheets decorated with SnO2 nanoparticles: in situ synthesis and highly efficient materials for cataluminescence gas sensors,"frozen normalized_json.metadata.referenced_work_ids; source-reported citation, not technical support"
D072,be036c92-8085-4d4a-a101-f50e7cbc28fc,W2014767715,Room-temperature high-performance acetone gas sensor based on hydrothermal synthesized SnO 2 -reduced graphene oxide hybrid composite,895f3ff1-5a2d-4c4f-b146-bfa105dd2639,W2127824358,Reduced graphene oxide for room-temperature gas sensors,"frozen normalized_json.metadata.referenced_work_ids; source-reported citation, not technical support"
D073,be88ae5a-4cd1-4568-9792-a9d1eddb56be,W3010294696,Frontiers of graphene and 2D material-based gas sensors for environmental monitoring,5df9a10b-804f-4bac-accb-a23fd2e2d2e0,W1981902104,Graphene-based gas sensor: metal decoration effect and application to a flexible device,"frozen normalized_json.metadata.referenced_work_ids; source-reported citation, not technical support"
D073,be88ae5a-4cd1-4568-9792-a9d1eddb56be,W3010294696,Frontiers of graphene and 2D material-based gas sensors for environmental monitoring,c99f8fc3-6f01-4bf4-bc00-933bbeda27f9,W1988620898,Phosphorene as a Superior Gas Sensor: Selective Adsorption and Distinct I – V Response,"frozen normalized_json.metadata.referenced_work_ids; source-reported citation, not technical support"
D073,be88ae5a-4cd1-4568-9792-a9d1eddb56be,W3010294696,Frontiers of graphene and 2D material-based gas sensors for environmental monitoring,ef6d522b-b248-4438-abae-289b176b9968,W1997462942,High Sensitivity Gas Detection Using a Macroscopic Three-Dimensional Graphene Foam Network,"frozen normalized_json.metadata.referenced_work_ids; source-reported citation, not technical support"
D073,be88ae5a-4cd1-4568-9792-a9d1eddb56be,W3010294696,Frontiers of graphene and 2D material-based gas sensors for environmental monitoring,fd94b094-5144-4e96-acd5-de555c2bb84a,W1999206703,Flexible and Transparent Gas Molecule Sensor Integrated with Sensing and Heating Graphene Layers,"frozen normalized_json.metadata.referenced_work_ids; source-reported citation, not technical support"
D073,be88ae5a-4cd1-4568-9792-a9d1eddb56be,W3010294696,Frontiers of graphene and 2D material-based gas sensors for environmental monitoring,f7baaf79-a130-4329-9f84-6d80e77835a2,W2008068390,Graphene/mica based ammonia gas sensors,"frozen normalized_json.metadata.referenced_work_ids; source-reported citation, not technical support"
D073,be88ae5a-4cd1-4568-9792-a9d1eddb56be,W3010294696,Frontiers of graphene and 2D material-based gas sensors for environmental monitoring,8f9fc5ae-0c9f-466e-96e6-7a1af0a80a87,W2041858177,"Adsorption of H 2 O , N H 3 , CO, N O 2 , and NO on graphene: A first-principles study","frozen normalized_json.metadata.referenced_work_ids; source-reported citation, not technical support"
D073,be88ae5a-4cd1-4568-9792-a9d1eddb56be,W3010294696,Frontiers of graphene and 2D material-based gas sensors for environmental monitoring,2ebddf68-fb9c-46be-873c-9d7e19b32af5,W2053573257,Temperature and thickness dependence of the sensitivity of nitrogen dioxide graphene gas sensors modified by atomic layer deposited zinc oxide films,"frozen normalized_json.metadata.referenced_work_ids; source-reported citation, not technical support"
D073,be88ae5a-4cd1-4568-9792-a9d1eddb56be,W3010294696,Frontiers of graphene and 2D material-based gas sensors for environmental monitoring,2fffa4e2-bc98-4639-a657-e9071f8d65f8,W2060512241,Adsorption of Gas Molecules on Graphene Nanoribbons and Its Implication for Nanoscale Molecule Sensor,"frozen normalized_json.metadata.referenced_work_ids; source-reported citation, not technical support"
D073,be88ae5a-4cd1-4568-9792-a9d1eddb56be,W3010294696,Frontiers of graphene and 2D material-based gas sensors for environmental monitoring,2dab9e82-5d29-40da-b093-b12b1fbde4da,W2076475450,Graphene-based gas sensors,"frozen normalized_json.metadata.referenced_work_ids; source-reported citation, not technical support"
D073,be88ae5a-4cd1-4568-9792-a9d1eddb56be,W3010294696,Frontiers of graphene and 2D material-based gas sensors for environmental monitoring,c04f97a5-b941-4257-b74f-721faa94e982,W2161928223,Molecular Doping of Graphene,"frozen normalized_json.metadata.referenced_work_ids; source-reported citation, not technical support"
D073,be88ae5a-4cd1-4568-9792-a9d1eddb56be,W3010294696,Frontiers of graphene and 2D material-based gas sensors for environmental monitoring,70b57363-3591-4f4b-a1a9-d0f8987b6b80,W2178763567,A Review on Graphene-Based Gas/Vapor Sensors with Unique Properties and Potential Applications,"frozen normalized_json.metadata.referenced_work_ids; source-reported citation, not technical support"
D073,be88ae5a-4cd1-4568-9792-a9d1eddb56be,W3010294696,Frontiers of graphene and 2D material-based gas sensors for environmental monitoring,88e8a18b-f7b8-4366-9ffc-ffbc1655b882,W2285979304,Sensitive Room-Temperature H2S Gas Sensors Employing SnO2 Quantum Wire/Reduced Graphene Oxide Nanocomposites,"frozen normalized_json.metadata.referenced_work_ids; source-reported citation, not technical support"
D073,be88ae5a-4cd1-4568-9792-a9d1eddb56be,W3010294696,Frontiers of graphene and 2D material-based gas sensors for environmental monitoring,60564d96-782a-4b13-a6ba-e3cd057dbdba,W2333216006,Graphene-Based Chemical Sensors,"frozen normalized_json.metadata.referenced_work_ids; source-reported citation, not technical support"
D073,be88ae5a-4cd1-4568-9792-a9d1eddb56be,W3010294696,Frontiers of graphene and 2D material-based gas sensors for environmental monitoring,7b42a401-891b-48e3-a681-bd9e3f5fd8cb,W2407642170,Hierarchical graphene–polyaniline nanocomposite films for high-performance flexible electronic gas sensors,"frozen normalized_json.metadata.referenced_work_ids; source-reported citation, not technical support"
D073,be88ae5a-4cd1-4568-9792-a9d1eddb56be,W3010294696,Frontiers of graphene and 2D material-based gas sensors for environmental monitoring,95caebbb-a861-49f1-a707-2bf74b2c9a8b,W2570626050,Noble Metal Decorated Graphene-Based Gas Sensors and Their Fabrication: A Review,"frozen normalized_json.metadata.referenced_work_ids; source-reported citation, not technical support"
D073,be88ae5a-4cd1-4568-9792-a9d1eddb56be,W3010294696,Frontiers of graphene and 2D material-based gas sensors for environmental monitoring,95ad40b5-46f9-4654-bdd2-96e396478d6c,W2752122312,Flexible Graphene-Based Wearable Gas and Chemical Sensors,"frozen normalized_json.metadata.referenced_work_ids; source-reported citation, not technical support"
D073,be88ae5a-4cd1-4568-9792-a9d1eddb56be,W3010294696,Frontiers of graphene and 2D material-based gas sensors for environmental monitoring,3df9cd7a-940f-400e-b03a-a72459a5558f,W2785184816,Metallic Ti3C2T x MXene Gas Sensors with Ultrahigh Signal-to-Noise Ratio,"frozen normalized_json.metadata.referenced_work_ids; source-reported citation, not technical support"
D073,be88ae5a-4cd1-4568-9792-a9d1eddb56be,W3010294696,Frontiers of graphene and 2D material-based gas sensors for environmental monitoring,b652e00f-7ac8-4b37-b370-272e2482d67f,W2922177019,Laser-Induced Graphene for Flexible and Embeddable Gas Sensors,"frozen normalized_json.metadata.referenced_work_ids; source-reported citation, not technical support"
D073,be88ae5a-4cd1-4568-9792-a9d1eddb56be,W3010294696,Frontiers of graphene and 2D material-based gas sensors for environmental monitoring,3fb867af-6db1-45a4-8ff8-974292ac5ce1,W645444157,Graphene-Based Long-Period Fiber Grating Surface Plasmon Resonance Sensor for High-Sensitivity Gas Sensing,"frozen normalized_json.metadata.referenced_work_ids; source-reported citation, not technical support"
D074,bfcae593-3cf3-42fd-971a-5521c706cabe,W2105031224,Facile synthesis of novel 3D nanoflower-like CuxO/multilayer graphene composites for room temperature NOx gas sensor application,1012c1e5-ed99-4e3a-ba11-ac77cc359a2e,W1996257604,Highly aligned SnO2 nanorods on graphene sheets for gas sensors,"frozen normalized_json.metadata.referenced_work_ids; source-reported citation, not technical support"
D074,bfcae593-3cf3-42fd-971a-5521c706cabe,W2105031224,Facile synthesis of novel 3D nanoflower-like CuxO/multilayer graphene composites for room temperature NOx gas sensor application,64a8690b-db4c-44ec-bd4a-926f3afabbb1,W2031873156,Graphene sheets decorated with SnO2 nanoparticles: in situ synthesis and highly efficient materials for cataluminescence gas sensors,"frozen normalized_json.metadata.referenced_work_ids; source-reported citation, not technical support"
D074,bfcae593-3cf3-42fd-971a-5521c706cabe,W2105031224,Facile synthesis of novel 3D nanoflower-like CuxO/multilayer graphene composites for room temperature NOx gas sensor application,298b9ec6-547c-4544-ad9b-1d7796ef32c1,W2164878199,Reduced Graphene Oxide Conjugated Cu2O Nanowire Mesocrystals for High-Performance NO2 Gas Sensor,"frozen normalized_json.metadata.referenced_work_ids; source-reported citation, not technical support"
D074,bfcae593-3cf3-42fd-971a-5521c706cabe,W2105031224,Facile synthesis of novel 3D nanoflower-like CuxO/multilayer graphene composites for room temperature NOx gas sensor application,20376efd-3954-4627-a0f9-768d09825046,W2167087575,Highly selective gas sensor arrays based on thermally reduced graphene oxide,"frozen normalized_json.metadata.referenced_work_ids; source-reported citation, not technical support"
D076,c4a02758-57a8-4f3c-9191-6281afef84fe,W2131332085,"ZnO nanorods on reduced graphene sheets with excellent field emission, gas sensor and photocatalytic properties",1012c1e5-ed99-4e3a-ba11-ac77cc359a2e,W1996257604,Highly aligned SnO2 nanorods on graphene sheets for gas sensors,"frozen normalized_json.metadata.referenced_work_ids; source-reported citation, not technical support"
D077,c55aaeb6-0dd1-4c6e-a62c-b0078257c9f2,W3133399150,Reduced Graphene Oxide (rGO)-Loaded Metal-Oxide Nanofiber Gas Sensors: An Overview,95caebbb-a861-49f1-a707-2bf74b2c9a8b,W2570626050,Noble Metal Decorated Graphene-Based Gas Sensors and Their Fabrication: A Review,"frozen normalized_json.metadata.referenced_work_ids; source-reported citation, not technical support"
D077,c55aaeb6-0dd1-4c6e-a62c-b0078257c9f2,W3133399150,Reduced Graphene Oxide (rGO)-Loaded Metal-Oxide Nanofiber Gas Sensors: An Overview,2f7fb8d1-42b1-433b-9091-7d13fc6493b1,W2936896595,"Synthesis, properties, and applications of graphene oxide/reduced graphene oxide and their nanocomposites","frozen normalized_json.metadata.referenced_work_ids; source-reported citation, not technical support"
D078,c56c60ec-74f3-44d5-83e6-f83d87b921f5,W4210343955,Ultrasensitive N-Channel Graphene Gas Sensors by Nondestructive Molecular Doping,156b15bb-dbd9-4d9d-a871-3c46ae7d5515,W1276751773,Self-Activated Transparent All-Graphene Gas Sensor with Endurance to Humidity and Mechanical Bending,"frozen normalized_json.metadata.referenced_work_ids; source-reported citation, not technical support"
D078,c56c60ec-74f3-44d5-83e6-f83d87b921f5,W4210343955,Ultrasensitive N-Channel Graphene Gas Sensors by Nondestructive Molecular Doping,ea87c55e-72ef-439c-aa6b-7285edc49095,W1994481181,Improving gas sensing properties of graphene by introducing dopants and defects: a first-principles study,"frozen normalized_json.metadata.referenced_work_ids; source-reported citation, not technical support"
D078,c56c60ec-74f3-44d5-83e6-f83d87b921f5,W4210343955,Ultrasensitive N-Channel Graphene Gas Sensors by Nondestructive Molecular Doping,70b57363-3591-4f4b-a1a9-d0f8987b6b80,W2178763567,A Review on Graphene-Based Gas/Vapor Sensors with Unique Properties and Potential Applications,"frozen normalized_json.metadata.referenced_work_ids; source-reported citation, not technical support"
D078,c56c60ec-74f3-44d5-83e6-f83d87b921f5,W4210343955,Ultrasensitive N-Channel Graphene Gas Sensors by Nondestructive Molecular Doping,96575fc6-1212-4cb1-889f-179dd9515854,W2284579279,Enhanced sensitivity of graphene ammonia gas sensors using molecular doping,"frozen normalized_json.metadata.referenced_work_ids; source-reported citation, not technical support"
D078,c56c60ec-74f3-44d5-83e6-f83d87b921f5,W4210343955,Ultrasensitive N-Channel Graphene Gas Sensors by Nondestructive Molecular Doping,95ad40b5-46f9-4654-bdd2-96e396478d6c,W2752122312,Flexible Graphene-Based Wearable Gas and Chemical Sensors,"frozen normalized_json.metadata.referenced_work_ids; source-reported citation, not technical support"
D078,c56c60ec-74f3-44d5-83e6-f83d87b921f5,W4210343955,Ultrasensitive N-Channel Graphene Gas Sensors by Nondestructive Molecular Doping,2f7fb8d1-42b1-433b-9091-7d13fc6493b1,W2936896595,"Synthesis, properties, and applications of graphene oxide/reduced graphene oxide and their nanocomposites","frozen normalized_json.metadata.referenced_work_ids; source-reported citation, not technical support"
D079,c5dfdef7-4f8f-455d-8ef1-e24b30dd136f,W2945841863,Graphene Decorated with Silver Nanoparticles as a Low-Temperature Methane Gas Sensor,8f9fc5ae-0c9f-466e-96e6-7a1af0a80a87,W2041858177,"Adsorption of H 2 O , N H 3 , CO, N O 2 , and NO on graphene: A first-principles study","frozen normalized_json.metadata.referenced_work_ids; source-reported citation, not technical support"
D079,c5dfdef7-4f8f-455d-8ef1-e24b30dd136f,W2945841863,Graphene Decorated with Silver Nanoparticles as a Low-Temperature Methane Gas Sensor,2dab9e82-5d29-40da-b093-b12b1fbde4da,W2076475450,Graphene-based gas sensors,"frozen normalized_json.metadata.referenced_work_ids; source-reported citation, not technical support"
D079,c5dfdef7-4f8f-455d-8ef1-e24b30dd136f,W2945841863,Graphene Decorated with Silver Nanoparticles as a Low-Temperature Methane Gas Sensor,895f3ff1-5a2d-4c4f-b146-bfa105dd2639,W2127824358,Reduced graphene oxide for room-temperature gas sensors,"frozen normalized_json.metadata.referenced_work_ids; source-reported citation, not technical support"
D079,c5dfdef7-4f8f-455d-8ef1-e24b30dd136f,W2945841863,Graphene Decorated with Silver Nanoparticles as a Low-Temperature Methane Gas Sensor,3263deed-de40-4cc0-bf0f-e980647f6535,W2138183388,Biological and chemical sensors based on graphene materials,"frozen normalized_json.metadata.referenced_work_ids; source-reported citation, not technical support"
D079,c5dfdef7-4f8f-455d-8ef1-e24b30dd136f,W2945841863,Graphene Decorated with Silver Nanoparticles as a Low-Temperature Methane Gas Sensor,218cb72e-a7df-4303-9d9e-e374b6e450d7,W2318335082,Reduced graphene oxide/ZnO nanocomposite for application in chemical gas sensors,"frozen normalized_json.metadata.referenced_work_ids; source-reported citation, not technical support"
D079,c5dfdef7-4f8f-455d-8ef1-e24b30dd136f,W2945841863,Graphene Decorated with Silver Nanoparticles as a Low-Temperature Methane Gas Sensor,95caebbb-a861-49f1-a707-2bf74b2c9a8b,W2570626050,Noble Metal Decorated Graphene-Based Gas Sensors and Their Fabrication: A Review,"frozen normalized_json.metadata.referenced_work_ids; source-reported citation, not technical support"
D079,c5dfdef7-4f8f-455d-8ef1-e24b30dd136f,W2945841863,Graphene Decorated with Silver Nanoparticles as a Low-Temperature Methane Gas Sensor,3df9cd7a-940f-400e-b03a-a72459a5558f,W2785184816,Metallic Ti3C2T x MXene Gas Sensors with Ultrahigh Signal-to-Noise Ratio,"frozen normalized_json.metadata.referenced_work_ids; source-reported citation, not technical support"
D080,c9984def-b7e0-46b4-a20c-b9abdb6e2c18,W2157202716,"Heteroatom-doped graphene materials: syntheses, properties and applications",7b462286-ce94-41ea-b031-543d6aaef0f2,W1982563532,"Gas adsorption on graphene doped with B, N, Al, and S: A theoretical study","frozen normalized_json.metadata.referenced_work_ids; source-reported citation, not technical support"
D080,c9984def-b7e0-46b4-a20c-b9abdb6e2c18,W2157202716,"Heteroatom-doped graphene materials: syntheses, properties and applications",ea87c55e-72ef-439c-aa6b-7285edc49095,W1994481181,Improving gas sensing properties of graphene by introducing dopants and defects: a first-principles study,"frozen normalized_json.metadata.referenced_work_ids; source-reported citation, not technical support"
D080,c9984def-b7e0-46b4-a20c-b9abdb6e2c18,W2157202716,"Heteroatom-doped graphene materials: syntheses, properties and applications",3263deed-de40-4cc0-bf0f-e980647f6535,W2138183388,Biological and chemical sensors based on graphene materials,"frozen normalized_json.metadata.referenced_work_ids; source-reported citation, not technical support"
D081,c99f8fc3-6f01-4bf4-bc00-933bbeda27f9,W1988620898,Phosphorene as a Superior Gas Sensor: Selective Adsorption and Distinct I – V Response,8f9fc5ae-0c9f-466e-96e6-7a1af0a80a87,W2041858177,"Adsorption of H 2 O , N H 3 , CO, N O 2 , and NO on graphene: A first-principles study","frozen normalized_json.metadata.referenced_work_ids; source-reported citation, not technical support"
D082,d145c9ac-f2af-4f95-a048-4bc61c873bd7,W2563624639,"A 3D Chemically Modified Graphene Hydrogel for Fast, Highly Sensitive, and Selective Gas Sensor",156b15bb-dbd9-4d9d-a871-3c46ae7d5515,W1276751773,Self-Activated Transparent All-Graphene Gas Sensor with Endurance to Humidity and Mechanical Bending,"frozen normalized_json.metadata.referenced_work_ids; source-reported citation, not technical support"
D082,d145c9ac-f2af-4f95-a048-4bc61c873bd7,W2563624639,"A 3D Chemically Modified Graphene Hydrogel for Fast, Highly Sensitive, and Selective Gas Sensor",e5e2825a-81cd-4497-8b78-a2677add0a48,W1980835470,High‐Performance NO 2 Sensors Based on Chemically Modified Graphene,"frozen normalized_json.metadata.referenced_work_ids; source-reported citation, not technical support"
D082,d145c9ac-f2af-4f95-a048-4bc61c873bd7,W2563624639,"A 3D Chemically Modified Graphene Hydrogel for Fast, Highly Sensitive, and Selective Gas Sensor",7b462286-ce94-41ea-b031-543d6aaef0f2,W1982563532,"Gas adsorption on graphene doped with B, N, Al, and S: A theoretical study","frozen normalized_json.metadata.referenced_work_ids; source-reported citation, not technical support"
D082,d145c9ac-f2af-4f95-a048-4bc61c873bd7,W2563624639,"A 3D Chemically Modified Graphene Hydrogel for Fast, Highly Sensitive, and Selective Gas Sensor",ef6d522b-b248-4438-abae-289b176b9968,W1997462942,High Sensitivity Gas Detection Using a Macroscopic Three-Dimensional Graphene Foam Network,"frozen normalized_json.metadata.referenced_work_ids; source-reported citation, not technical support"
D082,d145c9ac-f2af-4f95-a048-4bc61c873bd7,W2563624639,"A 3D Chemically Modified Graphene Hydrogel for Fast, Highly Sensitive, and Selective Gas Sensor",f7baaf79-a130-4329-9f84-6d80e77835a2,W2008068390,Graphene/mica based ammonia gas sensors,"frozen normalized_json.metadata.referenced_work_ids; source-reported citation, not technical support"
D082,d145c9ac-f2af-4f95-a048-4bc61c873bd7,W2563624639,"A 3D Chemically Modified Graphene Hydrogel for Fast, Highly Sensitive, and Selective Gas Sensor",f1c4d560-678f-4ead-af98-f670b31ac562,W2017626781,Highly Sensitive and Selective Gas Sensor Using Hydrophilic and Hydrophobic Graphenes,"frozen normalized_json.metadata.referenced_work_ids; source-reported citation, not technical support"
D082,d145c9ac-f2af-4f95-a048-4bc61c873bd7,W2563624639,"A 3D Chemically Modified Graphene Hydrogel for Fast, Highly Sensitive, and Selective Gas Sensor",e07c06f0-da13-404a-b8b9-7112202bcf57,W2031311944,Design of advanced porous graphene materials: from graphene nanomesh to 3D architectures,"frozen normalized_json.metadata.referenced_work_ids; source-reported citation, not technical support"
D082,d145c9ac-f2af-4f95-a048-4bc61c873bd7,W2563624639,"A 3D Chemically Modified Graphene Hydrogel for Fast, Highly Sensitive, and Selective Gas Sensor",2dab9e82-5d29-40da-b093-b12b1fbde4da,W2076475450,Graphene-based gas sensors,"frozen normalized_json.metadata.referenced_work_ids; source-reported citation, not technical support"
D082,d145c9ac-f2af-4f95-a048-4bc61c873bd7,W2563624639,"A 3D Chemically Modified Graphene Hydrogel for Fast, Highly Sensitive, and Selective Gas Sensor",895f3ff1-5a2d-4c4f-b146-bfa105dd2639,W2127824358,Reduced graphene oxide for room-temperature gas sensors,"frozen normalized_json.metadata.referenced_work_ids; source-reported citation, not technical support"
D082,d145c9ac-f2af-4f95-a048-4bc61c873bd7,W2563624639,"A 3D Chemically Modified Graphene Hydrogel for Fast, Highly Sensitive, and Selective Gas Sensor",20376efd-3954-4627-a0f9-768d09825046,W2167087575,Highly selective gas sensor arrays based on thermally reduced graphene oxide,"frozen normalized_json.metadata.referenced_work_ids; source-reported citation, not technical support"
D083,d8fa4f24-71ee-4b88-967c-024021e0043b,W2977677425,Ultrahigh Selective Room-Temperature Ammonia Gas Sensor Based on Tin–Titanium Dioxide/reduced Graphene/Carbon Nanotube Nanocomposites by the Solvothermal Method,be036c92-8085-4d4a-a101-f50e7cbc28fc,W2014767715,Room-temperature high-performance acetone gas sensor based on hydrothermal synthesized SnO 2 -reduced graphene oxide hybrid composite,"frozen normalized_json.metadata.referenced_work_ids; source-reported citation, not technical support"
D084,d9353f7c-7923-4367-bf9f-78451104b2f5,W2854295798,Research Progress of Gas Sensor Based on Graphene and Its Derivatives: A Review,7b462286-ce94-41ea-b031-543d6aaef0f2,W1982563532,"Gas adsorption on graphene doped with B, N, Al, and S: A theoretical study","frozen normalized_json.metadata.referenced_work_ids; source-reported citation, not technical support"
D084,d9353f7c-7923-4367-bf9f-78451104b2f5,W2854295798,Research Progress of Gas Sensor Based on Graphene and Its Derivatives: A Review,ea87c55e-72ef-439c-aa6b-7285edc49095,W1994481181,Improving gas sensing properties of graphene by introducing dopants and defects: a first-principles study,"frozen normalized_json.metadata.referenced_work_ids; source-reported citation, not technical support"
D084,d9353f7c-7923-4367-bf9f-78451104b2f5,W2854295798,Research Progress of Gas Sensor Based on Graphene and Its Derivatives: A Review,1012c1e5-ed99-4e3a-ba11-ac77cc359a2e,W1996257604,Highly aligned SnO2 nanorods on graphene sheets for gas sensors,"frozen normalized_json.metadata.referenced_work_ids; source-reported citation, not technical support"
D084,d9353f7c-7923-4367-bf9f-78451104b2f5,W2854295798,Research Progress of Gas Sensor Based on Graphene and Its Derivatives: A Review,c04f97a5-b941-4257-b74f-721faa94e982,W2161928223,Molecular Doping of Graphene,"frozen normalized_json.metadata.referenced_work_ids; source-reported citation, not technical support"
D084,d9353f7c-7923-4367-bf9f-78451104b2f5,W2854295798,Research Progress of Gas Sensor Based on Graphene and Its Derivatives: A Review,8d2f77a0-7e7c-45f8-a36e-7be49395ee43,W2169767991,Graphene: carbon in two dimensions,"frozen normalized_json.metadata.referenced_work_ids; source-reported citation, not technical support"
D084,d9353f7c-7923-4367-bf9f-78451104b2f5,W2854295798,Research Progress of Gas Sensor Based on Graphene and Its Derivatives: A Review,70b57363-3591-4f4b-a1a9-d0f8987b6b80,W2178763567,A Review on Graphene-Based Gas/Vapor Sensors with Unique Properties and Potential Applications,"frozen normalized_json.metadata.referenced_work_ids; source-reported citation, not technical support"
D084,d9353f7c-7923-4367-bf9f-78451104b2f5,W2854295798,Research Progress of Gas Sensor Based on Graphene and Its Derivatives: A Review,3fb867af-6db1-45a4-8ff8-974292ac5ce1,W645444157,Graphene-Based Long-Period Fiber Grating Surface Plasmon Resonance Sensor for High-Sensitivity Gas Sensing,"frozen normalized_json.metadata.referenced_work_ids; source-reported citation, not technical support"
D085,dbf895b0-e07a-40a0-9dde-d2858ff63320,W3180216250,Understanding and optimization of graphene gas sensors,2dab9e82-5d29-40da-b093-b12b1fbde4da,W2076475450,Graphene-based gas sensors,"frozen normalized_json.metadata.referenced_work_ids; source-reported citation, not technical support"
D086,dfbf11ae-d233-47e1-bfbf-505e8c2d0594,W1980451576,Toward Ubiquitous Environmental Gas Sensors—Capitalizing on the Promise of Graphene,ea87c55e-72ef-439c-aa6b-7285edc49095,W1994481181,Improving gas sensing properties of graphene by introducing dopants and defects: a first-principles study,"frozen normalized_json.metadata.referenced_work_ids; source-reported citation, not technical support"
D086,dfbf11ae-d233-47e1-bfbf-505e8c2d0594,W1980451576,Toward Ubiquitous Environmental Gas Sensors—Capitalizing on the Promise of Graphene,8f9fc5ae-0c9f-466e-96e6-7a1af0a80a87,W2041858177,"Adsorption of H 2 O , N H 3 , CO, N O 2 , and NO on graphene: A first-principles study","frozen normalized_json.metadata.referenced_work_ids; source-reported citation, not technical support"
D086,dfbf11ae-d233-47e1-bfbf-505e8c2d0594,W1980451576,Toward Ubiquitous Environmental Gas Sensors—Capitalizing on the Promise of Graphene,2fffa4e2-bc98-4639-a657-e9071f8d65f8,W2060512241,Adsorption of Gas Molecules on Graphene Nanoribbons and Its Implication for Nanoscale Molecule Sensor,"frozen normalized_json.metadata.referenced_work_ids; source-reported citation, not technical support"
D086,dfbf11ae-d233-47e1-bfbf-505e8c2d0594,W1980451576,Toward Ubiquitous Environmental Gas Sensors—Capitalizing on the Promise of Graphene,895f3ff1-5a2d-4c4f-b146-bfa105dd2639,W2127824358,Reduced graphene oxide for room-temperature gas sensors,"frozen normalized_json.metadata.referenced_work_ids; source-reported citation, not technical support"
D086,dfbf11ae-d233-47e1-bfbf-505e8c2d0594,W1980451576,Toward Ubiquitous Environmental Gas Sensors—Capitalizing on the Promise of Graphene,c04f97a5-b941-4257-b74f-721faa94e982,W2161928223,Molecular Doping of Graphene,"frozen normalized_json.metadata.referenced_work_ids; source-reported citation, not technical support"
D087,e07c06f0-da13-404a-b8b9-7112202bcf57,W2031311944,Design of advanced porous graphene materials: from graphene nanomesh to 3D architectures,3a5a587d-5ddf-49b9-aa34-bd081fb0d04b,W1967752584,Porous Graphene as the Ultimate Membrane for Gas Separation,"frozen normalized_json.metadata.referenced_work_ids; source-reported citation, not technical support"
D087,e07c06f0-da13-404a-b8b9-7112202bcf57,W2031311944,Design of advanced porous graphene materials: from graphene nanomesh to 3D architectures,ef6d522b-b248-4438-abae-289b176b9968,W1997462942,High Sensitivity Gas Detection Using a Macroscopic Three-Dimensional Graphene Foam Network,"frozen normalized_json.metadata.referenced_work_ids; source-reported citation, not technical support"
D088,e4a11c17-4a02-4845-9887-a6d113174d38,W2335496883,Graphene Nanomesh As Highly Sensitive Chemiresistor Gas Sensor,87775318-a9f1-457c-891c-6d910ac56175,W2088861830,Flexible room-temperature NO2 gas sensors based on carbon nanotubes/reduced graphene hybrid films,"frozen normalized_json.metadata.referenced_work_ids; source-reported citation, not technical support"
D088,e4a11c17-4a02-4845-9887-a6d113174d38,W2335496883,Graphene Nanomesh As Highly Sensitive Chemiresistor Gas Sensor,60564d96-782a-4b13-a6ba-e3cd057dbdba,W2333216006,Graphene-Based Chemical Sensors,"frozen normalized_json.metadata.referenced_work_ids; source-reported citation, not technical support"
D089,e5e2825a-81cd-4497-8b78-a2677add0a48,W1980835470,High‐Performance NO 2 Sensors Based on Chemically Modified Graphene,ef6d522b-b248-4438-abae-289b176b9968,W1997462942,High Sensitivity Gas Detection Using a Macroscopic Three-Dimensional Graphene Foam Network,"frozen normalized_json.metadata.referenced_work_ids; source-reported citation, not technical support"
D089,e5e2825a-81cd-4497-8b78-a2677add0a48,W1980835470,High‐Performance NO 2 Sensors Based on Chemically Modified Graphene,8f9fc5ae-0c9f-466e-96e6-7a1af0a80a87,W2041858177,"Adsorption of H 2 O , N H 3 , CO, N O 2 , and NO on graphene: A first-principles study","frozen normalized_json.metadata.referenced_work_ids; source-reported citation, not technical support"
D089,e5e2825a-81cd-4497-8b78-a2677add0a48,W1980835470,High‐Performance NO 2 Sensors Based on Chemically Modified Graphene,87775318-a9f1-457c-891c-6d910ac56175,W2088861830,Flexible room-temperature NO2 gas sensors based on carbon nanotubes/reduced graphene hybrid films,"frozen normalized_json.metadata.referenced_work_ids; source-reported citation, not technical support"
D089,e5e2825a-81cd-4497-8b78-a2677add0a48,W1980835470,High‐Performance NO 2 Sensors Based on Chemically Modified Graphene,895f3ff1-5a2d-4c4f-b146-bfa105dd2639,W2127824358,Reduced graphene oxide for room-temperature gas sensors,"frozen normalized_json.metadata.referenced_work_ids; source-reported citation, not technical support"
D089,e5e2825a-81cd-4497-8b78-a2677add0a48,W1980835470,High‐Performance NO 2 Sensors Based on Chemically Modified Graphene,c04f97a5-b941-4257-b74f-721faa94e982,W2161928223,Molecular Doping of Graphene,"frozen normalized_json.metadata.referenced_work_ids; source-reported citation, not technical support"
D089,e5e2825a-81cd-4497-8b78-a2677add0a48,W1980835470,High‐Performance NO 2 Sensors Based on Chemically Modified Graphene,298b9ec6-547c-4544-ad9b-1d7796ef32c1,W2164878199,Reduced Graphene Oxide Conjugated Cu2O Nanowire Mesocrystals for High-Performance NO2 Gas Sensor,"frozen normalized_json.metadata.referenced_work_ids; source-reported citation, not technical support"
D090,e61dd295-666c-4963-bb18-eac28a02fe12,W2293999363,Free‐Standing Functionalized Graphene Oxide Solid Electrolytes in Electrochemical Gas Sensors,156b15bb-dbd9-4d9d-a871-3c46ae7d5515,W1276751773,Self-Activated Transparent All-Graphene Gas Sensor with Endurance to Humidity and Mechanical Bending,"frozen normalized_json.metadata.referenced_work_ids; source-reported citation, not technical support"
D091,e6844a28-6617-497a-bbdb-62545365b18d,W2169503583,Nanostructured Pt decorated graphene and multi walled carbon nanotube based room temperature hydrogen gas sensor,8d2f77a0-7e7c-45f8-a36e-7be49395ee43,W2169767991,Graphene: carbon in two dimensions,"frozen normalized_json.metadata.referenced_work_ids; source-reported citation, not technical support"
D092,ea87c55e-72ef-439c-aa6b-7285edc49095,W1994481181,Improving gas sensing properties of graphene by introducing dopants and defects: a first-principles study,8f9fc5ae-0c9f-466e-96e6-7a1af0a80a87,W2041858177,"Adsorption of H 2 O , N H 3 , CO, N O 2 , and NO on graphene: A first-principles study","frozen normalized_json.metadata.referenced_work_ids; source-reported citation, not technical support"
D093,ed63ad4b-96aa-4ba5-a8fa-581f76e5723d,W2790839816,Optical Graphene Gas Sensors Based on Microfibers: A Review,156b15bb-dbd9-4d9d-a871-3c46ae7d5515,W1276751773,Self-Activated Transparent All-Graphene Gas Sensor with Endurance to Humidity and Mechanical Bending,"frozen normalized_json.metadata.referenced_work_ids; source-reported citation, not technical support"
D093,ed63ad4b-96aa-4ba5-a8fa-581f76e5723d,W2790839816,Optical Graphene Gas Sensors Based on Microfibers: A Review,3263deed-de40-4cc0-bf0f-e980647f6535,W2138183388,Biological and chemical sensors based on graphene materials,"frozen normalized_json.metadata.referenced_work_ids; source-reported citation, not technical support"
D093,ed63ad4b-96aa-4ba5-a8fa-581f76e5723d,W2790839816,Optical Graphene Gas Sensors Based on Microfibers: A Review,e61dd295-666c-4963-bb18-eac28a02fe12,W2293999363,Free‐Standing Functionalized Graphene Oxide Solid Electrolytes in Electrochemical Gas Sensors,"frozen normalized_json.metadata.referenced_work_ids; source-reported citation, not technical support"
D093,ed63ad4b-96aa-4ba5-a8fa-581f76e5723d,W2790839816,Optical Graphene Gas Sensors Based on Microfibers: A Review,60564d96-782a-4b13-a6ba-e3cd057dbdba,W2333216006,Graphene-Based Chemical Sensors,"frozen normalized_json.metadata.referenced_work_ids; source-reported citation, not technical support"
D094,ee5ad392-f96f-4241-b1c9-844477b87925,W4403961457,Laser-induced graphene gas sensors for environmental monitoring,b652e00f-7ac8-4b37-b370-272e2482d67f,W2922177019,Laser-Induced Graphene for Flexible and Embeddable Gas Sensors,"frozen normalized_json.metadata.referenced_work_ids; source-reported citation, not technical support"
D094,ee5ad392-f96f-4241-b1c9-844477b87925,W4403961457,Laser-induced graphene gas sensors for environmental monitoring,06066c66-1454-4813-b7b7-f366b9956035,W4284897849,"Moisture-resistant, stretchable NOx gas sensors based on laser-induced graphene for environmental monitoring and breath analysis","frozen normalized_json.metadata.referenced_work_ids; source-reported citation, not technical support"
D095,ef6d522b-b248-4438-abae-289b176b9968,W1997462942,High Sensitivity Gas Detection Using a Macroscopic Three-Dimensional Graphene Foam Network,8f9fc5ae-0c9f-466e-96e6-7a1af0a80a87,W2041858177,"Adsorption of H 2 O , N H 3 , CO, N O 2 , and NO on graphene: A first-principles study","frozen normalized_json.metadata.referenced_work_ids; source-reported citation, not technical support"
D097,f1c4d560-678f-4ead-af98-f670b31ac562,W2017626781,Highly Sensitive and Selective Gas Sensor Using Hydrophilic and Hydrophobic Graphenes,1217ad37-8d52-447f-bf53-7b61ce059613,W2056355037,Graphene Oxide Dispersions in Organic Solvents,"frozen normalized_json.metadata.referenced_work_ids; source-reported citation, not technical support"
D097,f1c4d560-678f-4ead-af98-f670b31ac562,W2017626781,Highly Sensitive and Selective Gas Sensor Using Hydrophilic and Hydrophobic Graphenes,895f3ff1-5a2d-4c4f-b146-bfa105dd2639,W2127824358,Reduced graphene oxide for room-temperature gas sensors,"frozen normalized_json.metadata.referenced_work_ids; source-reported citation, not technical support"
D097,f1c4d560-678f-4ead-af98-f670b31ac562,W2017626781,Highly Sensitive and Selective Gas Sensor Using Hydrophilic and Hydrophobic Graphenes,e6844a28-6617-497a-bbdb-62545365b18d,W2169503583,Nanostructured Pt decorated graphene and multi walled carbon nanotube based room temperature hydrogen gas sensor,"frozen normalized_json.metadata.referenced_work_ids; source-reported citation, not technical support"
D098,f788f5fa-e284-4d65-8241-8210291c488c,W2074378463,In Situ Polymerization Deposition of Porous Conducting Polymer on Reduced Graphene Oxide for Gas Sensor,e5e2825a-81cd-4497-8b78-a2677add0a48,W1980835470,High‐Performance NO 2 Sensors Based on Chemically Modified Graphene,"frozen normalized_json.metadata.referenced_work_ids; source-reported citation, not technical support"
D098,f788f5fa-e284-4d65-8241-8210291c488c,W2074378463,In Situ Polymerization Deposition of Porous Conducting Polymer on Reduced Graphene Oxide for Gas Sensor,a5c41f35-df49-4f31-95dd-394405e4c276,W2038843379,Ultrafast and sensitive room temperature NH3 gas sensors based on chemically reduced graphene oxide,"frozen normalized_json.metadata.referenced_work_ids; source-reported citation, not technical support"
D098,f788f5fa-e284-4d65-8241-8210291c488c,W2074378463,In Situ Polymerization Deposition of Porous Conducting Polymer on Reduced Graphene Oxide for Gas Sensor,87775318-a9f1-457c-891c-6d910ac56175,W2088861830,Flexible room-temperature NO2 gas sensors based on carbon nanotubes/reduced graphene hybrid films,"frozen normalized_json.metadata.referenced_work_ids; source-reported citation, not technical support"
D098,f788f5fa-e284-4d65-8241-8210291c488c,W2074378463,In Situ Polymerization Deposition of Porous Conducting Polymer on Reduced Graphene Oxide for Gas Sensor,895f3ff1-5a2d-4c4f-b146-bfa105dd2639,W2127824358,Reduced graphene oxide for room-temperature gas sensors,"frozen normalized_json.metadata.referenced_work_ids; source-reported citation, not technical support"
D099,f7baaf79-a130-4329-9f84-6d80e77835a2,W2008068390,Graphene/mica based ammonia gas sensors,dfbf11ae-d233-47e1-bfbf-505e8c2d0594,W1980451576,Toward Ubiquitous Environmental Gas Sensors—Capitalizing on the Promise of Graphene,"frozen normalized_json.metadata.referenced_work_ids; source-reported citation, not technical support"
D099,f7baaf79-a130-4329-9f84-6d80e77835a2,W2008068390,Graphene/mica based ammonia gas sensors,ef6d522b-b248-4438-abae-289b176b9968,W1997462942,High Sensitivity Gas Detection Using a Macroscopic Three-Dimensional Graphene Foam Network,"frozen normalized_json.metadata.referenced_work_ids; source-reported citation, not technical support"
D099,f7baaf79-a130-4329-9f84-6d80e77835a2,W2008068390,Graphene/mica based ammonia gas sensors,8f9fc5ae-0c9f-466e-96e6-7a1af0a80a87,W2041858177,"Adsorption of H 2 O , N H 3 , CO, N O 2 , and NO on graphene: A first-principles study","frozen normalized_json.metadata.referenced_work_ids; source-reported citation, not technical support"
D099,f7baaf79-a130-4329-9f84-6d80e77835a2,W2008068390,Graphene/mica based ammonia gas sensors,2dab9e82-5d29-40da-b093-b12b1fbde4da,W2076475450,Graphene-based gas sensors,"frozen normalized_json.metadata.referenced_work_ids; source-reported citation, not technical support"
D099,f7baaf79-a130-4329-9f84-6d80e77835a2,W2008068390,Graphene/mica based ammonia gas sensors,895f3ff1-5a2d-4c4f-b146-bfa105dd2639,W2127824358,Reduced graphene oxide for room-temperature gas sensors,"frozen normalized_json.metadata.referenced_work_ids; source-reported citation, not technical support"
D099,f7baaf79-a130-4329-9f84-6d80e77835a2,W2008068390,Graphene/mica based ammonia gas sensors,3263deed-de40-4cc0-bf0f-e980647f6535,W2138183388,Biological and chemical sensors based on graphene materials,"frozen normalized_json.metadata.referenced_work_ids; source-reported citation, not technical support"
D100,fd94b094-5144-4e96-acd5-de555c2bb84a,W1999206703,Flexible and Transparent Gas Molecule Sensor Integrated with Sensing and Heating Graphene Layers,e5e2825a-81cd-4497-8b78-a2677add0a48,W1980835470,High‐Performance NO 2 Sensors Based on Chemically Modified Graphene,"frozen normalized_json.metadata.referenced_work_ids; source-reported citation, not technical support"
D100,fd94b094-5144-4e96-acd5-de555c2bb84a,W1999206703,Flexible and Transparent Gas Molecule Sensor Integrated with Sensing and Heating Graphene Layers,ef6d522b-b248-4438-abae-289b176b9968,W1997462942,High Sensitivity Gas Detection Using a Macroscopic Three-Dimensional Graphene Foam Network,"frozen normalized_json.metadata.referenced_work_ids; source-reported citation, not technical support"
D100,fd94b094-5144-4e96-acd5-de555c2bb84a,W1999206703,Flexible and Transparent Gas Molecule Sensor Integrated with Sensing and Heating Graphene Layers,f1c4d560-678f-4ead-af98-f670b31ac562,W2017626781,Highly Sensitive and Selective Gas Sensor Using Hydrophilic and Hydrophobic Graphenes,"frozen normalized_json.metadata.referenced_work_ids; source-reported citation, not technical support"
D100,fd94b094-5144-4e96-acd5-de555c2bb84a,W1999206703,Flexible and Transparent Gas Molecule Sensor Integrated with Sensing and Heating Graphene Layers,87775318-a9f1-457c-891c-6d910ac56175,W2088861830,Flexible room-temperature NO2 gas sensors based on carbon nanotubes/reduced graphene hybrid films,"frozen normalized_json.metadata.referenced_work_ids; source-reported citation, not technical support"
