feature_id,feature_text,feature_key,semantic_kind,secondary_kinds,mixed_kind,granularity,over_specific_phrase,label_requires_context,label_truncated,document_count,document_codes,document_ids,graph_fact_ids,example_chunk_id,source_quote,feature_char_count,feature_word_count,review_method,review_notes
F001,0.71%/ppm in nh(3),article-analysis-domain-v1:feature:technical-feature-v1:MC43MSUvcHBtIGluIG5oKDMp,PERFORMANCE,,false,QUALIFIED_CONCEPT,false,true,false,1,D088,e4a11c17-4a02-4845-9887-a6d113174d38,de046104-8746-4da7-ae4b-f8457708984f,8cd9a1d3-bdd3-46ec-9e1a-872ab12c3273,"The ethanol-based graphene nanomesh sensors exhibited sensitivities of about 4.32%/ppm in NO(2) and 0.71%/ppm in NH(3) with limits of detection of 15 and 160 ppb, respectively.",18,3,manual_expert_ai_all409_source_context,
F002,10.6 μm co 2 laser,article-analysis-domain-v1:feature:technical-feature-v1:MTAuNiDOvG0gY28gMiBsYXNlcg,DEVICE,,false,QUALIFIED_CONCEPT,false,false,false,1,D070,b652e00f-7ac8-4b37-b370-272e2482d67f,1190303f-c11d-4876-88b1-7fb8242f7b6a,e5fe39a5-d194-4570-9f6b-a2ec9077c4b4,The gas sensors are fabricated by lasing polyimide substrates with a 10.6 μm CO 2 laser to synthesize LIG.,18,5,manual_expert_ai_all409_source_context,
F003,160 ppb,article-analysis-domain-v1:feature:technical-feature-v1:MTYwIHBwYg,PERFORMANCE,,false,QUALIFIED_CONCEPT,false,true,false,1,D088,e4a11c17-4a02-4845-9887-a6d113174d38,615e69aa-6c73-40ba-ba77-49e7ad592ee1,8cd9a1d3-bdd3-46ec-9e1a-872ab12c3273,"The ethanol-based graphene nanomesh sensors exhibited sensitivities of about 4.32%/ppm in NO(2) and 0.71%/ppm in NH(3) with limits of detection of 15 and 160 ppb, respectively.",7,2,manual_expert_ai_all409_source_context,Bare detection-limit value; NO2/NH3 association must be checked in the full sentence.
F004,22 °c,article-analysis-domain-v1:feature:technical-feature-v1:MjIgwrBj,OPERATING_CONDITION,,false,QUALIFIED_CONCEPT,false,false,false,1,D052,88e8a18b-f7b8-4366-9ffc-ffbc1655b882,02ca8ee4-a3d4-4eda-b0dc-f563fe53dc5c,9a01008b-ea30-49d1-960e-dc32d3dc2ff6,"The optimal sensor response toward 50 ppm of H 2 S is 33 in 2 s, and it is fully reversible upon H 2 S release at 22 °C.",5,2,manual_expert_ai_all409_source_context,
F005,25 ppm,article-analysis-domain-v1:feature:technical-feature-v1:MjUgcHBt,PERFORMANCE,,false,QUALIFIED_CONCEPT,false,true,false,1,D090,e61dd295-666c-4963-bb18-eac28a02fe12,5fa30e2f-663e-4d40-9e1a-146e7457ec69,666fa0ee-59ba-497d-a89a-cd5f2e99d0ba,An ethanol detection limit level as low as 25 ppm is achieved,6,2,manual_expert_ai_all409_source_context,Bare detection-limit value: ethanol in an electrochemical sensor.
F006,2d materials,article-analysis-domain-v1:feature:technical-feature-v1:MmQgbWF0ZXJpYWxz,MATERIAL,,false,ATOMIC_NARROW,false,false,false,1,D043,7ab3543e-3bdf-4320-880f-3590b26aa4b6,1c6d619a-83bd-4b27-8689-8d6f04d8d5fd,2061763d-b4f9-47e4-9560-4b654f81c4c8,"Semiconductor materials include metal oxides, conducting polymers, carbon nanotubes, and 2D materials.",12,2,manual_expert_ai_all409_source_context,
F007,33 in 2 s,article-analysis-domain-v1:feature:technical-feature-v1:MzMgaW4gMiBz,PERFORMANCE,,false,QUALIFIED_CONCEPT,false,true,false,1,D052,88e8a18b-f7b8-4366-9ffc-ffbc1655b882,94657cfd-ef11-42ab-9330-1dab94b59af2,9a01008b-ea30-49d1-960e-dc32d3dc2ff6,"The optimal sensor response toward 50 ppm of H 2 S is 33 in 2 s, and it is fully reversible upon H 2 S release at 22 °C.",9,4,manual_expert_ai_all409_source_context,Bare response and time: context is H2S exposure.
F008,3d nanoflower-like cuxo/multilayer graphene composites (cumgcs),article-analysis-domain-v1:feature:technical-feature-v1:M2QgbmFub2Zsb3dlci1saWtlIGN1eG8vbXVsdGlsYXllciBncmFwaGVuZSBjb21wb3NpdGVzIChjdW1nY3Mp,MATERIAL,,false,QUALIFIED_CONCEPT,false,false,false,1,D074,bfcae593-3cf3-42fd-971a-5521c706cabe,2368778f-df84-4347-beff-b1729c48c8d2,b293d27a-c458-484b-8164-c053423ac65d,3D nanoflower-like CuxO/multilayer graphene composites (CuMGCs) have been successfully synthesized as a new type of room temperature NOx gas sensor.,63,6,manual_expert_ai_all409_source_context,
F009,3d sulfonated rgo hydrogel,article-analysis-domain-v1:feature:technical-feature-v1:M2Qgc3VsZm9uYXRlZCByZ28gaHlkcm9nZWw,MATERIAL,,false,QUALIFIED_CONCEPT,false,false,false,1,D082,d145c9ac-f2af-4f95-a048-4bc61c873bd7,d64da8f3-4df2-4812-bdd8-80e4263254f4,8db8d650-11b9-4f9f-a333-4565fc673498,"Here, a chemiresistor‐type sensor based on 3D sulfonated RGO hydrogel (S‐RGOH) is reported",26,4,manual_expert_ai_all409_source_context,
F010,4 vol% hydrogen in air,article-analysis-domain-v1:feature:technical-feature-v1:NCB2b2wlIGh5ZHJvZ2VuIGluIGFpcg,OPERATING_CONDITION,,false,QUALIFIED_CONCEPT,false,false,false,1,D091,e6844a28-6617-497a-bbdb-62545365b18d,1b1ea281-513e-4b71-a28e-4ae38a54f5bf,5259dff5-7b56-4a67-be3d-15b07f0a3590,"Systematic investigation of hydrogen sensing, at a low detection level of 4 vol% hydrogen in air, of (Pt/f-G) reveals a response time comparable to that of (Pt/f-MWNT) but with a two fold increase in the sensitivity at room temperature.",22,5,manual_expert_ai_all409_source_context,
F011,4.32%/ppm in no(2),article-analysis-domain-v1:feature:technical-feature-v1:NC4zMiUvcHBtIGluIG5vKDIp,PERFORMANCE,,false,QUALIFIED_CONCEPT,false,false,false,1,D088,e4a11c17-4a02-4845-9887-a6d113174d38,826de9b1-cf1f-422d-b182-3066683def7c,8cd9a1d3-bdd3-46ec-9e1a-872ab12c3273,"The ethanol-based graphene nanomesh sensors exhibited sensitivities of about 4.32%/ppm in NO(2) and 0.71%/ppm in NH(3) with limits of detection of 15 and 160 ppb, respectively.",18,3,manual_expert_ai_all409_source_context,
F012,450-nm wavelength bench top laser,article-analysis-domain-v1:feature:technical-feature-v1:NDUwLW5tIHdhdmVsZW5ndGggYmVuY2ggdG9wIGxhc2Vy,DEVICE,,false,QUALIFIED_CONCEPT,false,false,false,1,D094,ee5ad392-f96f-4241-b1c9-844477b87925,ca35ab71-b337-4ecb-86b0-21e0c2f7f712,1ecb24ee-8566-413b-877c-3db364e8d60e,a graphitic material synthesized using a 450-nm wavelength bench top laser patterned onto polyimide substrates,33,5,manual_expert_ai_all409_source_context,
F013,5-9 nm cuxo nanoparticles,article-analysis-domain-v1:feature:technical-feature-v1:NS05IG5tIGN1eG8gbmFub3BhcnRpY2xlcw,MATERIAL,,false,QUALIFIED_CONCEPT,false,false,false,1,D074,bfcae593-3cf3-42fd-971a-5521c706cabe,a8af33d9-a62b-48ad-9164-fc0ad2eb1b41,b293d27a-c458-484b-8164-c053423ac65d,"Eventually, the 3D nanoflower consisting of 5-9 nm CuxO nanoparticles homogeneously grow in situ on aEG.",25,4,manual_expert_ai_all409_source_context,
F014,50 ppm of h 2 s,article-analysis-domain-v1:feature:technical-feature-v1:NTAgcHBtIG9mIGggMiBz,OPERATING_CONDITION,,false,QUALIFIED_CONCEPT,false,false,false,1,D052,88e8a18b-f7b8-4366-9ffc-ffbc1655b882,303f99a4-55e9-46d2-aa7f-04900d67cc04,9a01008b-ea30-49d1-960e-dc32d3dc2ff6,"The optimal sensor response toward 50 ppm of H 2 S is 33 in 2 s, and it is fully reversible upon H 2 S release at 22 °C.",15,6,manual_expert_ai_all409_source_context,
F015,5–40 ppm,article-analysis-domain-v1:feature:technical-feature-v1:NeKAkzQwIHBwbQ,OPERATING_CONDITION,,false,QUALIFIED_CONCEPT,false,true,false,1,D030,4b75c865-01cf-4348-ae21-baf91df52a12,b9ab60e1-12f3-4a3a-b19d-40c1757edfb5,c0d11519-53e9-455f-aa55-8341454c62c7,5–40 ppm,8,2,manual_expert_ai_all409_source_context,
F016,6 fold increase in no2 sensitivity compared to epitaxial graphene,article-analysis-domain-v1:feature:technical-feature-v1:NiBmb2xkIGluY3JlYXNlIGluIG5vMiBzZW5zaXRpdml0eSBjb21wYXJlZCB0byBlcGl0YXhpYWwgZ3JhcGhlbmU,PERFORMANCE,,false,QUALIFIED_CONCEPT,false,false,false,1,D057,92b288c5-a152-43a5-9faa-6d235ae9afb7,43ce1bad-ea6c-4803-a995-fffcd96a0914,976ee6e9-bd12-4f15-bf38-30fbd15105ba,Quasi freestanding epitaxial graphene shows a 6 fold increase in NO2 sensitivity compared to epitaxial graphene.,65,10,manual_expert_ai_all409_source_context,
F017,97.0 ppm nox,article-analysis-domain-v1:feature:technical-feature-v1:OTcuMCBwcG0gbm94,OPERATING_CONDITION,,false,QUALIFIED_CONCEPT,false,false,false,1,D074,bfcae593-3cf3-42fd-971a-5521c706cabe,9fe93497-64e7-4bbb-8e4f-97a0b3c38cd4,b293d27a-c458-484b-8164-c053423ac65d,"In detail, the CuMGCs show a higher NOx gas sensing performance with low detection limit of 97 ppb, high gas response of 95.1% and short response time of 9.6 s to 97.0 ppm NOx at room temperature.",12,3,manual_expert_ai_all409_source_context,
F018,>10 μm,article-analysis-domain-v1:feature:technical-feature-v1:PjEwIM68bQ,MORPHOLOGY,,false,QUALIFIED_CONCEPT,false,true,false,1,D040,704d0fb4-dc04-4a88-ab73-ab9204758f98,22b67efa-7337-40a1-87ca-a9d2354926bc,6d47eced-5f01-430f-ad40-e3712888465c,large sizes (>10 μm),6,2,manual_expert_ai_all409_source_context,"Bare size: GO sheets, not a standalone scientific concept."
F019,>5000 bending cycles with a bending radius of 0.95 cm,article-analysis-domain-v1:feature:technical-feature-v1:PjUwMDAgYmVuZGluZyBjeWNsZXMgd2l0aCBhIGJlbmRpbmcgcmFkaXVzIG9mIDAuOTUgY20,PERFORMANCE,,false,QUALIFIED_CONCEPT,false,false,false,1,D030,4b75c865-01cf-4348-ae21-baf91df52a12,a41c8814-9d72-4b0b-8c72-1c6c27afe7dd,c0d11519-53e9-455f-aa55-8341454c62c7,>5000 bending cycles with a bending radius of 0.95 cm,53,10,manual_expert_ai_all409_source_context,
F020,>60% in the visible region,article-analysis-domain-v1:feature:technical-feature-v1:PjYwJSBpbiB0aGUgdmlzaWJsZSByZWdpb24,PROPERTY,,false,QUALIFIED_CONCEPT,false,true,false,1,D030,4b75c865-01cf-4348-ae21-baf91df52a12,3b77dfbb-1d11-48bf-8abf-808e236c3b00,c0d11519-53e9-455f-aa55-8341454c62c7,>60% in the visible region,26,5,manual_expert_ai_all409_source_context,Bare optical transmittance value; label omits property name.
F021,about an order of magnitude,article-analysis-domain-v1:feature:technical-feature-v1:YWJvdXQgYW4gb3JkZXIgb2YgbWFnbml0dWRl,PERFORMANCE,,false,QUALIFIED_CONCEPT,false,true,false,1,D060,96575fc6-1212-4cb1-889f-179dd9515854,d258f204-4b6e-43cf-9f7b-155f163a790c,006deffa-1906-4677-942b-2a29bd47046b,improves sensitivity of its electrical resistance to adsorption of NH3 molecules by about an order of magnitude,27,5,manual_expert_ai_all409_source_context,Bare comparison magnitude: NH3 sensitivity enhancement.
F022,absence of localization,article-analysis-domain-v1:feature:technical-feature-v1:YWJzZW5jZSBvZiBsb2NhbGl6YXRpb24,PROPERTY,,false,QUALIFIED_CONCEPT,false,false,false,1,D055,8d2f77a0-7e7c-45f8-a36e-7be49395ee43,231cc862-2c97-475b-bbcd-e9f4a75a48c0,ca384a3b-e085-4554-8159-bdf5dbd2bcd7,"from an anomalous quantum Hall effect to the absence of localization – in this, the first two-dimensional material.",23,3,manual_expert_ai_all409_source_context,
F023,agglomerated structures of graphene and sno 2 particles,article-analysis-domain-v1:feature:technical-feature-v1:YWdnbG9tZXJhdGVkIHN0cnVjdHVyZXMgb2YgZ3JhcGhlbmUgYW5kIHNubyAyIHBhcnRpY2xlcw,MORPHOLOGY,,false,QUALIFIED_CONCEPT,false,false,false,1,D004,08d58bd1-a89e-4b70-b817-821df8428bc7,9e28ad0b-9596-4b59-9b0c-d5f988f74fcd,1314b88d-a703-48b5-bb03-e426d5474034,"Structural characterization revealed that the products corresponded to agglomerated structures of graphene and SnO 2 particles, with small secondary SnO x ( x ≤ 2) nanoparticles deposited on the surfaces.",55,8,manual_expert_ai_all409_source_context,
F024,al and s atoms protrude out of the graphene layer,article-analysis-domain-v1:feature:technical-feature-v1:YWwgYW5kIHMgYXRvbXMgcHJvdHJ1ZGUgb3V0IG9mIHRoZSBncmFwaGVuZSBsYXllcg,MORPHOLOGY,,false,PROPOSITION,false,false,false,1,D045,7b462286-ce94-41ea-b031-543d6aaef0f2,b72787d9-19bb-4256-a05b-f0d76fe614af,ddf32319-6303-4e68-94ac-f38e91d629c9,Al and S atoms protrude out of the graphene layer,49,10,manual_expert_ai_all409_source_context,
F025,"al-doped graphene is much more reactive and binds many more gases, including o2",article-analysis-domain-v1:feature:technical-feature-v1:YWwtZG9wZWQgZ3JhcGhlbmUgaXMgbXVjaCBtb3JlIHJlYWN0aXZlIGFuZCBiaW5kcyBtYW55IG1vcmUgZ2FzZXMsIGluY2x1ZGluZyBvMg,PROPERTY,MATERIAL,true,PROPOSITION,false,false,false,1,D045,7b462286-ce94-41ea-b031-543d6aaef0f2,24dd5ed2-b1ea-498d-b698-340a922dd8db,ddf32319-6303-4e68-94ac-f38e91d629c9,"Al-doped graphene is much more reactive and binds many more gases, including O2",79,13,manual_expert_ai_all409_source_context,
F026,almost 13 times,article-analysis-domain-v1:feature:technical-feature-v1:YWxtb3N0IDEzIHRpbWVz,PROPERTY,,false,QUALIFIED_CONCEPT,false,true,false,1,D042,75f1a531-496e-44ff-9a26-97fd0b24dd90,bfd79303-16f8-40aa-b1de-0581d84fb4d0,75b4b1e7-248b-4be4-a085-24624b89a1ef,almost 13 times,15,3,manual_expert_ai_all409_source_context,"Bare adsorption-energy comparison, not a named feature."
F027,almost 9 times,article-analysis-domain-v1:feature:technical-feature-v1:YWxtb3N0IDkgdGltZXM,PROPERTY,,false,QUALIFIED_CONCEPT,false,true,false,1,D042,75f1a531-496e-44ff-9a26-97fd0b24dd90,81d7984a-ea12-484d-96e7-324d67e5f6af,14dc13ed-82ff-4e60-afb9-cf5948a983fc,almost 9 times,14,3,manual_expert_ai_all409_source_context,"Bare adsorption-energy comparison, not a named feature."
F028,anomalous quantum hall effect,article-analysis-domain-v1:feature:technical-feature-v1:YW5vbWFsb3VzIHF1YW50dW0gaGFsbCBlZmZlY3Q,PROPERTY,,false,ATOMIC_NARROW,false,false,false,1,D055,8d2f77a0-7e7c-45f8-a36e-7be49395ee43,8d31431d-1e70-4c1a-9e33-1f1ed096e21f,ca384a3b-e085-4554-8159-bdf5dbd2bcd7,"from an anomalous quantum Hall effect to the absence of localization – in this, the first two-dimensional material.",29,4,manual_expert_ai_all409_source_context,
F029,anti-corrosion coatings,article-analysis-domain-v1:feature:technical-feature-v1:YW50aS1jb3Jyb3Npb24gY29hdGluZ3M,TECHNOLOGY,,false,ATOMIC_NARROW,false,false,false,1,D021,2f7fb8d1-42b1-433b-9091-7d13fc6493b1,123d22b5-f28f-4654-ab29-d68a2a302adb,e378bcd8-f914-452b-9322-618de37cb28c,"We specifically highlight their performances in separation applications, stimuli-responsive materials, anti-corrosion coatings, and energy storage.",23,2,manual_expert_ai_all409_source_context,
F030,armchair-shaped edges,article-analysis-domain-v1:feature:technical-feature-v1:YXJtY2hhaXItc2hhcGVkIGVkZ2Vz,MORPHOLOGY,,false,QUALIFIED_CONCEPT,false,false,false,1,D022,2fffa4e2-bc98-4639-a657-e9071f8d65f8,482bea8c-32a6-4245-a946-11fe7150f493,f9160e9b-449d-4e44-a678-07fc9517d6bf,GNR with armchair-shaped edges,21,2,manual_expert_ai_all409_source_context,
F031,atomic force microscopy (afm),article-analysis-domain-v1:feature:technical-feature-v1:YXRvbWljIGZvcmNlIG1pY3Jvc2NvcHkgKGFmbSk,TECHNOLOGY,,false,ATOMIC_NARROW,false,false,false,1,D066,a7588c01-0b42-40c2-8e08-86a056819ce7,0cfadb96-b694-4866-b6f6-642fca29e147,e8fe38fd-98e5-47f8-949a-019810448e8c,Atomic Force Microscopy (AFM),29,4,manual_expert_ai_all409_source_context,
F032,atomic thickness,article-analysis-domain-v1:feature:technical-feature-v1:YXRvbWljIHRoaWNrbmVzcw,MORPHOLOGY,,false,ATOMIC_NARROW,false,false,false,1,D075,c04f97a5-b941-4257-b74f-721faa94e982,e2e4a351-0997-4fbd-96ac-8ba841feb536,40d0ed33-a786-422f-b88b-7a16a3513ae9,"Graphene is considered as one of the most promising materials for post silicon electronics, as it combines high electron mobility with atomic thickness [Novoselov et al. Science 2004, 306, 666-669. Novoselov et al. Proc. Natl. Acad. Sci. U.S.A. 2005, 102, 10451-10453].",16,2,manual_expert_ai_all409_source_context,
F033,b- and n-doped graphene retain a planar form,article-analysis-domain-v1:feature:technical-feature-v1:Yi0gYW5kIG4tZG9wZWQgZ3JhcGhlbmUgcmV0YWluIGEgcGxhbmFyIGZvcm0,MORPHOLOGY,,false,PROPOSITION,false,false,false,1,D045,7b462286-ce94-41ea-b031-543d6aaef0f2,5822766c-71b3-4647-8032-6d657e06edb2,ddf32319-6303-4e68-94ac-f38e91d629c9,B- and N-doped graphene retain a planar form,44,8,manual_expert_ai_all409_source_context,
F034,bandgap,article-analysis-domain-v1:feature:technical-feature-v1:YmFuZGdhcA,PROPERTY,,false,ATOMIC_NARROW,false,false,false,1,D039,6f1fea7f-0d19-4f8a-99cc-842e0fa30c78,5327cc2e-aedf-4577-b4c4-ac3d3716afca,f69033d8-3861-45bc-a9a7-89d2b147c41c,All these materials show a bandgap,7,1,manual_expert_ai_all409_source_context,
F035,bend testing up to 100 cycles,article-analysis-domain-v1:feature:technical-feature-v1:YmVuZCB0ZXN0aW5nIHVwIHRvIDEwMCBjeWNsZXM,TECHNOLOGY,,false,QUALIFIED_CONCEPT,false,false,false,1,D094,ee5ad392-f96f-4241-b1c9-844477b87925,6c3af5aa-0285-4631-845b-58e044256852,e10372a2-e6cb-49ed-8f18-61cc16d113fc,Bend testing up to 100 cycles provides evidence that these sensors will remain resilient when deployed across the landscapes to assess VOC signaling in plant communities.,29,6,manual_expert_ai_all409_source_context,
F036,bending strain,article-analysis-domain-v1:feature:technical-feature-v1:YmVuZGluZyBzdHJhaW4,OPERATING_CONDITION,,false,ATOMIC_NARROW,false,false,false,1,D011,156b15bb-dbd9-4d9d-a871-3c46ae7d5515,6454966b-8e8e-403c-b674-2de66130b236,658c581f-b972-4500-83fb-0c881a212867,The sensors show reliable operation under high humidity conditions and bending strain.,14,2,manual_expert_ai_all409_source_context,
F037,bicycle light,article-analysis-domain-v1:feature:technical-feature-v1:YmljeWNsZSBsaWdodA,DEVICE,,false,ATOMIC_NARROW,false,false,false,1,D002,0552620e-65ac-43c4-93c4-09b464cf9ade,0bb2d4fc-c3bc-4900-8a90-c765d793faaf,fb382821-bd8e-402c-97fb-57311552a4c5,"In addition, the mechanical robustness of the materials allows the device to be transferred onto various nonplanar substrates, including a watch, a bicycle light, and the leaves of live plants, thereby achieving next-generation sensing electronics for the 'Internet of Things' area.",13,2,manual_expert_ai_all409_source_context,
F038,bluetooth system,article-analysis-domain-v1:feature:technical-feature-v1:Ymx1ZXRvb3RoIHN5c3RlbQ,DEVICE,,false,ATOMIC_NARROW,false,false,false,1,D002,0552620e-65ac-43c4-93c4-09b464cf9ade,77cfc862-f675-4434-8d3e-e859bd44e42c,fb382821-bd8e-402c-97fb-57311552a4c5,The integration of a Bluetooth system or an inductive antenna enables the wireless operation of the sensor.,16,2,manual_expert_ai_all409_source_context,
F039,boron nitride,article-analysis-domain-v1:feature:technical-feature-v1:Ym9yb24gbml0cmlkZQ,MATERIAL,,false,ATOMIC_NARROW,false,false,false,1,D043,7ab3543e-3bdf-4320-880f-3590b26aa4b6,c4fcdec0-7607-4360-8a9f-180f8ca5e783,2061763d-b4f9-47e4-9560-4b654f81c4c8,"Graphene, transition metal chalcogenides, boron nitride, transition metal carbides/nitrides, metal organic frameworks, and metal oxide nanosheets as 2D materials represent gas-sensing materials of the future, especially in medical devices, such as breath sensing.",13,2,manual_expert_ai_all409_source_context,
F040,b–n codoping on graphene,article-analysis-domain-v1:feature:technical-feature-v1:YuKAk24gY29kb3Bpbmcgb24gZ3JhcGhlbmU,PROCESS,,false,QUALIFIED_CONCEPT,false,false,false,1,D035,5f698fb2-5265-4343-a012-0c0fb3c6e9c4,b06666c9-6054-45ad-8b32-dfc719ea2783,4f0f0e24-163f-4d49-a509-72a2393efd6a,"So, we report B–N codoping on graphene can be highly sensitive and selective for semiconductor-based gas sensor.",24,4,manual_expert_ai_all409_source_context,
F041,carbon nanotubes,article-analysis-domain-v1:feature:technical-feature-v1:Y2FyYm9uIG5hbm90dWJlcw,MATERIAL,,false,ATOMIC_NARROW,false,false,false,1,D043,7ab3543e-3bdf-4320-880f-3590b26aa4b6,68af3c1a-457d-496f-a12a-2f50b65a7db9,2061763d-b4f9-47e4-9560-4b654f81c4c8,"Semiconductor materials include metal oxides, conducting polymers, carbon nanotubes, and 2D materials.",16,2,manual_expert_ai_all409_source_context,
F042,change in resistance of up to 5%,article-analysis-domain-v1:feature:technical-feature-v1:Y2hhbmdlIGluIHJlc2lzdGFuY2Ugb2YgdXAgdG8gNSU,PERFORMANCE,,false,QUALIFIED_CONCEPT,false,false,false,1,D094,ee5ad392-f96f-4241-b1c9-844477b87925,5ae1c929-96e2-4728-909f-6f68a854726e,e10372a2-e6cb-49ed-8f18-61cc16d113fc,The initial characterization of the material has shown an analyte response represented by a change in resistance of up to 5% in the presence of volatile organic compounds (VOCs),32,7,manual_expert_ai_all409_source_context,
F043,charge transfer between gases and graphene,article-analysis-domain-v1:feature:technical-feature-v1:Y2hhcmdlIHRyYW5zZmVyIGJldHdlZW4gZ2FzZXMgYW5kIGdyYXBoZW5l,MECHANISM,,false,QUALIFIED_CONCEPT,false,false,false,1,D085,dbf895b0-e07a-40a0-9dde-d2858ff63320,9e9c9e76-03ec-47ad-9a94-683ccb5ac752,b521e874-57f4-4f70-865b-c340c09efe4d,"Given the underlying principle of graphene sensors is the charge transfer between gases and graphene, the initial graphene doping level should be critical in the final sensor performance; however, such knowledge has been largely missed in prior reports.",42,6,manual_expert_ai_all409_source_context,
F044,charge transfer between graphene and no2 (and its dimer n2o4),article-analysis-domain-v1:feature:technical-feature-v1:Y2hhcmdlIHRyYW5zZmVyIGJldHdlZW4gZ3JhcGhlbmUgYW5kIG5vMiAoYW5kIGl0cyBkaW1lciBuMm80KQ,MECHANISM,,false,QUALIFIED_CONCEPT,false,false,false,1,D085,dbf895b0-e07a-40a0-9dde-d2858ff63320,f3919c40-ff74-4078-9b3b-5b9b391d328c,b521e874-57f4-4f70-865b-c340c09efe4d,The electrical response is triggered by the charge transfer between graphene and NO2 (and its dimer N2O4).,61,10,manual_expert_ai_all409_source_context,
F045,chemical doping,article-analysis-domain-v1:feature:technical-feature-v1:Y2hlbWljYWwgZG9waW5n,PROCESS,,false,ATOMIC_NARROW,false,false,false,1,D075,c04f97a5-b941-4257-b74f-721faa94e982,7884178c-1fc9-42db-8b43-d01415b793dc,40d0ed33-a786-422f-b88b-7a16a3513ae9,"The possibility of chemical doping and related excellent chemical sensor properties of graphene have been demonstrated experimentally [Schedin et al. Nat. Mater. 2007, 6, 652-655], but a microscopic understanding of these effects has been lacking, so far.",15,2,manual_expert_ai_all409_source_context,
F046,chemical durability,article-analysis-domain-v1:feature:technical-feature-v1:Y2hlbWljYWwgZHVyYWJpbGl0eQ,PROPERTY,,false,ATOMIC_NARROW,false,false,false,1,D047,7c663f65-65c2-4e27-8840-bf5bdb960cb0,de65a301-527b-427c-9c2a-0475f0b9f696,e1851a4b-19b5-4334-8a11-811bfe34cd94,"The e-textile gas sensor possesses chemical durability to several detergent washing treatments and mechanical stability under 1,000 bending tests at an extreme bending radius of 1 mm as well as a high response to NO2 gas at room temperature with selectivity to other gases such as acetone, ethanol, ethylene, and CO2.",19,2,manual_expert_ai_all409_source_context,
F047,chemical vapor deposition (cvd) grown graphene nitrogen dioxide (no 2 ) gas sensors modified by zinc oxide (zno) thin films via atomic layer deposition (ald),article-analysis-domain-v1:feature:technical-feature-v1:Y2hlbWljYWwgdmFwb3IgZGVwb3NpdGlvbiAoY3ZkKSBncm93biBncmFwaGVuZSBuaXRyb2dlbiBkaW94aWRlIChubyAyICkgZ2FzIHNlbnNvcnMgbW9kaWZpZWQgYnkgemluYyBveGlkZSAoem5vKSB0aGluIGZpbG1zIHZpYSBhdG9taWMgbGF5ZXIgZGVwb3NpdGlvbiAoYWxkKQ,DEVICE,MATERIAL;PROCESS,true,QUALIFIED_CONCEPT,true,false,false,1,D020,2ebddf68-fb9c-46be-873c-9d7e19b32af5,0fe2b167-847f-47a7-b84c-90961871048d,e31c5401-4339-43f7-8259-935af544da86,The Chemical Vapor Deposition (CVD) grown graphene nitrogen dioxide (NO 2 ) gas sensors modified by zinc oxide (ZnO) thin films via atomic layer deposition (ALD) were fabricated and their sensitivity dependence on the temperature and ZnO film thickness was investigated.,157,25,manual_expert_ai_all409_source_context,
F048,chemiresistor‐type sensor,article-analysis-domain-v1:feature:technical-feature-v1:Y2hlbWlyZXNpc3RvcuKAkHR5cGUgc2Vuc29y,DEVICE,,false,ATOMIC_NARROW,false,false,false,1,D082,d145c9ac-f2af-4f95-a048-4bc61c873bd7,ee025ebc-a1f2-4d4b-bae1-eb003a85c42a,8db8d650-11b9-4f9f-a333-4565fc673498,"Here, a chemiresistor‐type sensor based on 3D sulfonated RGO hydrogel (S‐RGOH) is reported",25,2,manual_expert_ai_all409_source_context,
F049,cl2,article-analysis-domain-v1:feature:technical-feature-v1:Y2wy,ANALYTE,,false,ATOMIC_NARROW,false,false,false,1,D063,9e83b80f-5ab2-411c-b800-3f6eac578f51,ec030366-0a76-4779-b295-fb1c2292d301,b0355aae-2c8e-484c-a7c0-03c3a81d4aea,Cl2,3,1,manual_expert_ai_all409_source_context,
F050,cnts 20 μm in length,article-analysis-domain-v1:feature:technical-feature-v1:Y250cyAyMCDOvG0gaW4gbGVuZ3Ro,MORPHOLOGY,,false,QUALIFIED_CONCEPT,false,false,false,1,D050,87775318-a9f1-457c-891c-6d910ac56175,0f7262ee-7618-4b5d-bf00-790565b97945,468da37d-6e9a-4912-a13a-b5a50250ead3,"A hybrid film, formed by the growth of a vertically aligned CNT array (with CNTs 20 μm in length) on the reduced graphene film surface, exhibited remarkably enhanced sensitivities with weak N–P transitions.",20,5,manual_expert_ai_all409_source_context,
F051,co2,article-analysis-domain-v1:feature:technical-feature-v1:Y28y,ANALYTE,,false,ATOMIC_NARROW,false,false,false,1,D063,9e83b80f-5ab2-411c-b800-3f6eac578f51,e29eaf10-a3d5-4276-9644-5af1b292388a,b0355aae-2c8e-484c-a7c0-03c3a81d4aea,CO2,3,1,manual_expert_ai_all409_source_context,
F052,commercially available cotton/elastic threads,article-analysis-domain-v1:feature:technical-feature-v1:Y29tbWVyY2lhbGx5IGF2YWlsYWJsZSBjb3R0b24vZWxhc3RpYyB0aHJlYWRz,MATERIAL,,false,QUALIFIED_CONCEPT,false,false,false,1,D001,00f9cfc7-459f-4c4d-8131-b425d01527dc,270a9a8a-c1cb-47d6-8c3e-420d368d41e3,6319af2d-0fe1-4daa-87c6-131c379a75c9,The proposed gas sensor is built using commercially available cotton/elastic threads as flexible/stretchable templates and reduced graphene oxide/mesoporous zinc oxide nanosheets as sensing layers to form conducting fibers.,45,4,manual_expert_ai_all409_source_context,
F053,conducting polymers,article-analysis-domain-v1:feature:technical-feature-v1:Y29uZHVjdGluZyBwb2x5bWVycw,MATERIAL,,false,ATOMIC_NARROW,false,false,false,1,D043,7ab3543e-3bdf-4320-880f-3590b26aa4b6,5b7e37a8-68a3-484e-a52c-355daa93d244,2061763d-b4f9-47e4-9560-4b654f81c4c8,"Semiconductor materials include metal oxides, conducting polymers, carbon nanotubes, and 2D materials.",19,2,manual_expert_ai_all409_source_context,
F054,conductive,article-analysis-domain-v1:feature:technical-feature-v1:Y29uZHVjdGl2ZQ,PROPERTY,,false,ATOMIC_NARROW,false,false,false,1,D001,00f9cfc7-459f-4c4d-8131-b425d01527dc,391b9b9b-f2ce-4b93-8dad-f756ae3630ac,6319af2d-0fe1-4daa-87c6-131c379a75c9,"Here, an easy-handing, low cost, and scalable fabricating strategy is reported to fabricate conductive, highly flexible, and mechanically stretchable/twisted fiber gas sensor with great wearability and knittability.",10,1,manual_expert_ai_all409_source_context,
F055,conformable compatibility with clothes,article-analysis-domain-v1:feature:technical-feature-v1:Y29uZm9ybWFibGUgY29tcGF0aWJpbGl0eSB3aXRoIGNsb3RoZXM,PROPERTY,,false,QUALIFIED_CONCEPT,false,false,false,1,D001,00f9cfc7-459f-4c4d-8131-b425d01527dc,a14790f7-8871-4edc-a09f-95c1f3294c2d,6319af2d-0fe1-4daa-87c6-131c379a75c9,"E-textiles are gaining growing popularity recently due to low cost, light weight, and conformable compatibility with clothes in wearable and portable smart electronics.",38,4,manual_expert_ai_all409_source_context,
F056,continuous conductive networks,article-analysis-domain-v1:feature:technical-feature-v1:Y29udGludW91cyBjb25kdWN0aXZlIG5ldHdvcmtz,MORPHOLOGY,,false,QUALIFIED_CONCEPT,false,false,false,1,D071,b825539d-f4bb-4d21-a5d2-0f535b15eb49,54b1c9ac-0c03-4cbf-861e-645e161f4cb7,21be3ce8-74b4-42af-97d3-f728c12f493b,Graphene and graphene oxide (GO) work as continuous conductive networks with a large number of surface adsorption sites for many gas molecules.,30,3,manual_expert_ai_all409_source_context,
F057,convenience to fabricate into different morphological nanostructures,article-analysis-domain-v1:feature:technical-feature-v1:Y29udmVuaWVuY2UgdG8gZmFicmljYXRlIGludG8gZGlmZmVyZW50IG1vcnBob2xvZ2ljYWwgbmFub3N0cnVjdHVyZXM,PROPERTY,MORPHOLOGY,true,QUALIFIED_CONCEPT,false,false,false,1,D058,95ad40b5-46f9-4654-bdd2-96e396478d6c,6c3d7abc-52d7-498a-b244-b908ff874ed5,598def39-7f5a-450c-96d7-156cc33157e1,"along with other inherently unique properties and convenience to fabricate into different morphological nanostructures, from atomically thin single layers to nanoribbons.",68,7,manual_expert_ai_all409_source_context,Manufacturability statement rather than a stable named technical feature.
F058,cost advantages of a silicon cmos platform,article-analysis-domain-v1:feature:technical-feature-v1:Y29zdCBhZHZhbnRhZ2VzIG9mIGEgc2lsaWNvbiBjbW9zIHBsYXRmb3Jt,OTHER,,false,QUALIFIED_CONCEPT,false,false,false,1,D054,8a635573-0311-4947-85e8-fc9dfee4ef43,6349563f-730a-4152-9520-7cbe84b3c098,b6867ce4-3364-45ad-b8f8-cd7fc616ad0c,"We demonstrate the first monolithically integrated CMOS-monolayer graphene gas sensor, with a minimal number of post-CMOS processing steps, to realize a gas sensor platform that combines the superior gas sensitivity of monolayer graphene with the low power consumption and cost advantages of a silicon CMOS platform.",42,7,manual_expert_ai_all409_source_context,"Economic benefit, not a narrow scientific concept."
F059,covalent binding modification,article-analysis-domain-v1:feature:technical-feature-v1:Y292YWxlbnQgYmluZGluZyBtb2RpZmljYXRpb24,PROCESS,,false,ATOMIC_NARROW,false,false,false,1,D096,f13d2b75-dc3f-474d-975b-894e77fc79d4,b881fc23-8a8d-49df-8902-6faf977a8a53,363f8e46-01bb-4b24-98d0-0de4cd51d023,"Next, the functionalization of graphene and graphene oxide is mainly divided into covalent binding modification, non-covalent binding modification and elemental doping.",29,3,manual_expert_ai_all409_source_context,
F060,creation of graphene-polymer blends,article-analysis-domain-v1:feature:technical-feature-v1:Y3JlYXRpb24gb2YgZ3JhcGhlbmUtcG9seW1lciBibGVuZHM,PROCESS,,false,QUALIFIED_CONCEPT,false,false,false,1,D033,5d98bb43-ab4b-458a-86bc-0d4b88145cb7,6607927d-366d-4fc8-826f-f35530c9a27b,dbdaf239-fba9-4211-b227-4b8b4c6c783d,creation of graphene-polymer blends,35,4,manual_expert_ai_all409_source_context,
F061,ctab,article-analysis-domain-v1:feature:technical-feature-v1:Y3RhYg,MATERIAL,,false,ATOMIC_NARROW,false,false,false,1,D074,bfcae593-3cf3-42fd-971a-5521c706cabe,7d27d6b1-67bf-4ce9-a897-37cb74f73873,b293d27a-c458-484b-8164-c053423ac65d,"Firstly, the expanded graphite (EG) was activated by KOH and many moderate functional groups were generated; secondly, Cu(CH3COO)2 and CTAB underwent full infusion into the interlayers of activated EG (aEG) by means of a vacuum-assisted technique and then reacted with the functional groups of aEG accompanied by the exfoliation of aEG via reflux.",4,1,manual_expert_ai_all409_source_context,
F062,cu(ch3coo)2,article-analysis-domain-v1:feature:technical-feature-v1:Y3UoY2gzY29vKTI,MATERIAL,,false,ATOMIC_NARROW,false,false,false,1,D074,bfcae593-3cf3-42fd-971a-5521c706cabe,e6137163-b217-4397-b7aa-55dce52f0e2b,b293d27a-c458-484b-8164-c053423ac65d,"Firstly, the expanded graphite (EG) was activated by KOH and many moderate functional groups were generated; secondly, Cu(CH3COO)2 and CTAB underwent full infusion into the interlayers of activated EG (aEG) by means of a vacuum-assisted technique and then reacted with the functional groups of aEG accompanied by the exfoliation of aEG via reflux.",11,1,manual_expert_ai_all409_source_context,
F063,current−voltage (i−v) curves of pg display a tremendous reduction of 88% (90%) in current after no 2 (no) adsorption,article-analysis-domain-v1:feature:technical-feature-v1:Y3VycmVudOKIknZvbHRhZ2UgKGniiJJ2KSBjdXJ2ZXMgb2YgcGcgZGlzcGxheSBhIHRyZW1lbmRvdXMgcmVkdWN0aW9uIG9mIDg4JSAoOTAlKSBpbiBjdXJyZW50IGFmdGVyIG5vIDIgKG5vKSBhZHNvcnB0aW9u,PERFORMANCE,OPERATING_CONDITION;MECHANISM,true,PROPOSITION,false,false,false,1,D031,50aabd72-3718-40d0-b0e9-b145f6ec6d6d,abff90b4-c7da-4b5d-81b0-a51a1afacbb9,e36e6a8b-4a75-47fc-add7-274436189bc7,"Moreover, the current−voltage (I−V) curves of PG display a tremendous reduction of 88% (90%) in current after NO 2 (NO) adsorption.",116,19,manual_expert_ai_all409_source_context,
F064,defective graphene,article-analysis-domain-v1:feature:technical-feature-v1:ZGVmZWN0aXZlIGdyYXBoZW5l,MATERIAL,,false,QUALIFIED_CONCEPT,false,false,false,1,D028,4321f854-bd6e-4799-a118-a50733440314,74726904-2e22-4c07-ad95-40aa6ea3f00f,b75fa64e-72ef-4631-9c5d-5a57f888340d,"In general, graphene decorated with transition metals, defective graphene, and doped graphene have a higher sensibility toward the toxic gases than pristine graphene.",18,2,manual_expert_ai_all409_source_context,
F065,density of states,article-analysis-domain-v1:feature:technical-feature-v1:ZGVuc2l0eSBvZiBzdGF0ZXM,PROPERTY,,false,ATOMIC_NARROW,false,false,false,1,D056,8f9fc5ae-0c9f-466e-96e6-7a1af0a80a87,67e270d0-e92a-499a-a26c-1edae144e92f,17f1f708-31e2-4e14-b4de-90b72bdc1e3e,"Molecular doping, i.e., charge transfer between the molecules and the graphene surface, is discussed in light of the density of states and the molecular orbitals of the adsorbates.",17,3,manual_expert_ai_all409_source_context,
F066,detection limit could reach 180 parts-per-billion (ppb),article-analysis-domain-v1:feature:technical-feature-v1:ZGV0ZWN0aW9uIGxpbWl0IGNvdWxkIHJlYWNoIDE4MCBwYXJ0cy1wZXItYmlsbGlvbiAocHBiKQ,PERFORMANCE,,false,QUALIFIED_CONCEPT,false,false,false,1,D065,a699dfba-8207-41f9-a491-43a360e40cd9,73cabbbd-889a-4008-b6df-020fbf508ebd,7ebb6e7c-9e6b-42ab-abab-9acd07414eab,"Meanwhile, the detection limit could reach 180 parts-per-billion (ppb) and fast response of 36 s was also obtained.",55,7,manual_expert_ai_all409_source_context,
F067,detection limit of 1 ppb,article-analysis-domain-v1:feature:technical-feature-v1:ZGV0ZWN0aW9uIGxpbWl0IG9mIDEgcHBi,PERFORMANCE,,false,QUALIFIED_CONCEPT,false,false,false,1,D067,acd6003a-13ec-4bce-87f5-cec1c79eabb3,d4096d3b-8d7a-45b9-a969-8237f0f8a33a,b5b668aa-f2e0-4200-8bde-ef54cfc4f287,The epitaxial graphene shows high sensitivity to NO2 with response of 105.1% to 4 ppm NO2 and detection limit of 1 ppb.,24,5,manual_expert_ai_all409_source_context,
F068,direct-write lig-based gas sensor,article-analysis-domain-v1:feature:technical-feature-v1:ZGlyZWN0LXdyaXRlIGxpZy1iYXNlZCBnYXMgc2Vuc29y,DEVICE,,false,QUALIFIED_CONCEPT,false,false,false,1,D070,b652e00f-7ac8-4b37-b370-272e2482d67f,243c549a-c9fb-4790-bffd-327f867080a3,e5fe39a5-d194-4570-9f6b-a2ec9077c4b4,"This work presents a robust direct-write LIG-based gas sensor, which senses gases based on thermal conductivity, similar to a katharometer sensor.",33,4,manual_expert_ai_all409_source_context,
F069,directly integrated graphene chemiresistive junctions,article-analysis-domain-v1:feature:technical-feature-v1:ZGlyZWN0bHkgaW50ZWdyYXRlZCBncmFwaGVuZSBjaGVtaXJlc2lzdGl2ZSBqdW5jdGlvbnM,DEVICE,,false,QUALIFIED_CONCEPT,false,false,false,1,D054,8a635573-0311-4947-85e8-fc9dfee4ef43,750d6b1b-bcab-4542-9bc5-873e64b1fb1f,b6867ce4-3364-45ad-b8f8-cd7fc616ad0c,Mature 0.18 µm CMOS technology provides the driving circuit for directly integrated graphene chemiresistive junctions in a radio frequency (RF) circuit platform.,53,5,manual_expert_ai_all409_source_context,
F070,distinct octahedral morphology,article-analysis-domain-v1:feature:technical-feature-v1:ZGlzdGluY3Qgb2N0YWhlZHJhbCBtb3JwaG9sb2d5,MORPHOLOGY,,false,QUALIFIED_CONCEPT,false,false,false,1,D018,298b9ec6-547c-4544-ad9b-1d7796ef32c1,5dcedffd-198c-447c-aa34-83598d90660d,6b6b66f9-d41f-4669-95f2-f8ed58d4693b,The resultant mesocrystals are comprised of highly anisotropic nanowires as building blocks and possess a distinct octahedral morphology with eight {111} equivalent crystal faces.,30,3,manual_expert_ai_all409_source_context,
F071,distinct responses with a marked change of the i-v relation along either the armchair or the zigzag directions depending on the type of molecules,article-analysis-domain-v1:feature:technical-feature-v1:ZGlzdGluY3QgcmVzcG9uc2VzIHdpdGggYSBtYXJrZWQgY2hhbmdlIG9mIHRoZSBpLXYgcmVsYXRpb24gYWxvbmcgZWl0aGVyIHRoZSBhcm1jaGFpciBvciB0aGUgemlnemFnIGRpcmVjdGlvbnMgZGVwZW5kaW5nIG9uIHRoZSB0eXBlIG9mIG1vbGVjdWxlcw,PERFORMANCE,PROPERTY;ANALYTE,true,PROPOSITION,false,false,false,1,D081,c99f8fc3-6f01-4bf4-bc00-933bbeda27f9,524bf80d-c467-4e52-af18-30974732f96c,ea10b13a-04d0-4907-b703-9cf0029b3bb5,"Remarkably, the I-V relation exhibits distinct responses with a marked change of the I-V relation along either the armchair or the zigzag directions depending on the type of molecules.",145,24,manual_expert_ai_all409_source_context,
F072,distinguish between tetrahydrofuran (thf) and dichloromethane (mc),article-analysis-domain-v1:feature:technical-feature-v1:ZGlzdGluZ3Vpc2ggYmV0d2VlbiB0ZXRyYWh5ZHJvZnVyYW4gKHRoZikgYW5kIGRpY2hsb3JvbWV0aGFuZSAobWMp,PERFORMANCE,,false,PROPOSITION,false,false,false,1,D097,f1c4d560-678f-4ead-af98-f670b31ac562,08fd5985-5862-489c-83f3-090a4096381f,cbfdda24-6c93-438e-99ac-3743eff2b9ae,"The two physically different surfaces of GO and rGO could provide the sensing ability to distinguish between tetrahydrofuran (THF) and dichloromethane (MC), respectively, which is the most challenging issue in the area of gas sensors.",66,7,manual_expert_ai_all409_source_context,
F073,doped graphene,article-analysis-domain-v1:feature:technical-feature-v1:ZG9wZWQgZ3JhcGhlbmU,MATERIAL,,false,QUALIFIED_CONCEPT,false,false,false,1,D028,4321f854-bd6e-4799-a118-a50733440314,2cba9b29-adc2-421a-bffe-15f51bec1579,b75fa64e-72ef-4631-9c5d-5a57f888340d,"In general, graphene decorated with transition metals, defective graphene, and doped graphene have a higher sensibility toward the toxic gases than pristine graphene.",14,2,manual_expert_ai_all409_source_context,
F074,driving circuit,article-analysis-domain-v1:feature:technical-feature-v1:ZHJpdmluZyBjaXJjdWl0,DEVICE,,false,ATOMIC_NARROW,false,false,false,1,D054,8a635573-0311-4947-85e8-fc9dfee4ef43,7aeb46a8-c6dc-4593-b6ca-ccae7c0b95fb,b6867ce4-3364-45ad-b8f8-cd7fc616ad0c,Mature 0.18 µm CMOS technology provides the driving circuit for directly integrated graphene chemiresistive junctions in a radio frequency (RF) circuit platform.,15,2,manual_expert_ai_all409_source_context,
F075,drop casting technique,article-analysis-domain-v1:feature:technical-feature-v1:ZHJvcCBjYXN0aW5nIHRlY2huaXF1ZQ,PROCESS,,false,ATOMIC_NARROW,false,false,false,1,D091,e6844a28-6617-497a-bbdb-62545365b18d,0f56842d-ffe4-42e0-bffe-f7a5251fd538,5259dff5-7b56-4a67-be3d-15b07f0a3590,"Herein, we report the fabrication of hydrogen gas sensors based on noble nanometal decorated one dimensional multi walled carbon nanotubes and two dimensional graphene by a simple drop casting technique, with practical applications in view.",22,3,manual_expert_ai_all409_source_context,
F076,easy-handing,article-analysis-domain-v1:feature:technical-feature-v1:ZWFzeS1oYW5kaW5n,OTHER,,false,ATOMIC_NARROW,false,false,false,1,D001,00f9cfc7-459f-4c4d-8131-b425d01527dc,2f052505-743a-4bbc-8112-57e211993e4b,6319af2d-0fe1-4daa-87c6-131c379a75c9,"Here, an easy-handing, low cost, and scalable fabricating strategy is reported to fabricate conductive, highly flexible, and mechanically stretchable/twisted fiber gas sensor with great wearability and knittability.",12,1,manual_expert_ai_all409_source_context,Vague ease-of-handling claim.
F077,eco-friendly physical properties,article-analysis-domain-v1:feature:technical-feature-v1:ZWNvLWZyaWVuZGx5IHBoeXNpY2FsIHByb3BlcnRpZXM,PROPERTY,,false,QUALIFIED_CONCEPT,false,false,false,1,D097,f1c4d560-678f-4ead-af98-f670b31ac562,11c1421e-1757-4397-95c5-47125fb89e05,cbfdda24-6c93-438e-99ac-3743eff2b9ae,"The eco-friendly physical properties of GO allowed for faster sensing and higher sensitivity when compared to previous results for rGO even under extreme environments of over 90% humidity, making it the best choice for an environmentally friendly gas sensor.",32,3,manual_expert_ai_all409_source_context,
F078,efficient transport of the microwave energy,article-analysis-domain-v1:feature:technical-feature-v1:ZWZmaWNpZW50IHRyYW5zcG9ydCBvZiB0aGUgbWljcm93YXZlIGVuZXJneQ,MECHANISM,PROCESS,true,QUALIFIED_CONCEPT,false,false,false,1,D004,08d58bd1-a89e-4b70-b817-821df8428bc7,264a6a69-fce5-46f2-90cf-77535268caaf,1314b88d-a703-48b5-bb03-e426d5474034,"By the microwave treatment of graphene–SnO 2 nanocomposites, with the graphene promoting efficient transport of the microwave energy, evaporation and redeposition of SnO x nanoparticles were facilitated.",43,6,manual_expert_ai_all409_source_context,
F079,eight {111} equivalent crystal faces,article-analysis-domain-v1:feature:technical-feature-v1:ZWlnaHQgezExMX0gZXF1aXZhbGVudCBjcnlzdGFsIGZhY2Vz,MORPHOLOGY,,false,QUALIFIED_CONCEPT,false,false,false,1,D018,298b9ec6-547c-4544-ad9b-1d7796ef32c1,09500ed6-5101-416e-a5f6-d75be107a6c9,6b6b66f9-d41f-4669-95f2-f8ed58d4693b,The resultant mesocrystals are comprised of highly anisotropic nanowires as building blocks and possess a distinct octahedral morphology with eight {111} equivalent crystal faces.,36,5,manual_expert_ai_all409_source_context,
F080,electronically functional construction materials,article-analysis-domain-v1:feature:technical-feature-v1:ZWxlY3Ryb25pY2FsbHkgZnVuY3Rpb25hbCBjb25zdHJ1Y3Rpb24gbWF0ZXJpYWxz,MATERIAL,PROPERTY,true,QUALIFIED_CONCEPT,false,false,false,1,D070,b652e00f-7ac8-4b37-b370-272e2482d67f,f714cb1f-2318-4157-af0c-d285ad0235c5,e5fe39a5-d194-4570-9f6b-a2ec9077c4b4,"Thus, LIG based embeddable sensors could be incorporated in composites to enable electronically functional construction materials.",48,4,manual_expert_ai_all409_source_context,
F081,electrospinning method,article-analysis-domain-v1:feature:technical-feature-v1:ZWxlY3Ryb3NwaW5uaW5nIG1ldGhvZA,PROCESS,,false,ATOMIC_NARROW,false,false,false,2,D006;D077,0cecfdbe-d7a2-44cc-9362-c5c413dcc46d;c55aaeb6-0dd1-4c6e-a62c-b0078257c9f2,910c4f18-cf38-4e17-bb1c-e21499aee91f;dcb7805f-9d83-48ff-ba41-f16c1b22f8c9,d7d61fb1-fe0f-45c0-80b0-503e89bd7fb0,This study focuses on rGO-loaded metal oxide nanofiber (NF) synthesized using an electrospinning method.,22,2,manual_expert_ai_all409_source_context,
F082,electrostatic self-assembly,article-analysis-domain-v1:feature:technical-feature-v1:ZWxlY3Ryb3N0YXRpYyBzZWxmLWFzc2VtYmx5,PROCESS,,false,ATOMIC_NARROW,false,false,false,1,D006,0cecfdbe-d7a2-44cc-9362-c5c413dcc46d,b5b337e3-3b2d-4d8d-96c2-d283b19f2db8,362460ac-f25d-4cfd-9621-e7a528b4aab7,"An ultra-sensitive gas sensor based on a reduced graphene oxide nanofiber mat was successfully fabricated using a combination of an electrospinning method and graphene oxide wrapping through an electrostatic self-assembly, followed by a low-temperature chemical reduction.",27,2,manual_expert_ai_all409_source_context,
F083,elemental doping,article-analysis-domain-v1:feature:technical-feature-v1:ZWxlbWVudGFsIGRvcGluZw,PROCESS,,false,ATOMIC_NARROW,false,false,false,1,D096,f13d2b75-dc3f-474d-975b-894e77fc79d4,fdd2668f-eea8-4017-b401-cc3400be9f58,363f8e46-01bb-4b24-98d0-0de4cd51d023,"Next, the functionalization of graphene and graphene oxide is mainly divided into covalent binding modification, non-covalent binding modification and elemental doping.",16,2,manual_expert_ai_all409_source_context,
F084,energy storage,article-analysis-domain-v1:feature:technical-feature-v1:ZW5lcmd5IHN0b3JhZ2U,TECHNOLOGY,,false,ATOMIC_NARROW,false,false,false,1,D021,2f7fb8d1-42b1-433b-9091-7d13fc6493b1,068f4c9e-6b6d-4ff7-9ca5-ba589a37cc1d,e378bcd8-f914-452b-9322-618de37cb28c,"We specifically highlight their performances in separation applications, stimuli-responsive materials, anti-corrosion coatings, and energy storage.",14,2,manual_expert_ai_all409_source_context,
F085,enhanced electron transport,article-analysis-domain-v1:feature:technical-feature-v1:ZW5oYW5jZWQgZWxlY3Ryb24gdHJhbnNwb3J0,MECHANISM,,false,QUALIFIED_CONCEPT,false,false,false,1,D052,88e8a18b-f7b8-4366-9ffc-ffbc1655b882,440b42b3-916f-4912-9157-3c17ad367b73,9a01008b-ea30-49d1-960e-dc32d3dc2ff6,the superior sensing performance of SnO 2 quantum wire/rGO nanocomposites can be attributed to the enhanced electron transport resulting from the favorable charge transfer of SnO 2 /rGO interfaces and the superb transport capability of rGO.,27,3,manual_expert_ai_all409_source_context,
F086,enhanced sensitivity (2 orders of magnitude),article-analysis-domain-v1:feature:technical-feature-v1:ZW5oYW5jZWQgc2Vuc2l0aXZpdHkgKDIgb3JkZXJzIG9mIG1hZ25pdHVkZSk,PERFORMANCE,,false,QUALIFIED_CONCEPT,false,false,false,1,D098,f788f5fa-e284-4d65-8241-8210291c488c,5f7557f8-a1a6-4a80-bede-c4f1e0f1fa82,f2eb10d1-6abf-4eda-983c-494df7265e17,"The gas sensing performance revealed that, in contrast to bare RGO, the RGO/porous PEDOT exhibited the enhanced sensitivity (2 orders of magnitude) as well as response and recovery performance.",44,6,manual_expert_ai_all409_source_context,
F087,enhancement in gas sensitivity and selectivity,article-analysis-domain-v1:feature:technical-feature-v1:ZW5oYW5jZW1lbnQgaW4gZ2FzIHNlbnNpdGl2aXR5IGFuZCBzZWxlY3Rpdml0eQ,PERFORMANCE,,false,QUALIFIED_CONCEPT,false,false,false,1,D034,5df9a10b-804f-4bac-accb-a23fd2e2d2e0,ab2ad8ca-8a98-4818-85be-afe090a7ad89,62c66b5d-75c5-457c-98b6-34a78e0ae054,leading to enhancement in gas sensitivity and selectivity.,46,6,manual_expert_ai_all409_source_context,
F088,enhances the interaction between the spr wave and molecules,article-analysis-domain-v1:feature:technical-feature-v1:ZW5oYW5jZXMgdGhlIGludGVyYWN0aW9uIGJldHdlZW4gdGhlIHNwciB3YXZlIGFuZCBtb2xlY3VsZXM,MECHANISM,PROPERTY,true,PROPOSITION,false,false,false,1,D027,3fb867af-6db1-45a4-8ff8-974292ac5ce1,eb106e7a-8afb-464b-9e29-72e3f98b6982,abe59afd-f7d5-4997-9631-bfa9b52dac99,"A monolayer of graphene is coated onto the Ag film surface of the LPFG SPR sensor, which increases the intensity of the evanescent field on the surface of the fiber and thereby enhances the interaction between the SPR wave and molecules.",59,9,manual_expert_ai_all409_source_context,
F089,environmental stability,article-analysis-domain-v1:feature:technical-feature-v1:ZW52aXJvbm1lbnRhbCBzdGFiaWxpdHk,PROPERTY,,false,ATOMIC_NARROW,false,false,false,1,D058,95ad40b5-46f9-4654-bdd2-96e396478d6c,3b830001-4cb2-4a00-b6ef-b66f17fe5581,598def39-7f5a-450c-96d7-156cc33157e1,"nanomaterials possessing high carrier mobility, optical transparency, mechanical robustness and flexibility, lightweight, and environmental stability will be in immense demand.",23,2,manual_expert_ai_all409_source_context,
F090,evaporation and redeposition of sno x nanoparticles,article-analysis-domain-v1:feature:technical-feature-v1:ZXZhcG9yYXRpb24gYW5kIHJlZGVwb3NpdGlvbiBvZiBzbm8geCBuYW5vcGFydGljbGVz,PROCESS,,false,QUALIFIED_CONCEPT,false,false,false,1,D004,08d58bd1-a89e-4b70-b817-821df8428bc7,72ed4f17-360e-4bc1-bf0c-1aa731d89921,1314b88d-a703-48b5-bb03-e426d5474034,"By the microwave treatment of graphene–SnO 2 nanocomposites, with the graphene promoting efficient transport of the microwave energy, evaporation and redeposition of SnO x nanoparticles were facilitated.",51,7,manual_expert_ai_all409_source_context,
F091,excellent chemical sensor properties,article-analysis-domain-v1:feature:technical-feature-v1:ZXhjZWxsZW50IGNoZW1pY2FsIHNlbnNvciBwcm9wZXJ0aWVz,PERFORMANCE,,false,QUALIFIED_CONCEPT,false,false,false,1,D075,c04f97a5-b941-4257-b74f-721faa94e982,e2ff72e9-edff-4a83-9917-8cae710eb12d,40d0ed33-a786-422f-b88b-7a16a3513ae9,"The possibility of chemical doping and related excellent chemical sensor properties of graphene have been demonstrated experimentally [Schedin et al. Nat. Mater. 2007, 6, 652-655], but a microscopic understanding of these effects has been lacking, so far.",36,4,manual_expert_ai_all409_source_context,
F092,excellent long-term stability (84 days),article-analysis-domain-v1:feature:technical-feature-v1:ZXhjZWxsZW50IGxvbmctdGVybSBzdGFiaWxpdHkgKDg0IGRheXMp,PERFORMANCE,,false,QUALIFIED_CONCEPT,false,false,false,1,D001,00f9cfc7-459f-4c4d-8131-b425d01527dc,5988e794-65e7-4574-b600-d2aeb238feaf,6319af2d-0fe1-4daa-87c6-131c379a75c9,"The as-prepared fiber demonstrates sensitive sensing response, excellent long-term stability (84 days), low theoretical detection limit (43.5 ppb NO 2 ), great mechanical deformation tolerance (3000 bending cycles, 1000 twisting cycles and 65% strain strength), and washing durability in room-temperature gas detection.",39,5,manual_expert_ai_all409_source_context,
F093,excellent mechanical strength,article-analysis-domain-v1:feature:technical-feature-v1:ZXhjZWxsZW50IG1lY2hhbmljYWwgc3RyZW5ndGg,PROPERTY,,false,QUALIFIED_CONCEPT,false,false,false,1,D087,e07c06f0-da13-404a-b8b9-7112202bcf57,e5b6b271-1306-4f7b-98ba-e0259a73265a,8bcd9f4f-a601-493b-ba60-39bd2eb60068,"In order to make full utilization of the high intrinsic surface area of graphene, recently, porous graphene materials including graphene nanomesh, crumpled graphene and graphene foam, have attracted tremendous attention and research interest, owing to their exceptional porous structure (high surface area, and high pore volume) in combination with the inherent properties of graphene, such as high electronic conductivity, good thermal stability, and excellent mechanical strength.",29,3,manual_expert_ai_all409_source_context,
F094,excellent reproducibility,article-analysis-domain-v1:feature:technical-feature-v1:ZXhjZWxsZW50IHJlcHJvZHVjaWJpbGl0eQ,PERFORMANCE,,false,QUALIFIED_CONCEPT,false,false,false,1,D068,b102c67e-e167-49c6-a3cf-5c14d31d8fc1,d1a8870e-4c5e-4368-87aa-4d321d741dd0,0ec317d5-3c20-41e0-9f78-67fec485b6cc,"In addition, the sensor exhibits excellent reproducibility, selectivity, and extremely fast recovery kinetics.",25,2,manual_expert_ai_all409_source_context,
F095,excellent selectivity,article-analysis-domain-v1:feature:technical-feature-v1:ZXhjZWxsZW50IHNlbGVjdGl2aXR5,PERFORMANCE,,false,QUALIFIED_CONCEPT,false,false,false,1,D003,06066c66-1454-4813-b7b7-f366b9956035,db6b5938-f9ac-49a2-a4bc-0acbd97fad59,0ad16539-951a-4c6a-95df-0d92179b23eb,"The gas sensor, using a needlelike LIG prepared with optimal laser processing parameters, exhibits a large response of 4.18‰ ppm −1 to NO and 6.66‰ ppm −1 to NO 2 , an ultralow detection limit of 8.3 ppb to NO and 4.0 ppb to NO 2 , fast response/recovery, and excellent selectivity.",21,2,manual_expert_ai_all409_source_context,
F096,excellent selectivity and repeatability without the aid of uv-light or thermal treatment,article-analysis-domain-v1:feature:technical-feature-v1:ZXhjZWxsZW50IHNlbGVjdGl2aXR5IGFuZCByZXBlYXRhYmlsaXR5IHdpdGhvdXQgdGhlIGFpZCBvZiB1di1saWdodCBvciB0aGVybWFsIHRyZWF0bWVudA,PERFORMANCE,OPERATING_CONDITION,true,QUALIFIED_CONCEPT,true,false,false,1,D089,e5e2825a-81cd-4497-8b78-a2677add0a48,0e9bf944-3e3f-48cd-b627-28379c3f6365,317dd207-5823-4858-bac7-5177951d39b8,They also show excellent selectivity and repeatability without the aid of UV-light or thermal treatment.,88,12,manual_expert_ai_all409_source_context,
F097,excellent sensitivity to no2 gas,article-analysis-domain-v1:feature:technical-feature-v1:ZXhjZWxsZW50IHNlbnNpdGl2aXR5IHRvIG5vMiBnYXM,PERFORMANCE,,false,QUALIFIED_CONCEPT,false,false,false,1,D006,0cecfdbe-d7a2-44cc-9362-c5c413dcc46d,f1cce13c-da0b-47d8-9e0d-cacb199c8136,362460ac-f25d-4cfd-9621-e7a528b4aab7,The sensor showed excellent sensitivity to NO2 gas.,32,5,manual_expert_ai_all409_source_context,
F098,exhibits excellent response characteristics and repeatability,article-analysis-domain-v1:feature:technical-feature-v1:ZXhoaWJpdHMgZXhjZWxsZW50IHJlc3BvbnNlIGNoYXJhY3RlcmlzdGljcyBhbmQgcmVwZWF0YWJpbGl0eQ,PERFORMANCE,,false,PROPOSITION,false,false,false,1,D027,3fb867af-6db1-45a4-8ff8-974292ac5ce1,956d7edf-f26c-4d3d-b002-bbf4284965a6,abe59afd-f7d5-4997-9631-bfa9b52dac99,"Meanwhile, the graphene-based LPFG SPR sensor exhibits excellent response characteristics and repeatability.",61,6,manual_expert_ai_all409_source_context,
F099,expanded graphite (eg),article-analysis-domain-v1:feature:technical-feature-v1:ZXhwYW5kZWQgZ3JhcGhpdGUgKGVnKQ,MATERIAL,,false,ATOMIC_NARROW,false,false,false,1,D074,bfcae593-3cf3-42fd-971a-5521c706cabe,d5af9dc7-7697-4971-8da9-d2a5d4ba98d7,b293d27a-c458-484b-8164-c053423ac65d,"Firstly, the expanded graphite (EG) was activated by KOH and many moderate functional groups were generated;",22,3,manual_expert_ai_all409_source_context,
F100,extremely fast recovery kinetics,article-analysis-domain-v1:feature:technical-feature-v1:ZXh0cmVtZWx5IGZhc3QgcmVjb3Zlcnkga2luZXRpY3M,PERFORMANCE,,false,QUALIFIED_CONCEPT,false,false,false,1,D068,b102c67e-e167-49c6-a3cf-5c14d31d8fc1,919fafa3-7212-4993-a08d-cde977645b94,0ec317d5-3c20-41e0-9f78-67fec485b6cc,"In addition, the sensor exhibits excellent reproducibility, selectivity, and extremely fast recovery kinetics.",32,4,manual_expert_ai_all409_source_context,
F101,extremely high surface hydrophobicity,article-analysis-domain-v1:feature:technical-feature-v1:ZXh0cmVtZWx5IGhpZ2ggc3VyZmFjZSBoeWRyb3Bob2JpY2l0eQ,PROPERTY,,false,QUALIFIED_CONCEPT,false,false,false,1,D005,0aefc3c4-7a94-4f46-a092-61c24f82eed8,f08a9f7a-1d95-4afc-8abb-a0537238f073,496eab91-ffa7-4e93-9be0-dba1a282191a,extremely high surface hydrophobicity,37,4,manual_expert_ai_all409_source_context,
F102,fast (≈14 s) and slow (≈95 s) response due to sp(2) -carbon bonding and disorders on graphene,article-analysis-domain-v1:feature:technical-feature-v1:ZmFzdCAo4omIMTQgcykgYW5kIHNsb3cgKOKJiDk1IHMpIHJlc3BvbnNlIGR1ZSB0byBzcCgyKSAtY2FyYm9uIGJvbmRpbmcgYW5kIGRpc29yZGVycyBvbiBncmFwaGVuZQ,PERFORMANCE,MECHANISM,true,PROPOSITION,false,false,false,1,D100,fd94b094-5144-4e96-acd5-de555c2bb84a,3f4bb559-c21e-45ae-90c6-0e212b67a1fa,3a6f2f22-3142-4711-9a49-91c8067ddead,"In particular, it is possible to classify the fast (≈14 s) and slow (≈95 s) response due to sp(2) -carbon bonding and disorders on graphene and the self-integrated graphene heater leads to the rapid recovery (≈11 s) of a 2 cm × 2 cm sized sensor with reproducible sensing cycles, including full recovery steps without significant signal degradation under exposure to NO2 gas.",93,17,manual_expert_ai_all409_source_context,
F103,fast detection,article-analysis-domain-v1:feature:technical-feature-v1:ZmFzdCBkZXRlY3Rpb24,PERFORMANCE,,false,QUALIFIED_CONCEPT,false,false,false,1,D014,24b7cbea-bb3a-47fe-af0d-1447f563f093,0c1b941e-a0d7-4ba4-9faa-2e765d15d03d,11127def-3116-4ee3-98d4-17368bbf509b,fast detection,14,2,manual_expert_ai_all409_source_context,
F104,fast response of 36 s,article-analysis-domain-v1:feature:technical-feature-v1:ZmFzdCByZXNwb25zZSBvZiAzNiBz,PERFORMANCE,,false,QUALIFIED_CONCEPT,false,false,false,1,D065,a699dfba-8207-41f9-a491-43a360e40cd9,6fbbfe5e-6c2a-4eb6-9b9c-559337481965,7ebb6e7c-9e6b-42ab-abab-9acd07414eab,"Meanwhile, the detection limit could reach 180 parts-per-billion (ppb) and fast response of 36 s was also obtained.",21,5,manual_expert_ai_all409_source_context,
F105,fast response/recovery,article-analysis-domain-v1:feature:technical-feature-v1:ZmFzdCByZXNwb25zZS9yZWNvdmVyeQ,PERFORMANCE,,false,QUALIFIED_CONCEPT,false,false,false,1,D003,06066c66-1454-4813-b7b7-f366b9956035,fd634e60-97e2-4ae1-b35b-83a3dab76735,0ad16539-951a-4c6a-95df-0d92179b23eb,"The gas sensor, using a needlelike LIG prepared with optimal laser processing parameters, exhibits a large response of 4.18‰ ppm −1 to NO and 6.66‰ ppm −1 to NO 2 , an ultralow detection limit of 8.3 ppb to NO and 4.0 ppb to NO 2 , fast response/recovery, and excellent selectivity.",22,2,manual_expert_ai_all409_source_context,
F106,fast response/recovery time (36 s/18 s),article-analysis-domain-v1:feature:technical-feature-v1:ZmFzdCByZXNwb25zZS9yZWNvdmVyeSB0aW1lICgzNiBzLzE4IHMp,PERFORMANCE,,false,QUALIFIED_CONCEPT,false,false,false,1,D044,7b42a401-891b-48e3-a681-bd9e3f5fd8cb,f2e883c2-e0dd-4511-b4bf-3d607f845daf,843c72c1-d4c5-48ad-b057-10857a247c71,"The assembled flexible, transparent electronic gas sensor exhibits high sensing performance towards NH3 gas concentrations ranging from 100 ppb to 100 ppm, reliable transparency (90.3% at 550 nm) for the PPANI/rGO-FPANI film (6 h sample), fast response/recovery time (36 s/18 s)",39,6,manual_expert_ai_all409_source_context,
F107,favorable charge transfer occurring at the s-rgo/wo 3 interfaces,article-analysis-domain-v1:feature:technical-feature-v1:ZmF2b3JhYmxlIGNoYXJnZSB0cmFuc2ZlciBvY2N1cnJpbmcgYXQgdGhlIHMtcmdvL3dvIDMgaW50ZXJmYWNlcw,MECHANISM,,false,QUALIFIED_CONCEPT,false,false,false,1,D068,b102c67e-e167-49c6-a3cf-5c14d31d8fc1,841b56e4-746a-4cb8-a70f-f3ad59c4d035,0ec317d5-3c20-41e0-9f78-67fec485b6cc,"The mechanism of the WO 3 /S-rGO nanocomposite gas sensor is investigated in detail. In addition to the high transport capability of S-rGO as well as its excellent NO 2 adsorption ability, the superior sensing performance of the S-rGO/WO 3 sensor can be attributed to the favorable charge transfer occurring at the S-rGO/WO 3 interfaces.",64,9,manual_expert_ai_all409_source_context,
F108,favorable charge transfer of sno 2 /rgo interfaces,article-analysis-domain-v1:feature:technical-feature-v1:ZmF2b3JhYmxlIGNoYXJnZSB0cmFuc2ZlciBvZiBzbm8gMiAvcmdvIGludGVyZmFjZXM,MECHANISM,,false,QUALIFIED_CONCEPT,false,false,false,1,D052,88e8a18b-f7b8-4366-9ffc-ffbc1655b882,a7591e4f-4f4d-48ac-a8c5-bf20e6915b74,9a01008b-ea30-49d1-960e-dc32d3dc2ff6,the superior sensing performance of SnO 2 quantum wire/rGO nanocomposites can be attributed to the enhanced electron transport resulting from the favorable charge transfer of SnO 2 /rGO interfaces and the superb transport capability of rGO.,50,8,manual_expert_ai_all409_source_context,
F109,favorable linearity,article-analysis-domain-v1:feature:technical-feature-v1:ZmF2b3JhYmxlIGxpbmVhcml0eQ,PERFORMANCE,,false,QUALIFIED_CONCEPT,false,false,false,1,D074,bfcae593-3cf3-42fd-971a-5521c706cabe,d1298180-52e3-43d6-a414-bd94c7a1bf90,b293d27a-c458-484b-8164-c053423ac65d,"Meanwhile, the CuMGC sensor presents a favorable linearity, good selectivity and stability.",19,2,manual_expert_ai_all409_source_context,
F110,fermi-energy close to the dirac point,article-analysis-domain-v1:feature:technical-feature-v1:ZmVybWktZW5lcmd5IGNsb3NlIHRvIHRoZSBkaXJhYyBwb2ludA,PROPERTY,,false,QUALIFIED_CONCEPT,false,false,false,1,D057,92b288c5-a152-43a5-9faa-6d235ae9afb7,24bc7896-b6bf-43fe-bf12-248663a1c3f5,976ee6e9-bd12-4f15-bf38-30fbd15105ba,The strong increase in sensitivity of quasi freestanding epitaxial graphene can be explained by a Fermi-energy close to the Dirac point,37,6,manual_expert_ai_all409_source_context,
F111,filler modulus,article-analysis-domain-v1:feature:technical-feature-v1:ZmlsbGVyIG1vZHVsdXM,PROPERTY,,false,ATOMIC_NARROW,false,false,false,1,D051,878586e5-bf5c-4fcf-91db-5c64bb999ec8,e3b58515-da35-4340-a865-57cb60af3a50,e42576cf-49da-4f8f-b817-c1665efb96b5,"This correlation is found to hold true across a wide range of polymer matrices and thus suggests that the common assumption that the filler modulus is independent of the matric is incorrect, explaining the apparent under performance of graphene in some systems.",14,2,manual_expert_ai_all409_source_context,
F112,first-principles approach based on density-functional theory (dft),article-analysis-domain-v1:feature:technical-feature-v1:Zmlyc3QtcHJpbmNpcGxlcyBhcHByb2FjaCBiYXNlZCBvbiBkZW5zaXR5LWZ1bmN0aW9uYWwgdGhlb3J5IChkZnQp,TECHNOLOGY,,false,QUALIFIED_CONCEPT,false,false,false,1,D016,28108c5f-75cb-438f-8c84-cadc991d9eb5,12deb4bd-7249-406f-8d98-c24b20623d73,976168fd-714d-4333-bbb6-bbc987526b18,using a first-principles approach based on density-functional theory (DFT),66,7,manual_expert_ai_all409_source_context,
F113,first-principles calculations,article-analysis-domain-v1:feature:technical-feature-v1:Zmlyc3QtcHJpbmNpcGxlcyBjYWxjdWxhdGlvbnM,TECHNOLOGY,,false,ATOMIC_NARROW,false,false,false,1,D056,8f9fc5ae-0c9f-466e-96e6-7a1af0a80a87,b137d233-2e73-4a94-a6f3-5e62a58da6ea,17f1f708-31e2-4e14-b4de-90b72bdc1e3e,"Motivated by the recent realization of graphene sensors to detect individual gas molecules, we investigate the adsorption of ${\mathrm{H}}_{2}\mathrm{O}$, $\mathrm{N}{\mathrm{H}}_{3}$, CO, $\mathrm{N}{\mathrm{O}}_{2}$, and NO on a graphene substrate using first-principles calculations.",29,2,manual_expert_ai_all409_source_context,
F114,flexibility,article-analysis-domain-v1:feature:technical-feature-v1:ZmxleGliaWxpdHk,PROPERTY,,false,ATOMIC_NARROW,false,false,false,2,D011;D058,156b15bb-dbd9-4d9d-a871-3c46ae7d5515;95ad40b5-46f9-4654-bdd2-96e396478d6c,a25dc56c-a098-4c25-990f-9fe57d982ebd;aec001ec-5efe-447d-9b08-e98b5cd40ef5,598def39-7f5a-450c-96d7-156cc33157e1,"nanomaterials possessing high carrier mobility, optical transparency, mechanical robustness and flexibility, lightweight, and environmental stability will be in immense demand.",11,1,manual_expert_ai_all409_source_context,
F115,flexible gas sensors,article-analysis-domain-v1:feature:technical-feature-v1:ZmxleGlibGUgZ2FzIHNlbnNvcnM,DEVICE,,false,QUALIFIED_CONCEPT,false,false,false,1,D070,b652e00f-7ac8-4b37-b370-272e2482d67f,4b19eb65-ab91-45c0-82da-27405f80c6f3,e5fe39a5-d194-4570-9f6b-a2ec9077c4b4,This enables the formation of flexible gas sensors which could be incorporated on a variety of surfaces.,20,3,manual_expert_ai_all409_source_context,
F116,flue gas,article-analysis-domain-v1:feature:technical-feature-v1:Zmx1ZSBnYXM,ANALYTE,,false,ATOMIC_NARROW,false,false,false,1,D070,b652e00f-7ac8-4b37-b370-272e2482d67f,85fa2fbb-28f9-40e1-bf3f-765d158093fb,e5fe39a5-d194-4570-9f6b-a2ec9077c4b4,"These sensors are used to determine composition of various gas mixtures, such as N 2 and CO 2, which are the most abundant gaseous species in flue gas.",8,2,manual_expert_ai_all409_source_context,
F117,folded morphology,article-analysis-domain-v1:feature:technical-feature-v1:Zm9sZGVkIG1vcnBob2xvZ3k,MORPHOLOGY,,false,QUALIFIED_CONCEPT,false,false,false,1,D008,10c07eba-9d0f-42a9-aeb3-911ec8ccc747,ef26449f-61f4-4880-b9ab-e0bd82e56b1b,3f2d39d3-d5c4-4089-92c3-86438ce93d35,the N-rGO exhibits folded morphology.,17,2,manual_expert_ai_all409_source_context,
F118,fourier transform infrared spectroscopy (ft-ir),article-analysis-domain-v1:feature:technical-feature-v1:Zm91cmllciB0cmFuc2Zvcm0gaW5mcmFyZWQgc3BlY3Ryb3Njb3B5IChmdC1pcik,TECHNOLOGY,,false,ATOMIC_NARROW,false,false,false,1,D066,a7588c01-0b42-40c2-8e08-86a056819ce7,c20fc58d-5c1a-44e5-9378-553ca4c0533c,e8fe38fd-98e5-47f8-949a-019810448e8c,Fourier Transform Infrared Spectroscopy (FT-IR),47,5,manual_expert_ai_all409_source_context,
F119,"full exfoliation of the graphite oxide material into individual, single-layer graphene oxide sheets",article-analysis-domain-v1:feature:technical-feature-v1:ZnVsbCBleGZvbGlhdGlvbiBvZiB0aGUgZ3JhcGhpdGUgb3hpZGUgbWF0ZXJpYWwgaW50byBpbmRpdmlkdWFsLCBzaW5nbGUtbGF5ZXIgZ3JhcGhlbmUgb3hpZGUgc2hlZXRz,PROCESS,,false,PROPOSITION,false,false,false,1,D009,1217ad37-8d52-447f-bf53-7b61ce059613,2fdff936-7d1c-480b-a1b3-8c9da93c056d,c2f19b4c-43c8-4b1b-8c8b-bf7244e46e76,"In all of these solvents, full exfoliation of the graphite oxide material into individual, single-layer graphene oxide sheets was achieved by sonication.",99,13,manual_expert_ai_all409_source_context,
F120,full flexibility,article-analysis-domain-v1:feature:technical-feature-v1:ZnVsbCBmbGV4aWJpbGl0eQ,PROPERTY,,false,QUALIFIED_CONCEPT,false,false,false,1,D093,ed63ad4b-96aa-4ba5-a8fa-581f76e5723d,7c599291-ee81-4623-b663-c6c74c3ecf3d,9887bde2-5015-49ba-adb3-6f399019dc00,"this atomically thick film with full flexibility has been widely incorporated with optical waveguides such as fibers, realizing novel photonic devices including polarizers, lasers, and sensors.",16,2,manual_expert_ai_all409_source_context,
F121,full recovery steps without significant signal degradation,article-analysis-domain-v1:feature:technical-feature-v1:ZnVsbCByZWNvdmVyeSBzdGVwcyB3aXRob3V0IHNpZ25pZmljYW50IHNpZ25hbCBkZWdyYWRhdGlvbg,PERFORMANCE,,false,QUALIFIED_CONCEPT,false,false,false,1,D100,fd94b094-5144-4e96-acd5-de555c2bb84a,76220e08-2ff0-4f78-9528-4a70960584cf,3a6f2f22-3142-4711-9a49-91c8067ddead,"In particular, it is possible to classify the fast (≈14 s) and slow (≈95 s) response due to sp(2) -carbon bonding and disorders on graphene and the self-integrated graphene heater leads to the rapid recovery (≈11 s) of a 2 cm × 2 cm sized sensor with reproducible sensing cycles, including full recovery steps without significant signal degradation under exposure to NO2 gas.",58,7,manual_expert_ai_all409_source_context,
F122,fully-reversible and low-power operation,article-analysis-domain-v1:feature:technical-feature-v1:ZnVsbHktcmV2ZXJzaWJsZSBhbmQgbG93LXBvd2VyIG9wZXJhdGlvbg,PERFORMANCE,,false,QUALIFIED_CONCEPT,false,false,false,1,D095,ef6d522b-b248-4438-abae-289b176b9968,470cc938-47fe-44c9-93fb-5518d7ca8f90,bff04a18-aea0-4126-80e7-44a67aa07d5b,leading to fully-reversible and low-power operation,40,4,manual_expert_ai_all409_source_context,
F123,gas barrier,article-analysis-domain-v1:feature:technical-feature-v1:Z2FzIGJhcnJpZXI,PROPERTY,,false,ATOMIC_NARROW,false,false,false,1,D021,2f7fb8d1-42b1-433b-9091-7d13fc6493b1,e00ce106-bdea-4ef8-a8f3-7d33e15d779d,e378bcd8-f914-452b-9322-618de37cb28c,"Because of their simple top-down synthesis, graphene oxide (GO) and reduced graphene oxide (rGO) have opened new possibilities for gas barrier, membrane separation, and stimuli-response characteristics in nanocomposites.",11,2,manual_expert_ai_all409_source_context,
F124,gas molecules on the n-channel graphene provide charged impurities,article-analysis-domain-v1:feature:technical-feature-v1:Z2FzIG1vbGVjdWxlcyBvbiB0aGUgbi1jaGFubmVsIGdyYXBoZW5lIHByb3ZpZGUgY2hhcmdlZCBpbXB1cml0aWVz,MECHANISM,MATERIAL,true,PROPOSITION,false,false,false,1,D078,c56c60ec-74f3-44d5-83e6-f83d87b921f5,adac8fbd-5ddb-4c97-922f-28c94378f24b,8e528f95-22fc-4b9a-8b16-90391b584bc3,"In addition, gas molecules on the n-channel graphene provide charged impurities, thereby intensifying the current decrease for an excellent response to oxidizing gases such as NO 2 or SO 2 .",66,9,manual_expert_ai_all409_source_context,
F125,gas sensing,article-analysis-domain-v1:feature:technical-feature-v1:Z2FzIHNlbnNpbmc,TECHNOLOGY,,false,ATOMIC_NARROW,false,false,false,1,D071,b825539d-f4bb-4d21-a5d2-0f535b15eb49,07ce825b-1770-4e5b-bd4e-f1e082691bc9,21be3ce8-74b4-42af-97d3-f728c12f493b,"One of the promising applications of graphene-based composites is gas sensing, which is mainly useful for environmental monitoring.",11,2,manual_expert_ai_all409_source_context,
F126,gate-free graphene gas sensors enabled by nondestructive molecular n-doping,article-analysis-domain-v1:feature:technical-feature-v1:Z2F0ZS1mcmVlIGdyYXBoZW5lIGdhcyBzZW5zb3JzIGVuYWJsZWQgYnkgbm9uZGVzdHJ1Y3RpdmUgbW9sZWN1bGFyIG4tZG9waW5n,DEVICE,,false,QUALIFIED_CONCEPT,false,false,false,1,D078,c56c60ec-74f3-44d5-83e6-f83d87b921f5,085635fc-2e57-43a6-a9f1-d932298baef9,509195ce-f818-487d-8196-eb0511b0acaf,Our gate-free graphene gas sensors enabled by nondestructive molecular n-doping could be used for the selective detection of subppq-level NO 2 in a gas mixture with reducing gases.,75,9,manual_expert_ai_all409_source_context,
F127,good linear relationship ( r 2 = 0.998),article-analysis-domain-v1:feature:technical-feature-v1:Z29vZCBsaW5lYXIgcmVsYXRpb25zaGlwICggciAyID0gMC45OTgp,PERFORMANCE,,false,QUALIFIED_CONCEPT,false,false,false,1,D010,136d5083-0254-4930-a35e-88441bb802a0,85c01574-c997-495b-9ba2-bc0edaec3568,761f757f-5005-4417-bf90-f2c5200f7600,"The optimal Ti 3 C 2 Tx MXene/GO/CuO/ZnO based gas sensor showed a high response of 96% at 200 ppm of NH 3, humidity independence in the range of 30–70%RH, good linear relationship ( R 2 = 0.998), low limit of detection of 4.1 ppm, and high selectivity to NH 3 over several gases/VOCs including formaldehyde, ethanol, methanol, isopropanol, toluene, and acetone.",39,8,manual_expert_ai_all409_source_context,
F128,good selectivity,article-analysis-domain-v1:feature:technical-feature-v1:Z29vZCBzZWxlY3Rpdml0eQ,PERFORMANCE,,false,QUALIFIED_CONCEPT,false,false,false,1,D074,bfcae593-3cf3-42fd-971a-5521c706cabe,e3951582-f3aa-453b-9d13-7c28601046d2,b293d27a-c458-484b-8164-c053423ac65d,"Meanwhile, the CuMGC sensor presents a favorable linearity, good selectivity and stability.",16,2,manual_expert_ai_all409_source_context,
F129,good thermal stability,article-analysis-domain-v1:feature:technical-feature-v1:Z29vZCB0aGVybWFsIHN0YWJpbGl0eQ,PROPERTY,,false,QUALIFIED_CONCEPT,false,false,false,1,D087,e07c06f0-da13-404a-b8b9-7112202bcf57,7a840bbe-a104-459e-a3a3-17411bda953a,8bcd9f4f-a601-493b-ba60-39bd2eb60068,"In order to make full utilization of the high intrinsic surface area of graphene, recently, porous graphene materials including graphene nanomesh, crumpled graphene and graphene foam, have attracted tremendous attention and research interest, owing to their exceptional porous structure (high surface area, and high pore volume) in combination with the inherent properties of graphene, such as high electronic conductivity, good thermal stability, and excellent mechanical strength.",22,3,manual_expert_ai_all409_source_context,
F130,graphene,article-analysis-domain-v1:feature:technical-feature-v1:Z3JhcGhlbmU,MATERIAL,,false,ATOMIC_NARROW,false,false,false,1,D043,7ab3543e-3bdf-4320-880f-3590b26aa4b6,63e99aaa-7d4a-45ae-93de-f44a2bd9f352,2061763d-b4f9-47e4-9560-4b654f81c4c8,"Graphene, transition metal chalcogenides, boron nitride, transition metal carbides/nitrides, metal organic frameworks, and metal oxide nanosheets as 2D materials represent gas-sensing materials of the future, especially in medical devices, such as breath sensing.",8,1,manual_expert_ai_all409_source_context,
F131,graphene decorated with transition metals,article-analysis-domain-v1:feature:technical-feature-v1:Z3JhcGhlbmUgZGVjb3JhdGVkIHdpdGggdHJhbnNpdGlvbiBtZXRhbHM,MATERIAL,,false,QUALIFIED_CONCEPT,false,false,false,1,D028,4321f854-bd6e-4799-a118-a50733440314,a6da61da-83a8-4034-83b2-4241f528ab8d,b75fa64e-72ef-4631-9c5d-5a57f888340d,"In general, graphene decorated with transition metals, defective graphene, and doped graphene have a higher sensibility toward the toxic gases than pristine graphene.",41,5,manual_expert_ai_all409_source_context,
F132,graphene oxide wrapping,article-analysis-domain-v1:feature:technical-feature-v1:Z3JhcGhlbmUgb3hpZGUgd3JhcHBpbmc,PROCESS,,false,QUALIFIED_CONCEPT,false,false,false,1,D006,0cecfdbe-d7a2-44cc-9362-c5c413dcc46d,f4df0ce1-40a8-4eab-885e-e48902a7d8dd,362460ac-f25d-4cfd-9621-e7a528b4aab7,"An ultra-sensitive gas sensor based on a reduced graphene oxide nanofiber mat was successfully fabricated using a combination of an electrospinning method and graphene oxide wrapping through an electrostatic self-assembly, followed by a low-temperature chemical reduction.",23,3,manual_expert_ai_all409_source_context,
F133,"graphene was used as a buffer layer, which transports electrons from cu for pd to nucleate on the slg surface",article-analysis-domain-v1:feature:technical-feature-v1:Z3JhcGhlbmUgd2FzIHVzZWQgYXMgYSBidWZmZXIgbGF5ZXIsIHdoaWNoIHRyYW5zcG9ydHMgZWxlY3Ryb25zIGZyb20gY3UgZm9yIHBkIHRvIG51Y2xlYXRlIG9uIHRoZSBzbGcgc3VyZmFjZQ,MECHANISM,PROCESS;MATERIAL,true,PROPOSITION,false,false,false,1,D061,99232d89-6fe1-4045-b661-0e1203a448d8,1ce5bfd9-d69f-4d5e-860b-cc663a8fdaa2,dd53930f-efae-4f64-b3f4-c4be12048b60,"During the galvanic displacement reaction, graphene was used as a buffer layer, which transports electrons from Cu for Pd to nucleate on the SLG surface.",109,20,manual_expert_ai_all409_source_context,
F134,graphene's unique electronic structures and properties,article-analysis-domain-v1:feature:technical-feature-v1:Z3JhcGhlbmUncyB1bmlxdWUgZWxlY3Ryb25pYyBzdHJ1Y3R1cmVzIGFuZCBwcm9wZXJ0aWVz,PROPERTY,,false,QUALIFIED_CONCEPT,false,false,false,1,D086,dfbf11ae-d233-47e1-bfbf-505e8c2d0594,5c746e81-98c2-4a66-918e-c6bb01b5e9b7,c84b43c0-e4a1-4404-a809-3ca4777783cc,"Today, graphene's unique electronic structures and properties, bolstered by other intriguing properties discovered in the intervening years, threaten the dominance of carbon nanotubes, a more mature allotrope of carbon, in potential applications from electronics to sensors.",54,6,manual_expert_ai_all409_source_context,Vague bundle of electronic properties.
F135,graphite,article-analysis-domain-v1:feature:technical-feature-v1:Z3JhcGhpdGU,MATERIAL,,false,ATOMIC_NARROW,false,false,false,1,D036,60564d96-782a-4b13-a6ba-e3cd057dbdba,6fa6521e-fc40-4e80-b8a9-66774d571cfb,77eef711-98b5-4741-a66c-98503fbbd396,"Graphene is the fundamental building block of all sp(2) carbon materials including single-walled carbon nanotubes, mutliwalled carbon nanotubes, and graphite and is therefore interesting from the fundamental standpoint as well as for practical applications.",8,1,manual_expert_ai_all409_source_context,
F136,"great mechanical deformation tolerance (3000 bending cycles, 1000 twisting cycles and 65% strain strength)",article-analysis-domain-v1:feature:technical-feature-v1:Z3JlYXQgbWVjaGFuaWNhbCBkZWZvcm1hdGlvbiB0b2xlcmFuY2UgKDMwMDAgYmVuZGluZyBjeWNsZXMsIDEwMDAgdHdpc3RpbmcgY3ljbGVzIGFuZCA2NSUgc3RyYWluIHN0cmVuZ3RoKQ,PERFORMANCE,OPERATING_CONDITION,true,QUALIFIED_CONCEPT,true,false,false,1,D001,00f9cfc7-459f-4c4d-8131-b425d01527dc,4b128123-d5ee-4a35-bb1b-e178ff04fff6,6319af2d-0fe1-4daa-87c6-131c379a75c9,"The as-prepared fiber demonstrates sensitive sensing response, excellent long-term stability (84 days), low theoretical detection limit (43.5 ppb NO 2 ), great mechanical deformation tolerance (3000 bending cycles, 1000 twisting cycles and 65% strain strength), and washing durability in room-temperature gas detection.",106,14,manual_expert_ai_all409_source_context,
F137,great selectivity,article-analysis-domain-v1:feature:technical-feature-v1:Z3JlYXQgc2VsZWN0aXZpdHk,PERFORMANCE,,false,QUALIFIED_CONCEPT,false,false,false,1,D014,24b7cbea-bb3a-47fe-af0d-1447f563f093,59c5e79f-feed-4606-9efb-72d6a8f61a0d,11127def-3116-4ee3-98d4-17368bbf509b,great selectivity,17,2,manual_expert_ai_all409_source_context,
F138,great wearability,article-analysis-domain-v1:feature:technical-feature-v1:Z3JlYXQgd2VhcmFiaWxpdHk,PROPERTY,,false,QUALIFIED_CONCEPT,false,false,false,1,D001,00f9cfc7-459f-4c4d-8131-b425d01527dc,cd508393-6194-4f9d-83ee-fdfc560226e1,6319af2d-0fe1-4daa-87c6-131c379a75c9,"Here, an easy-handing, low cost, and scalable fabricating strategy is reported to fabricate conductive, highly flexible, and mechanically stretchable/twisted fiber gas sensor with great wearability and knittability.",17,2,manual_expert_ai_all409_source_context,"Wearability: device usability property, not a material identity."
F139,heteroatom doping,article-analysis-domain-v1:feature:technical-feature-v1:aGV0ZXJvYXRvbSBkb3Bpbmc,PROCESS,,false,ATOMIC_NARROW,false,false,false,1,D033,5d98bb43-ab4b-458a-86bc-0d4b88145cb7,fb967db4-f70d-40e3-80ea-489203adcfa3,dbdaf239-fba9-4211-b227-4b8b4c6c783d,heteroatom doping,17,2,manual_expert_ai_all409_source_context,
F140,"heteroatom doping can endow graphene with various new or improved electromagnetic, physicochemical, optical, and structural properties",article-analysis-domain-v1:feature:technical-feature-v1:aGV0ZXJvYXRvbSBkb3BpbmcgY2FuIGVuZG93IGdyYXBoZW5lIHdpdGggdmFyaW91cyBuZXcgb3IgaW1wcm92ZWQgZWxlY3Ryb21hZ25ldGljLCBwaHlzaWNvY2hlbWljYWwsIG9wdGljYWwsIGFuZCBzdHJ1Y3R1cmFsIHByb3BlcnRpZXM,PROPERTY,PROCESS;MATERIAL,true,PROPOSITION,false,false,false,1,D080,c9984def-b7e0-46b4-a20c-b9abdb6e2c18,5f68c714-ddac-4669-bf3d-c1a221652273,6035e6b9-fee7-4f37-9c56-79cea9e286d0,"Heteroatom doping can endow graphene with various new or improved electromagnetic, physicochemical, optical, and structural properties.",134,16,manual_expert_ai_all409_source_context,
F141,hexagonal honeycomb crystalline structure,article-analysis-domain-v1:feature:technical-feature-v1:aGV4YWdvbmFsIGhvbmV5Y29tYiBjcnlzdGFsbGluZSBzdHJ1Y3R1cmU,MORPHOLOGY,,false,QUALIFIED_CONCEPT,false,false,false,1,D036,60564d96-782a-4b13-a6ba-e3cd057dbdba,e758be1c-b068-4758-ba9a-9faeed0d3d83,77eef711-98b5-4741-a66c-98503fbbd396,Graphene is a single-atom-thick sheet of sp(2) hybridized carbon atoms that are packed in a hexagonal honeycomb crystalline structure.,41,4,manual_expert_ai_all409_source_context,
F142,high carrier mobility,article-analysis-domain-v1:feature:technical-feature-v1:aGlnaCBjYXJyaWVyIG1vYmlsaXR5,PROPERTY,,false,QUALIFIED_CONCEPT,false,false,false,2,D025;D058,3c6c7dee-038f-4e1a-a3be-1f829a96ebdd;95ad40b5-46f9-4654-bdd2-96e396478d6c,374c4cbc-f988-44d9-9dee-f82934dec979;caf82e3f-7b7c-4441-af08-218b3292d84c,9644c802-76bc-4447-9648-8252e609a52a,high carrier mobility of graphene,21,3,manual_expert_ai_all409_source_context,
F143,high chemical/electrochemical stability,article-analysis-domain-v1:feature:technical-feature-v1:aGlnaCBjaGVtaWNhbC9lbGVjdHJvY2hlbWljYWwgc3RhYmlsaXR5,PROPERTY,,false,QUALIFIED_CONCEPT,false,false,false,1,D005,0aefc3c4-7a94-4f46-a092-61c24f82eed8,2e498c3b-9201-407a-9612-e66dd3d5bb99,496eab91-ffa7-4e93-9be0-dba1a282191a,high chemical/electrochemical stability,39,3,manual_expert_ai_all409_source_context,
F144,high drive current,article-analysis-domain-v1:feature:technical-feature-v1:aGlnaCBkcml2ZSBjdXJyZW50,PERFORMANCE,,false,QUALIFIED_CONCEPT,false,false,false,1,D088,e4a11c17-4a02-4845-9887-a6d113174d38,10942021-6a14-4980-ba8c-a702a13d9074,2de48374-7eff-4eaa-b28b-045e1eacca8a,"The fabricated GNM transistor device exhibited promising electronic properties featuring a high drive current and an I(ON)/I(OFF) ratio of about 6, significantly higher than its film counterpart.",18,3,manual_expert_ai_all409_source_context,
F145,high electro/thermo conductivities,article-analysis-domain-v1:feature:technical-feature-v1:aGlnaCBlbGVjdHJvL3RoZXJtbyBjb25kdWN0aXZpdGllcw,PROPERTY,,false,QUALIFIED_CONCEPT,false,false,false,1,D005,0aefc3c4-7a94-4f46-a092-61c24f82eed8,62816fc5-91ca-4256-bff1-12e184f6f3ba,496eab91-ffa7-4e93-9be0-dba1a282191a,high electro/thermo conductivities,34,3,manual_expert_ai_all409_source_context,
F146,high electron mobility,article-analysis-domain-v1:feature:technical-feature-v1:aGlnaCBlbGVjdHJvbiBtb2JpbGl0eQ,PROPERTY,,false,QUALIFIED_CONCEPT,false,false,false,1,D075,c04f97a5-b941-4257-b74f-721faa94e982,229ea02f-238c-4c6b-995a-85e2aacb6e33,40d0ed33-a786-422f-b88b-7a16a3513ae9,"Graphene is considered as one of the most promising materials for post silicon electronics, as it combines high electron mobility with atomic thickness [Novoselov et al. Science 2004, 306, 666-669. Novoselov et al. Proc. Natl. Acad. Sci. U.S.A. 2005, 102, 10451-10453].",22,3,manual_expert_ai_all409_source_context,
F147,high electronic conductivity,article-analysis-domain-v1:feature:technical-feature-v1:aGlnaCBlbGVjdHJvbmljIGNvbmR1Y3Rpdml0eQ,PROPERTY,,false,QUALIFIED_CONCEPT,false,false,false,1,D087,e07c06f0-da13-404a-b8b9-7112202bcf57,e9b172c6-d3d0-496d-a6c6-833cb4f6f9f8,8bcd9f4f-a601-493b-ba60-39bd2eb60068,"In order to make full utilization of the high intrinsic surface area of graphene, recently, porous graphene materials including graphene nanomesh, crumpled graphene and graphene foam, have attracted tremendous attention and research interest, owing to their exceptional porous structure (high surface area, and high pore volume) in combination with the inherent properties of graphene, such as high electronic conductivity, good thermal stability, and excellent mechanical strength.",28,3,manual_expert_ai_all409_source_context,
F148,high flexibility and elasticity,article-analysis-domain-v1:feature:technical-feature-v1:aGlnaCBmbGV4aWJpbGl0eSBhbmQgZWxhc3RpY2l0eQ,PROPERTY,,false,QUALIFIED_CONCEPT,false,false,false,1,D005,0aefc3c4-7a94-4f46-a092-61c24f82eed8,896fce00-5f3e-48ab-b744-c21472222ca2,496eab91-ffa7-4e93-9be0-dba1a282191a,high flexibility and elasticity,31,4,manual_expert_ai_all409_source_context,
F149,high gas response of 95.1%,article-analysis-domain-v1:feature:technical-feature-v1:aGlnaCBnYXMgcmVzcG9uc2Ugb2YgOTUuMSU,PERFORMANCE,,false,QUALIFIED_CONCEPT,false,false,false,1,D074,bfcae593-3cf3-42fd-971a-5521c706cabe,44b84b1a-fc5c-4579-8e58-2bc8abe84487,b293d27a-c458-484b-8164-c053423ac65d,"In detail, the CuMGCs show a higher NOx gas sensing performance with low detection limit of 97 ppb, high gas response of 95.1% and short response time of 9.6 s to 97.0 ppm NOx at room temperature.",26,5,manual_expert_ai_all409_source_context,
F150,high intrinsic surface area,article-analysis-domain-v1:feature:technical-feature-v1:aGlnaCBpbnRyaW5zaWMgc3VyZmFjZSBhcmVh,PROPERTY,,false,QUALIFIED_CONCEPT,false,false,false,1,D087,e07c06f0-da13-404a-b8b9-7112202bcf57,72017068-3adf-49ec-a656-0117c2462bb3,8bcd9f4f-a601-493b-ba60-39bd2eb60068,"In order to make full utilization of the high intrinsic surface area of graphene, recently, porous graphene materials including graphene nanomesh, crumpled graphene and graphene foam, have attracted tremendous attention and research interest, owing to their exceptional porous structure (high surface area, and high pore volume) in combination with the inherent properties of graphene, such as high electronic conductivity, good thermal stability, and excellent mechanical strength.",27,4,manual_expert_ai_all409_source_context,
F151,high mobility,article-analysis-domain-v1:feature:technical-feature-v1:aGlnaCBtb2JpbGl0eQ,PROPERTY,,false,QUALIFIED_CONCEPT,false,false,false,1,D029,4a17444d-09e0-4cad-becb-0ad9e9a95b73,b94ccac2-8dbc-4014-9666-e390eb266b2c,28d1c15e-e2d5-41b9-96f3-dfb222eb27f1,"i.e., large surface, high mobility, and long-term stability.",13,2,manual_expert_ai_all409_source_context,
F152,high proton conductivity (58 ms cm−1 at 55 °c),article-analysis-domain-v1:feature:technical-feature-v1:aGlnaCBwcm90b24gY29uZHVjdGl2aXR5ICg1OCBtcyBjbeKIkjEgYXQgNTUgwrBjKQ,PROPERTY,,false,QUALIFIED_CONCEPT,false,false,false,1,D090,e61dd295-666c-4963-bb18-eac28a02fe12,19d4234e-2d04-4057-9595-3fac1603e89b,666fa0ee-59ba-497d-a89a-cd5f2e99d0ba,since it possesses a high proton conductivity (58 mS cm−1 at 55 °C),46,9,manual_expert_ai_all409_source_context,
F153,high response,article-analysis-domain-v1:feature:technical-feature-v1:aGlnaCByZXNwb25zZQ,PERFORMANCE,,false,QUALIFIED_CONCEPT,false,false,false,1,D083,d8fa4f24-71ee-4b88-967c-024021e0043b,77ee461f-158f-493e-b6f8-b258a0f9fcca,e89caff2-4334-4314-9f46-26f53157d3b0,"The Sn–TiO2@rGO/CNT nanocomposite gas sensor exhibited high response and ultrahigh selectivity to NH3 against toluene, dimethylformamide, acetone, ethanol, methanol, isopropanol, formaldehyde, hydrogen, carbon dioxide, acetylene, and VOCs in paint thinners at room temperature.",13,2,manual_expert_ai_all409_source_context,
F154,high response of 96% at 200 ppm of nh 3,article-analysis-domain-v1:feature:technical-feature-v1:aGlnaCByZXNwb25zZSBvZiA5NiUgYXQgMjAwIHBwbSBvZiBuaCAz,PERFORMANCE,,false,QUALIFIED_CONCEPT,false,false,false,1,D010,136d5083-0254-4930-a35e-88441bb802a0,4565935f-194b-4678-a709-dfb35aaabf37,761f757f-5005-4417-bf90-f2c5200f7600,"The optimal Ti 3 C 2 Tx MXene/GO/CuO/ZnO based gas sensor showed a high response of 96% at 200 ppm of NH 3, humidity independence in the range of 30–70%RH, good linear relationship ( R 2 = 0.998), low limit of detection of 4.1 ppm, and high selectivity to NH 3 over several gases/VOCs including formaldehyde, ethanol, methanol, isopropanol, toluene, and acetone.",39,10,manual_expert_ai_all409_source_context,
F155,high response to formaldehyde,article-analysis-domain-v1:feature:technical-feature-v1:aGlnaCByZXNwb25zZSB0byBmb3JtYWxkZWh5ZGU,PERFORMANCE,,false,QUALIFIED_CONCEPT,false,false,false,1,D065,a699dfba-8207-41f9-a491-43a360e40cd9,2f168173-7300-4822-b672-7f6e649404b1,7ebb6e7c-9e6b-42ab-abab-9acd07414eab,It was found that 0.5 nm ZnO films modified graphene sensors showed high response to formaldehyde with the resistance change up to 52% at the concentration of 9 parts-per-million (ppm) at room temperature.,29,4,manual_expert_ai_all409_source_context,
F156,high response to no2 gas,article-analysis-domain-v1:feature:technical-feature-v1:aGlnaCByZXNwb25zZSB0byBubzIgZ2Fz,PERFORMANCE,,false,QUALIFIED_CONCEPT,false,false,false,1,D047,7c663f65-65c2-4e27-8840-bf5bdb960cb0,c59c98fc-9b25-4f5f-9e06-f3cbec7cbb88,e1851a4b-19b5-4334-8a11-811bfe34cd94,"The e-textile gas sensor possesses chemical durability to several detergent washing treatments and mechanical stability under 1,000 bending tests at an extreme bending radius of 1 mm as well as a high response to NO2 gas at room temperature with selectivity to other gases such as acetone, ethanol, ethylene, and CO2.",24,5,manual_expert_ai_all409_source_context,
F157,high selectivity,article-analysis-domain-v1:feature:technical-feature-v1:aGlnaCBzZWxlY3Rpdml0eQ,PERFORMANCE,,false,QUALIFIED_CONCEPT,false,false,false,1,D012,20376efd-3954-4627-a0f9-768d09825046,3bf675e8-10ab-4c3d-b3a8-b6b3228446d0,b3a3302f-238c-403f-ba93-37727ed82718,"In our experiments rGO-based sensor arrays demonstrated a high selectivity that was sufficient to discriminate between different alcohols, such as methanol, ethanol and isopropanol, at a 100% success rate.",16,2,manual_expert_ai_all409_source_context,
F158,"high selectivity to nh 3 over several gases/vocs including formaldehyde, ethanol, methanol, isopropanol, toluene, and acetone",article-analysis-domain-v1:feature:technical-feature-v1:aGlnaCBzZWxlY3Rpdml0eSB0byBuaCAzIG92ZXIgc2V2ZXJhbCBnYXNlcy92b2NzIGluY2x1ZGluZyBmb3JtYWxkZWh5ZGUsIGV0aGFub2wsIG1ldGhhbm9sLCBpc29wcm9wYW5vbCwgdG9sdWVuZSwgYW5kIGFjZXRvbmU,PERFORMANCE,,false,QUALIFIED_CONCEPT,true,false,false,1,D010,136d5083-0254-4930-a35e-88441bb802a0,a75e33c3-8db3-45e9-af20-bd38164cd658,761f757f-5005-4417-bf90-f2c5200f7600,"The optimal Ti 3 C 2 Tx MXene/GO/CuO/ZnO based gas sensor showed a high response of 96% at 200 ppm of NH 3, humidity independence in the range of 30–70%RH, good linear relationship ( R 2 = 0.998), low limit of detection of 4.1 ppm, and high selectivity to NH 3 over several gases/VOCs including formaldehyde, ethanol, methanol, isopropanol, toluene, and acetone.",125,16,manual_expert_ai_all409_source_context,
F159,high sensitivity,article-analysis-domain-v1:feature:technical-feature-v1:aGlnaCBzZW5zaXRpdml0eQ,PERFORMANCE,,false,QUALIFIED_CONCEPT,false,false,false,1,D014,24b7cbea-bb3a-47fe-af0d-1447f563f093,3da81739-c696-4ed5-ad68-d209448eb3e2,11127def-3116-4ee3-98d4-17368bbf509b,high sensitivity,16,2,manual_expert_ai_all409_source_context,
F160,high sensitivity to gas adsorption,article-analysis-domain-v1:feature:technical-feature-v1:aGlnaCBzZW5zaXRpdml0eSB0byBnYXMgYWRzb3JwdGlvbg,PERFORMANCE,,false,QUALIFIED_CONCEPT,false,false,false,1,D011,156b15bb-dbd9-4d9d-a871-3c46ae7d5515,fcc81045-6b38-4ef1-9f44-9d64d2a25485,658c581f-b972-4500-83fb-0c881a212867,"Graphene is considered as one of leading candidates for gas sensor applications in the Internet of Things owing to its unique properties such as high sensitivity to gas adsorption, transparency, and flexibility.",34,5,manual_expert_ai_all409_source_context,
F161,high sensitivity to no2,article-analysis-domain-v1:feature:technical-feature-v1:aGlnaCBzZW5zaXRpdml0eSB0byBubzI,PERFORMANCE,,false,QUALIFIED_CONCEPT,false,false,false,1,D067,acd6003a-13ec-4bce-87f5-cec1c79eabb3,0bc7baab-db9a-4bf8-8cb6-9f81a1e1cf7e,b5b668aa-f2e0-4200-8bde-ef54cfc4f287,The epitaxial graphene shows high sensitivity to NO2 with response of 105.1% to 4 ppm NO2 and detection limit of 1 ppb.,23,4,manual_expert_ai_all409_source_context,
F162,"high sensitivity, low cost and low energy consumption miniaturised gas sensors",article-analysis-domain-v1:feature:technical-feature-v1:aGlnaCBzZW5zaXRpdml0eSwgbG93IGNvc3QgYW5kIGxvdyBlbmVyZ3kgY29uc3VtcHRpb24gbWluaWF0dXJpc2VkIGdhcyBzZW5zb3Jz,DEVICE,PERFORMANCE,true,QUALIFIED_CONCEPT,true,false,false,1,D073,be88ae5a-4cd1-4568-9792-a9d1eddb56be,9685ba79-005d-4dbf-ad88-e30293434795,eb017e38-0a55-4109-b8f0-c6c0b5a02a11,"There is a well-demonstrated global need for high sensitivity, low cost and low energy consumption miniaturised gas sensors to be deployed in a dense network and to be used in an attempt to pinpoint and avoid high pollution hot spots.",78,11,manual_expert_ai_all409_source_context,
F163,high sensor response of 24.7,article-analysis-domain-v1:feature:technical-feature-v1:aGlnaCBzZW5zb3IgcmVzcG9uc2Ugb2YgMjQuNw,PERFORMANCE,,false,QUALIFIED_CONCEPT,false,false,false,1,D004,08d58bd1-a89e-4b70-b817-821df8428bc7,92e1da4f-0de7-4f20-a1ec-2de41a7d3e90,1314b88d-a703-48b5-bb03-e426d5474034,"The graphene–SnO 2 nanocomposites exhibited a high sensor response of 24.7 for 1 ppm of NO 2 gas, at an optimized temperature of 150 °C.",28,5,manual_expert_ai_all409_source_context,
F164,high signal-to-noise ratio at room temperature,article-analysis-domain-v1:feature:technical-feature-v1:aGlnaCBzaWduYWwtdG8tbm9pc2UgcmF0aW8gYXQgcm9vbSB0ZW1wZXJhdHVyZQ,PERFORMANCE,OPERATING_CONDITION,true,QUALIFIED_CONCEPT,false,false,false,1,D010,136d5083-0254-4930-a35e-88441bb802a0,34985b41-ac06-4103-994f-3172d216135e,510e3540-e579-4536-a4ea-dae9b47eb024,Two-dimensional (2D) Ti 3 C 2 Tx Mxene has currently demonstrated significant potential for gas sensing application with a high signal-to-noise ratio at room temperature.,46,6,manual_expert_ai_all409_source_context,
F165,high specific surface area,article-analysis-domain-v1:feature:technical-feature-v1:aGlnaCBzcGVjaWZpYyBzdXJmYWNlIGFyZWE,PROPERTY,,false,QUALIFIED_CONCEPT,false,false,false,1,D018,298b9ec6-547c-4544-ad9b-1d7796ef32c1,332a26ba-6fe5-4e34-9cb8-6a38c7e8be0e,2f4dc259-06bf-47d1-b373-54df2cb8b173,"Owing to high specific surface area and improved conductivity, the rGO-Cu(2)O mesocrystals achieved a higher sensitivity toward NO(2) at room temperature, surpassing the performance of standalone systems of Cu(2)O nanowires networks and rGO sheets.",26,4,manual_expert_ai_all409_source_context,
F166,high surface area,article-analysis-domain-v1:feature:technical-feature-v1:aGlnaCBzdXJmYWNlIGFyZWE,PROPERTY,,false,QUALIFIED_CONCEPT,false,false,false,1,D005,0aefc3c4-7a94-4f46-a092-61c24f82eed8,dd0d1bc6-28ac-4481-8c36-499e14752001,496eab91-ffa7-4e93-9be0-dba1a282191a,high surface area,17,3,manual_expert_ai_all409_source_context,
F167,high surface area and thermal conductivity of the lig,article-analysis-domain-v1:feature:technical-feature-v1:aGlnaCBzdXJmYWNlIGFyZWEgYW5kIHRoZXJtYWwgY29uZHVjdGl2aXR5IG9mIHRoZSBsaWc,PROPERTY,,false,QUALIFIED_CONCEPT,false,false,false,1,D070,b652e00f-7ac8-4b37-b370-272e2482d67f,49713e6f-8c15-4948-bdee-89621703a243,e5fe39a5-d194-4570-9f6b-a2ec9077c4b4,High surface area and thermal conductivity of the LIG results in rapid response times for all studied gases.,53,9,manual_expert_ai_all409_source_context,
F168,high-performance nh 3 gas sensor at room temperature,article-analysis-domain-v1:feature:technical-feature-v1:aGlnaC1wZXJmb3JtYW5jZSBuaCAzIGdhcyBzZW5zb3IgYXQgcm9vbSB0ZW1wZXJhdHVyZQ,DEVICE,OPERATING_CONDITION;PERFORMANCE,true,QUALIFIED_CONCEPT,false,false,false,1,D010,136d5083-0254-4930-a35e-88441bb802a0,0f40d355-00d3-415c-95e8-13a5d48902a1,510e3540-e579-4536-a4ea-dae9b47eb024,"Herein, we present the mixture of popular NH 3 sensing materials such as graphene oxide (GO), copper oxide (CuO), and zinc oxide (ZnO) into Ti 3 C 2 Tx Mxene to be a high-performance NH 3 gas sensor at room temperature.",52,8,manual_expert_ai_all409_source_context,
F169,higher selectivity to no2,article-analysis-domain-v1:feature:technical-feature-v1:aGlnaGVyIHNlbGVjdGl2aXR5IHRvIG5vMg,PERFORMANCE,,false,QUALIFIED_CONCEPT,false,false,false,1,D098,f788f5fa-e284-4d65-8241-8210291c488c,77ea186c-045b-40fe-9648-cb5edc04bbf9,f2eb10d1-6abf-4eda-983c-494df7265e17,"this nanocomposite based sensor exhibited higher selectivity to NO2 in contrast to other oxidant analyte gases, e.g., HCl, H2S and SO2.",25,4,manual_expert_ai_all409_source_context,
F170,highly anisotropic nanowires as building blocks,article-analysis-domain-v1:feature:technical-feature-v1:aGlnaGx5IGFuaXNvdHJvcGljIG5hbm93aXJlcyBhcyBidWlsZGluZyBibG9ja3M,MORPHOLOGY,,false,QUALIFIED_CONCEPT,false,false,false,1,D018,298b9ec6-547c-4544-ad9b-1d7796ef32c1,1d77a51a-d6ba-4f76-9ad1-23fc5d0bc5cd,6b6b66f9-d41f-4669-95f2-f8ed58d4693b,The resultant mesocrystals are comprised of highly anisotropic nanowires as building blocks and possess a distinct octahedral morphology with eight {111} equivalent crystal faces.,47,6,manual_expert_ai_all409_source_context,
F171,highly efficient,article-analysis-domain-v1:feature:technical-feature-v1:aGlnaGx5IGVmZmljaWVudA,PERFORMANCE,,false,QUALIFIED_CONCEPT,false,true,false,1,D024,3a5a587d-5ddf-49b9-aa34-bd081fb0d04b,6d6ddbda-d9c2-41c9-8d33-d6b73c46414e,8c66a2f4-bc1a-4135-b4ed-059f62c24390,"Hence, we propose using porous graphene sheets as one-atom-thin, highly efficient, and highly selective membranes for gas separation.",16,2,manual_expert_ai_all409_source_context,"Efficiency of a gas-separation membrane, not sensor sensitivity."
F172,highly flexible,article-analysis-domain-v1:feature:technical-feature-v1:aGlnaGx5IGZsZXhpYmxl,PROPERTY,,false,QUALIFIED_CONCEPT,false,false,false,1,D001,00f9cfc7-459f-4c4d-8131-b425d01527dc,168a3a66-79e9-4176-a9a9-ae6ab23cd758,6319af2d-0fe1-4daa-87c6-131c379a75c9,"Here, an easy-handing, low cost, and scalable fabricating strategy is reported to fabricate conductive, highly flexible, and mechanically stretchable/twisted fiber gas sensor with great wearability and knittability.",15,2,manual_expert_ai_all409_source_context,
F173,highly ordered nanoscale texturing such as semiconductor metal oxide nanorod arrays on the flexible substrates,article-analysis-domain-v1:feature:technical-feature-v1:aGlnaGx5IG9yZGVyZWQgbmFub3NjYWxlIHRleHR1cmluZyBzdWNoIGFzIHNlbWljb25kdWN0b3IgbWV0YWwgb3hpZGUgbmFub3JvZCBhcnJheXMgb24gdGhlIGZsZXhpYmxlIHN1YnN0cmF0ZXM,MORPHOLOGY,MATERIAL,true,QUALIFIED_CONCEPT,true,false,false,1,D076,c4a02758-57a8-4f3c-9191-6281afef84fe,aae26bc7-f999-4845-93d2-34d5532a50b4,4f4162aa-9c16-4f62-94e6-37d89d56b5e8,"In the flexible devices' fabrication, highly ordered nanoscale texturing such as semiconductor metal oxide nanorod arrays on the flexible substrates is critical for optimal performance.",110,15,manual_expert_ai_all409_source_context,
F174,"highly reactive, top mounted zno thin films",article-analysis-domain-v1:feature:technical-feature-v1:aGlnaGx5IHJlYWN0aXZlLCB0b3AgbW91bnRlZCB6bm8gdGhpbiBmaWxtcw,MATERIAL,PROPERTY;MORPHOLOGY,true,QUALIFIED_CONCEPT,false,false,false,1,D065,a699dfba-8207-41f9-a491-43a360e40cd9,7748e262-28bf-4d7c-929d-bd0db23532f4,7ebb6e7c-9e6b-42ab-abab-9acd07414eab,"The high sensitivity could be attributed to the combining effect from the highly reactive, top mounted ZnO thin films, and high conductive graphene base network.",43,7,manual_expert_ai_all409_source_context,
F175,highly selective,article-analysis-domain-v1:feature:technical-feature-v1:aGlnaGx5IHNlbGVjdGl2ZQ,PERFORMANCE,,false,QUALIFIED_CONCEPT,false,false,false,1,D024,3a5a587d-5ddf-49b9-aa34-bd081fb0d04b,f9eb7e28-0822-4219-b4d3-71a66ea53736,8c66a2f4-bc1a-4135-b4ed-059f62c24390,"Hence, we propose using porous graphene sheets as one-atom-thin, highly efficient, and highly selective membranes for gas separation.",16,2,manual_expert_ai_all409_source_context,
F176,highly sensitive and rapidly responding room-temperature no 2 gas sensor,article-analysis-domain-v1:feature:technical-feature-v1:aGlnaGx5IHNlbnNpdGl2ZSBhbmQgcmFwaWRseSByZXNwb25kaW5nIHJvb20tdGVtcGVyYXR1cmUgbm8gMiBnYXMgc2Vuc29y,DEVICE,OPERATING_CONDITION;PERFORMANCE,true,QUALIFIED_CONCEPT,false,false,false,1,D068,b102c67e-e167-49c6-a3cf-5c14d31d8fc1,fda3b685-06f0-4409-b129-b64ac96e9bdf,0ec317d5-3c20-41e0-9f78-67fec485b6cc,"Herein, a highly sensitive and rapidly responding room-temperature NO 2 gas sensor based on WO 3 nanorods/sulfonated reduced graphene oxide (S-rGO) was prepared via a simple and cost-effective hydrothermal method.",72,10,manual_expert_ai_all409_source_context,
F177,highly sensitive and uniform graphene gas sensor,article-analysis-domain-v1:feature:technical-feature-v1:aGlnaGx5IHNlbnNpdGl2ZSBhbmQgdW5pZm9ybSBncmFwaGVuZSBnYXMgc2Vuc29y,DEVICE,PERFORMANCE,true,QUALIFIED_CONCEPT,false,false,false,1,D032,5c25b3c9-cc53-4db3-a4b2-9b9e58f70a32,49b5ea17-7f78-414d-8dbf-b28efa550068,1f5244bb-ab96-40bc-961b-c15bb6c2c01d,Here we report processes that lead to a highly sensitive and uniform graphene gas sensor.,48,7,manual_expert_ai_all409_source_context,
F178,highly sensitive gas sensors,article-analysis-domain-v1:feature:technical-feature-v1:aGlnaGx5IHNlbnNpdGl2ZSBnYXMgc2Vuc29ycw,DEVICE,,false,QUALIFIED_CONCEPT,false,false,false,1,D012,20376efd-3954-4627-a0f9-768d09825046,af73d49b-32a3-4b00-a87e-be7a351d454a,b3a3302f-238c-403f-ba93-37727ed82718,"The electrical properties of reduced graphene oxide (rGO) have been previously shown to be very sensitive to surface adsorbates, thus making rGO a very promising platform for highly sensitive gas sensors.",28,4,manual_expert_ai_all409_source_context,
F179,"highly sensitive, selective, and reversible responses to no2 without external heating",article-analysis-domain-v1:feature:technical-feature-v1:aGlnaGx5IHNlbnNpdGl2ZSwgc2VsZWN0aXZlLCBhbmQgcmV2ZXJzaWJsZSByZXNwb25zZXMgdG8gbm8yIHdpdGhvdXQgZXh0ZXJuYWwgaGVhdGluZw,PERFORMANCE,OPERATING_CONDITION,true,QUALIFIED_CONCEPT,true,false,false,1,D011,156b15bb-dbd9-4d9d-a871-3c46ae7d5515,768db982-67f0-41ae-9611-a19cd7a247ce,658c581f-b972-4500-83fb-0c881a212867,"The all-graphene gas sensors which consist of graphene for both sensor electrodes and active sensing area exhibit highly sensitive, selective, and reversible responses to NO2 without external heating.",85,11,manual_expert_ai_all409_source_context,
F180,highly stable,article-analysis-domain-v1:feature:technical-feature-v1:aGlnaGx5IHN0YWJsZQ,PERFORMANCE,,false,QUALIFIED_CONCEPT,false,false,false,1,D079,c5dfdef7-4f8f-455d-8ef1-e24b30dd136f,f2d94662-12d5-4c78-af44-eccc1c316c2c,2a444bc2-8cb5-4ba7-9ab7-86041490c792,"Moreover, we demonstrate that AgNPs/G is of low limit of detection, highly stable, selective, reversible, repeatable, and sensor-to-sensor reproducible, for methane sensing.",13,2,manual_expert_ai_all409_source_context,
F181,highly stretchable,article-analysis-domain-v1:feature:technical-feature-v1:aGlnaGx5IHN0cmV0Y2hhYmxl,PROPERTY,,false,QUALIFIED_CONCEPT,false,false,false,1,D002,0552620e-65ac-43c4-93c4-09b464cf9ade,7ba7069e-d9e1-4a1a-b28d-16a0be0d2a41,fb382821-bd8e-402c-97fb-57311552a4c5,"Herein, we report the fabrication of a highly stretchable, transparent gas sensor based on silver nanowire-graphene hybrid nanostructures.",18,2,manual_expert_ai_all409_source_context,
F182,humidity independence in the range of 30–70%rh,article-analysis-domain-v1:feature:technical-feature-v1:aHVtaWRpdHkgaW5kZXBlbmRlbmNlIGluIHRoZSByYW5nZSBvZiAzMOKAkzcwJXJo,PERFORMANCE,OPERATING_CONDITION,true,QUALIFIED_CONCEPT,false,true,false,1,D010,136d5083-0254-4930-a35e-88441bb802a0,afb0c86d-c996-498d-a9ae-a680c6f834c8,761f757f-5005-4417-bf90-f2c5200f7600,"The optimal Ti 3 C 2 Tx MXene/GO/CuO/ZnO based gas sensor showed a high response of 96% at 200 ppm of NH 3, humidity independence in the range of 30–70%RH, good linear relationship ( R 2 = 0.998), low limit of detection of 4.1 ppm, and high selectivity to NH 3 over several gases/VOCs including formaldehyde, ethanol, methanol, isopropanol, toluene, and acetone.",46,7,manual_expert_ai_all409_source_context,
F183,hydrophilic 2d graphene oxide (go) nanosheets,article-analysis-domain-v1:feature:technical-feature-v1:aHlkcm9waGlsaWMgMmQgZ3JhcGhlbmUgb3hpZGUgKGdvKSBuYW5vc2hlZXRz,MATERIAL,,false,QUALIFIED_CONCEPT,false,false,false,1,D097,f1c4d560-678f-4ead-af98-f670b31ac562,00aaaa01-6d11-47a9-a6c3-7449ce97ee5d,cbfdda24-6c93-438e-99ac-3743eff2b9ae,"New hydrophilic 2D graphene oxide (GO) nanosheets with various oxygen functional groups were employed to maintain high sensitivity in highly unfavorable environments (extremely high humidity, strong acidic or basic).",45,6,manual_expert_ai_all409_source_context,
F184,hydrophobic reduced graphene oxide (rgo),article-analysis-domain-v1:feature:technical-feature-v1:aHlkcm9waG9iaWMgcmVkdWNlZCBncmFwaGVuZSBveGlkZSAocmdvKQ,MATERIAL,,false,QUALIFIED_CONCEPT,false,false,false,1,D097,f1c4d560-678f-4ead-af98-f670b31ac562,fd931067-22ac-4b09-9869-e97a99da9091,cbfdda24-6c93-438e-99ac-3743eff2b9ae,"Novel one-headed polymer optical fiber sensor arrays using hydrophilic GO and hydrophobic reduced graphene oxide (rGO) were carefully designed, leading to the selective sensing of volatile organic gases for the first time.",40,5,manual_expert_ai_all409_source_context,
F185,hydrothermal method,article-analysis-domain-v1:feature:technical-feature-v1:aHlkcm90aGVybWFsIG1ldGhvZA,PROCESS,,false,ATOMIC_NARROW,false,false,false,1,D010,136d5083-0254-4930-a35e-88441bb802a0,6aca76ef-6bb9-4f18-8c79-f448faf7baea,510e3540-e579-4536-a4ea-dae9b47eb024,"Various nanocomposites such as Mxene/GO, Mxene/ZnO, Mxene/CuO, Mxene/GO/ZnO, Mxene/GO/CuO, Mxene/ZnO/CuO, and Mxene/GO/ZnO/CuO were synthesized via the hydrothermal method and used as NH 3 sensing materials in room-temperature gas sensors.",19,2,manual_expert_ai_all409_source_context,
F186,hydrothermal method using graphene oxide and nh4oh as precursors,article-analysis-domain-v1:feature:technical-feature-v1:aHlkcm90aGVybWFsIG1ldGhvZCB1c2luZyBncmFwaGVuZSBveGlkZSBhbmQgbmg0b2ggYXMgcHJlY3Vyc29ycw,PROCESS,MATERIAL,true,QUALIFIED_CONCEPT,true,false,false,1,D008,10c07eba-9d0f-42a9-aeb3-911ec8ccc747,e6eb7094-a669-4c36-96ed-8d1d085cbc5b,3f2d39d3-d5c4-4089-92c3-86438ce93d35,nitrogen-doped reduced graphene oxide (N-rGO) was synthesized by a hydrothermal method using graphene oxide and NH4OH as precursors.,64,9,manual_expert_ai_all409_source_context,
F187,i(on)/i(off) ratio of about 6,article-analysis-domain-v1:feature:technical-feature-v1:aShvbikvaShvZmYpIHJhdGlvIG9mIGFib3V0IDY,PERFORMANCE,,false,QUALIFIED_CONCEPT,false,false,false,1,D088,e4a11c17-4a02-4845-9887-a6d113174d38,02fe35ca-e64d-4ac4-901a-bc725edcec0b,2de48374-7eff-4eaa-b28b-045e1eacca8a,"The fabricated GNM transistor device exhibited promising electronic properties featuring a high drive current and an I(ON)/I(OFF) ratio of about 6, significantly higher than its film counterpart.",29,5,manual_expert_ai_all409_source_context,
F188,imbedded microheater,article-analysis-domain-v1:feature:technical-feature-v1:aW1iZWRkZWQgbWljcm9oZWF0ZXI,DEVICE,,false,ATOMIC_NARROW,false,false,false,1,D082,d145c9ac-f2af-4f95-a048-4bc61c873bd7,848f5852-3ec7-4991-a497-9a27b9a593df,8db8d650-11b9-4f9f-a333-4565fc673498,The temperature of the sensor is elevated rapidly by an imbedded microheater with little power consumption.,20,2,manual_expert_ai_all409_source_context,
F189,improved conductivity,article-analysis-domain-v1:feature:technical-feature-v1:aW1wcm92ZWQgY29uZHVjdGl2aXR5,PROPERTY,,false,QUALIFIED_CONCEPT,false,false,false,1,D018,298b9ec6-547c-4544-ad9b-1d7796ef32c1,e28709d0-c105-4aa7-8a80-af8295e5f2cf,2f4dc259-06bf-47d1-b373-54df2cb8b173,"Owing to high specific surface area and improved conductivity, the rGO-Cu(2)O mesocrystals achieved a higher sensitivity toward NO(2) at room temperature, surpassing the performance of standalone systems of Cu(2)O nanowires networks and rGO sheets.",21,2,manual_expert_ai_all409_source_context,
F190,improved conductivity of the cumgcs,article-analysis-domain-v1:feature:technical-feature-v1:aW1wcm92ZWQgY29uZHVjdGl2aXR5IG9mIHRoZSBjdW1nY3M,PROPERTY,MATERIAL,true,QUALIFIED_CONCEPT,false,false,false,1,D074,bfcae593-3cf3-42fd-971a-5521c706cabe,5aba1cb8-02e4-46b0-9a52-01ba91ed1d42,2846d4cc-85f4-474e-8a95-608c70dea941,The enhancement of the sensing response is mainly attributed to the improved conductivity of the CuMGCs.,35,5,manual_expert_ai_all409_source_context,
F191,increase in graphene resistance,article-analysis-domain-v1:feature:technical-feature-v1:aW5jcmVhc2UgaW4gZ3JhcGhlbmUgcmVzaXN0YW5jZQ,MECHANISM,,false,QUALIFIED_CONCEPT,false,true,false,1,D099,f7baaf79-a130-4329-9f84-6d80e77835a2,b183175f-de38-4c8a-baab-c833069af804,22321f2b-ea9c-48f3-a875-4b14e60b3086,significant increase in graphene resistance,31,4,manual_expert_ai_all409_source_context,
F192,increase the gas sensitivity,article-analysis-domain-v1:feature:technical-feature-v1:aW5jcmVhc2UgdGhlIGdhcyBzZW5zaXRpdml0eQ,PERFORMANCE,,false,PROPOSITION,false,false,false,1,D008,10c07eba-9d0f-42a9-aeb3-911ec8ccc747,7d10532f-379b-45dd-b791-4185c3690a88,3f2d39d3-d5c4-4089-92c3-86438ce93d35,This type of folding of the surface morphology can increase the gas sensitivity.,28,4,manual_expert_ai_all409_source_context,
F193,increases the intensity of the evanescent field,article-analysis-domain-v1:feature:technical-feature-v1:aW5jcmVhc2VzIHRoZSBpbnRlbnNpdHkgb2YgdGhlIGV2YW5lc2NlbnQgZmllbGQ,MECHANISM,,false,PROPOSITION,false,false,false,1,D027,3fb867af-6db1-45a4-8ff8-974292ac5ce1,795a23d1-d44c-455b-a725-af5a3fe9cb08,abe59afd-f7d5-4997-9631-bfa9b52dac99,"A monolayer of graphene is coated onto the Ag film surface of the LPFG SPR sensor, which increases the intensity of the evanescent field on the surface of the fiber and thereby enhances the interaction between the SPR wave and molecules.",47,7,manual_expert_ai_all409_source_context,
F194,inductive antenna,article-analysis-domain-v1:feature:technical-feature-v1:aW5kdWN0aXZlIGFudGVubmE,DEVICE,,false,ATOMIC_NARROW,false,false,false,1,D002,0552620e-65ac-43c4-93c4-09b464cf9ade,2b113378-38dd-4da7-a414-8fd9e08df516,fb382821-bd8e-402c-97fb-57311552a4c5,The integration of a Bluetooth system or an inductive antenna enables the wireless operation of the sensor.,17,2,manual_expert_ai_all409_source_context,
F195,insertion of metal/metal oxide nanosized domains,article-analysis-domain-v1:feature:technical-feature-v1:aW5zZXJ0aW9uIG9mIG1ldGFsL21ldGFsIG94aWRlIG5hbm9zaXplZCBkb21haW5z,PROCESS,,false,QUALIFIED_CONCEPT,false,false,false,1,D033,5d98bb43-ab4b-458a-86bc-0d4b88145cb7,b1e4075a-2f3d-4218-9bdb-7376e810d3a3,dbdaf239-fba9-4211-b227-4b8b4c6c783d,insertion of metal/metal oxide nanosized domains,48,6,manual_expert_ai_all409_source_context,
F196,internet of things,article-analysis-domain-v1:feature:technical-feature-v1:aW50ZXJuZXQgb2YgdGhpbmdz,TECHNOLOGY,,false,ATOMIC_NARROW,false,false,false,1,D002,0552620e-65ac-43c4-93c4-09b464cf9ade,1227ea95-00c7-45e3-8561-a498a01c1e86,fb382821-bd8e-402c-97fb-57311552a4c5,"In addition, the mechanical robustness of the materials allows the device to be transferred onto various nonplanar substrates, including a watch, a bicycle light, and the leaves of live plants, thereby achieving next-generation sensing electronics for the 'Internet of Things' area.",18,3,manual_expert_ai_all409_source_context,
F197,intrinsic high surface to volume ratio,article-analysis-domain-v1:feature:technical-feature-v1:aW50cmluc2ljIGhpZ2ggc3VyZmFjZSB0byB2b2x1bWUgcmF0aW8,PROPERTY,,false,QUALIFIED_CONCEPT,false,false,false,1,D039,6f1fea7f-0d19-4f8a-99cc-842e0fa30c78,a9bf9754-0604-48f4-9e8d-108d4bc3cc35,f69033d8-3861-45bc-a9a7-89d2b147c41c,"2D materials are characterized by an intrinsic high surface to volume ratio, due to their heights of few atoms",38,6,manual_expert_ai_all409_source_context,
F198,katharometer sensor,article-analysis-domain-v1:feature:technical-feature-v1:a2F0aGFyb21ldGVyIHNlbnNvcg,DEVICE,,false,ATOMIC_NARROW,false,false,false,1,D070,b652e00f-7ac8-4b37-b370-272e2482d67f,2929d807-ff08-4e34-8792-0486bed6727a,e5fe39a5-d194-4570-9f6b-a2ec9077c4b4,"This work presents a robust direct-write LIG-based gas sensor, which senses gases based on thermal conductivity, similar to a katharometer sensor.",19,2,manual_expert_ai_all409_source_context,
F199,knittability,article-analysis-domain-v1:feature:technical-feature-v1:a25pdHRhYmlsaXR5,PROPERTY,,false,ATOMIC_NARROW,false,false,false,1,D001,00f9cfc7-459f-4c4d-8131-b425d01527dc,f37c5266-6f21-4ee5-bdfa-3ae1b41e7a9e,6319af2d-0fe1-4daa-87c6-131c379a75c9,"Here, an easy-handing, low cost, and scalable fabricating strategy is reported to fabricate conductive, highly flexible, and mechanically stretchable/twisted fiber gas sensor with great wearability and knittability.",12,1,manual_expert_ai_all409_source_context,
F200,landau level at zero energy,article-analysis-domain-v1:feature:technical-feature-v1:bGFuZGF1IGxldmVsIGF0IHplcm8gZW5lcmd5,PROPERTY,,false,QUALIFIED_CONCEPT,false,false,false,1,D049,7f51377e-2cb1-46a3-9bff-19b03dd7f25b,1d3f51bf-d75b-4e04-b3dd-1f34291bf8f4,38580dd0-e9b2-49c4-8e6e-fb491a16cacf,"We discuss the physical properties of graphene in an external magnetic field, reflecting the chiral nature of the quasiparticles near the Dirac point with a Landau level at zero energy.",27,5,manual_expert_ai_all409_source_context,
F201,large (1-2 orders of magnitude) anisotropy along different (armchair or zigzag) directions,article-analysis-domain-v1:feature:technical-feature-v1:bGFyZ2UgKDEtMiBvcmRlcnMgb2YgbWFnbml0dWRlKSBhbmlzb3Ryb3B5IGFsb25nIGRpZmZlcmVudCAoYXJtY2hhaXIgb3IgemlnemFnKSBkaXJlY3Rpb25z,PROPERTY,,false,QUALIFIED_CONCEPT,true,false,false,1,D081,c99f8fc3-6f01-4bf4-bc00-933bbeda27f9,7228875b-4b22-4d65-847d-7423abb60b12,c76846f2-d192-4cf4-b004-fc84d6978626,"The transport features show large (1-2 orders of magnitude) anisotropy along different (armchair or zigzag) directions, which is consistent with the anisotropic electronic band structure of phosphorene.",90,12,manual_expert_ai_all409_source_context,
F202,large response of 4.18‰ ppm −1 to no and 6.66‰ ppm −1 to no 2,article-analysis-domain-v1:feature:technical-feature-v1:bGFyZ2UgcmVzcG9uc2Ugb2YgNC4xOOKAsCBwcG0g4oiSMSB0byBubyBhbmQgNi42NuKAsCBwcG0g4oiSMSB0byBubyAy,PERFORMANCE,,false,QUALIFIED_CONCEPT,true,false,false,1,D003,06066c66-1454-4813-b7b7-f366b9956035,ffbf52f6-21c9-470d-92bc-358e7133d59e,0ad16539-951a-4c6a-95df-0d92179b23eb,"The gas sensor, using a needlelike LIG prepared with optimal laser processing parameters, exhibits a large response of 4.18‰ ppm −1 to NO and 6.66‰ ppm −1 to NO 2 , an ultralow detection limit of 8.3 ppb to NO and 4.0 ppb to NO 2 , fast response/recovery, and excellent selectivity.",61,15,manual_expert_ai_all409_source_context,
F203,large specific surface areas,article-analysis-domain-v1:feature:technical-feature-v1:bGFyZ2Ugc3BlY2lmaWMgc3VyZmFjZSBhcmVhcw,PROPERTY,,false,QUALIFIED_CONCEPT,false,false,false,1,D017,2860ed7f-a2a8-4e76-9250-e3558d092f23,3233e092-0f25-4f08-bd70-d6235825ee94,52c7bac2-feff-4316-934f-2726c4842540,Graphene and related layered inorganic analogues have shown great potential for gas-sensing applications because of their large specific surface areas and strong surface activities.,28,4,manual_expert_ai_all409_source_context,
F204,large surface,article-analysis-domain-v1:feature:technical-feature-v1:bGFyZ2Ugc3VyZmFjZQ,PROPERTY,,false,QUALIFIED_CONCEPT,false,false,false,1,D029,4a17444d-09e0-4cad-becb-0ad9e9a95b73,2b97543a-199a-43bf-b63e-70e358f33a6c,28d1c15e-e2d5-41b9-96f3-dfb222eb27f1,"i.e., large surface, high mobility, and long-term stability.",13,2,manual_expert_ai_all409_source_context,
F205,large surface area,article-analysis-domain-v1:feature:technical-feature-v1:bGFyZ2Ugc3VyZmFjZSBhcmVh,PROPERTY,,false,QUALIFIED_CONCEPT,false,false,false,1,D038,6a675d0d-8256-4c8f-b2ae-7c95c1bcabf8,7f555ef0-3b2d-4ded-946a-d74de68e43e5,fb767df1-8f61-4334-89e7-29c1cdcf5364,large surface area,18,3,manual_expert_ai_all409_source_context,
F206,laser-induced graphene,article-analysis-domain-v1:feature:technical-feature-v1:bGFzZXItaW5kdWNlZCBncmFwaGVuZQ,MATERIAL,,false,ATOMIC_NARROW,false,false,false,1,D094,ee5ad392-f96f-4241-b1c9-844477b87925,944eb41f-9ec1-455f-aea6-2bf6539e457a,1ecb24ee-8566-413b-877c-3db364e8d60e,"In this study, we demonstrate the fabrication of low-cost flexible sensors using laser-induced graphene (LIG)",22,2,manual_expert_ai_all409_source_context,
F207,laser-induced graphene (lig),article-analysis-domain-v1:feature:technical-feature-v1:bGFzZXItaW5kdWNlZCBncmFwaGVuZSAobGlnKQ,MATERIAL,,false,ATOMIC_NARROW,false,false,false,1,D070,b652e00f-7ac8-4b37-b370-272e2482d67f,0c113c24-e099-4fd8-8612-45ecac3210b5,e5fe39a5-d194-4570-9f6b-a2ec9077c4b4,Laser-induced graphene (LIG) has received much attention since it enables simple and rapid synthesis of porous graphene.,28,3,manual_expert_ai_all409_source_context,
F208,leaves of live plants,article-analysis-domain-v1:feature:technical-feature-v1:bGVhdmVzIG9mIGxpdmUgcGxhbnRz,MATERIAL,,false,QUALIFIED_CONCEPT,false,true,false,1,D002,0552620e-65ac-43c4-93c4-09b464cf9ade,7c3d9c74-0c05-4f03-84f6-91b532607214,fb382821-bd8e-402c-97fb-57311552a4c5,"In addition, the mechanical robustness of the materials allows the device to be transferred onto various nonplanar substrates, including a watch, a bicycle light, and the leaves of live plants, thereby achieving next-generation sensing electronics for the 'Internet of Things' area.",21,4,manual_expert_ai_all409_source_context,Plant leaves as transfer substrates; not an analyte or sensor device.
F209,light weight,article-analysis-domain-v1:feature:technical-feature-v1:bGlnaHQgd2VpZ2h0,PROPERTY,,false,ATOMIC_NARROW,false,false,false,1,D001,00f9cfc7-459f-4c4d-8131-b425d01527dc,37e4f925-ba81-442d-976c-ea687f1e3153,6319af2d-0fe1-4daa-87c6-131c379a75c9,"E-textiles are gaining growing popularity recently due to low cost, light weight, and conformable compatibility with clothes in wearable and portable smart electronics.",12,2,manual_expert_ai_all409_source_context,
F210,lightweight,article-analysis-domain-v1:feature:technical-feature-v1:bGlnaHR3ZWlnaHQ,PROPERTY,,false,ATOMIC_NARROW,false,false,false,1,D058,95ad40b5-46f9-4654-bdd2-96e396478d6c,c1e3fe9e-af3b-4e82-ac45-d7d8270c7983,598def39-7f5a-450c-96d7-156cc33157e1,"nanomaterials possessing high carrier mobility, optical transparency, mechanical robustness and flexibility, lightweight, and environmental stability will be in immense demand.",11,1,manual_expert_ai_all409_source_context,
F211,long recovery time,article-analysis-domain-v1:feature:technical-feature-v1:bG9uZyByZWNvdmVyeSB0aW1l,PERFORMANCE,,false,QUALIFIED_CONCEPT,false,false,false,1,D046,7c4e84e8-09c5-4150-849e-7a21493a18db,86a5d10e-38d2-47e6-9bd7-90b41f46048e,59f81eda-d3da-4554-9204-192933b68c9f,the low sensitivity and long recovery time of the graphene-based sensors limit its further development,18,3,manual_expert_ai_all409_source_context,
F212,long-term stability,article-analysis-domain-v1:feature:technical-feature-v1:bG9uZy10ZXJtIHN0YWJpbGl0eQ,PROPERTY,,false,QUALIFIED_CONCEPT,false,false,false,1,D029,4a17444d-09e0-4cad-becb-0ad9e9a95b73,22ac1589-a726-4fda-a6e8-1831154efa5e,28d1c15e-e2d5-41b9-96f3-dfb222eb27f1,"i.e., large surface, high mobility, and long-term stability.",19,2,manual_expert_ai_all409_source_context,
F213,low cost,article-analysis-domain-v1:feature:technical-feature-v1:bG93IGNvc3Q,OTHER,,false,QUALIFIED_CONCEPT,false,false,false,1,D001,00f9cfc7-459f-4c4d-8131-b425d01527dc,02db9921-b67e-4cfa-92cc-5e6585a52038,6319af2d-0fe1-4daa-87c6-131c379a75c9,"E-textiles are gaining growing popularity recently due to low cost, light weight, and conformable compatibility with clothes in wearable and portable smart electronics.",8,2,manual_expert_ai_all409_source_context,
F214,low detection limit of 97 ppb,article-analysis-domain-v1:feature:technical-feature-v1:bG93IGRldGVjdGlvbiBsaW1pdCBvZiA5NyBwcGI,PERFORMANCE,,false,QUALIFIED_CONCEPT,false,false,false,1,D074,bfcae593-3cf3-42fd-971a-5521c706cabe,2270ae58-2ba7-4dc1-b7bf-9016cadccd66,b293d27a-c458-484b-8164-c053423ac65d,"In detail, the CuMGCs show a higher NOx gas sensing performance with low detection limit of 97 ppb, high gas response of 95.1% and short response time of 9.6 s to 97.0 ppm NOx at room temperature.",29,6,manual_expert_ai_all409_source_context,
F215,low limit of detection,article-analysis-domain-v1:feature:technical-feature-v1:bG93IGxpbWl0IG9mIGRldGVjdGlvbg,PERFORMANCE,,false,QUALIFIED_CONCEPT,false,false,false,1,D079,c5dfdef7-4f8f-455d-8ef1-e24b30dd136f,a773d14c-c042-4bf6-8fee-8c383949a5b6,2a444bc2-8cb5-4ba7-9ab7-86041490c792,"Moreover, we demonstrate that AgNPs/G is of low limit of detection, highly stable, selective, reversible, repeatable, and sensor-to-sensor reproducible, for methane sensing.",22,4,manual_expert_ai_all409_source_context,
F216,low limit of detection of 4.1 ppm,article-analysis-domain-v1:feature:technical-feature-v1:bG93IGxpbWl0IG9mIGRldGVjdGlvbiBvZiA0LjEgcHBt,PERFORMANCE,,false,QUALIFIED_CONCEPT,false,false,false,1,D010,136d5083-0254-4930-a35e-88441bb802a0,43b21ce2-5644-4d55-b6a7-81bcd268e049,761f757f-5005-4417-bf90-f2c5200f7600,"The optimal Ti 3 C 2 Tx MXene/GO/CuO/ZnO based gas sensor showed a high response of 96% at 200 ppm of NH 3, humidity independence in the range of 30–70%RH, good linear relationship ( R 2 = 0.998), low limit of detection of 4.1 ppm, and high selectivity to NH 3 over several gases/VOCs including formaldehyde, ethanol, methanol, isopropanol, toluene, and acetone.",33,7,manual_expert_ai_all409_source_context,
F217,low power consumption,article-analysis-domain-v1:feature:technical-feature-v1:bG93IHBvd2VyIGNvbnN1bXB0aW9u,PERFORMANCE,,false,QUALIFIED_CONCEPT,false,false,false,1,D054,8a635573-0311-4947-85e8-fc9dfee4ef43,eb64520d-f25d-43fa-9a09-d20250580070,b6867ce4-3364-45ad-b8f8-cd7fc616ad0c,"We demonstrate the first monolithically integrated CMOS-monolayer graphene gas sensor, with a minimal number of post-CMOS processing steps, to realize a gas sensor platform that combines the superior gas sensitivity of monolayer graphene with the low power consumption and cost advantages of a silicon CMOS platform.",21,3,manual_expert_ai_all409_source_context,
F218,low selectivity,article-analysis-domain-v1:feature:technical-feature-v1:bG93IHNlbGVjdGl2aXR5,PERFORMANCE,,false,QUALIFIED_CONCEPT,false,false,false,1,D083,d8fa4f24-71ee-4b88-967c-024021e0043b,da83b0f6-101b-43a0-91c3-dce134912188,e89caff2-4334-4314-9f46-26f53157d3b0,"Unfortunately, wide application of resistive-based gas sensors is limited by their low selectivity.",15,2,manual_expert_ai_all409_source_context,
F219,low sensitivity,article-analysis-domain-v1:feature:technical-feature-v1:bG93IHNlbnNpdGl2aXR5,PERFORMANCE,,false,QUALIFIED_CONCEPT,false,false,false,1,D046,7c4e84e8-09c5-4150-849e-7a21493a18db,9fecd457-e3fe-4dd6-bc64-264802457ada,59f81eda-d3da-4554-9204-192933b68c9f,the low sensitivity and long recovery time of the graphene-based sensors limit its further development,15,2,manual_expert_ai_all409_source_context,
F220,low theoretical detection limit (43.5 ppb no 2 ),article-analysis-domain-v1:feature:technical-feature-v1:bG93IHRoZW9yZXRpY2FsIGRldGVjdGlvbiBsaW1pdCAoNDMuNSBwcGIgbm8gMiAp,PERFORMANCE,,false,QUALIFIED_CONCEPT,false,false,false,1,D001,00f9cfc7-459f-4c4d-8131-b425d01527dc,7a00195f-44ff-44b4-8e34-0267bbab2c39,6319af2d-0fe1-4daa-87c6-131c379a75c9,"The as-prepared fiber demonstrates sensitive sensing response, excellent long-term stability (84 days), low theoretical detection limit (43.5 ppb NO 2 ), great mechanical deformation tolerance (3000 bending cycles, 1000 twisting cycles and 65% strain strength), and washing durability in room-temperature gas detection.",48,9,manual_expert_ai_all409_source_context,
F221,low-concentration no2 and nh3 gases diluted in air,article-analysis-domain-v1:feature:technical-feature-v1:bG93LWNvbmNlbnRyYXRpb24gbm8yIGFuZCBuaDMgZ2FzZXMgZGlsdXRlZCBpbiBhaXI,OPERATING_CONDITION,,false,QUALIFIED_CONCEPT,false,false,false,1,D053,895f3ff1-5a2d-4c4f-b146-bfa105dd2639,74e0b499-718b-4b9e-8fe0-81924d346e43,383eb34e-6a15-4a2a-87a7-85bcc214be4e,The thermally-reduced GO showed p-type semiconducting behavior in ambient conditions and was responsive to low-concentration NO2 and NH3 gases diluted in air at room temperature.,50,8,manual_expert_ai_all409_source_context,
F222,low-cost flexible sensors,article-analysis-domain-v1:feature:technical-feature-v1:bG93LWNvc3QgZmxleGlibGUgc2Vuc29ycw,DEVICE,,false,QUALIFIED_CONCEPT,false,false,false,1,D094,ee5ad392-f96f-4241-b1c9-844477b87925,1a2bd13b-c61d-4c4f-b0b1-f7d90ff4504f,1ecb24ee-8566-413b-877c-3db364e8d60e,"In this study, we demonstrate the fabrication of low-cost flexible sensors using laser-induced graphene (LIG)",25,3,manual_expert_ai_all409_source_context,
F223,low-temperature chemical reduction,article-analysis-domain-v1:feature:technical-feature-v1:bG93LXRlbXBlcmF0dXJlIGNoZW1pY2FsIHJlZHVjdGlvbg,PROCESS,,false,QUALIFIED_CONCEPT,false,false,false,1,D006,0cecfdbe-d7a2-44cc-9362-c5c413dcc46d,3a2b3751-06d0-4dc1-aec8-4dc1a99509e8,362460ac-f25d-4cfd-9621-e7a528b4aab7,"An ultra-sensitive gas sensor based on a reduced graphene oxide nanofiber mat was successfully fabricated using a combination of an electrospinning method and graphene oxide wrapping through an electrostatic self-assembly, followed by a low-temperature chemical reduction.",34,3,manual_expert_ai_all409_source_context,
F224,low-temperature oxidizing reaction process,article-analysis-domain-v1:feature:technical-feature-v1:bG93LXRlbXBlcmF0dXJlIG94aWRpemluZyByZWFjdGlvbiBwcm9jZXNz,PROCESS,,false,QUALIFIED_CONCEPT,false,false,false,1,D083,d8fa4f24-71ee-4b88-967c-024021e0043b,d1de7be8-f137-4d15-bb94-ac5fde72daa6,27f49429-5410-4af7-9073-6309b4509597,The ammonia-sensing mechanisms of the Sn–TiO2@rGO/CNT gas sensor were proposed based on the formation of p–n heterojunctions of p-type rGO/CNT and n-type Sn–TiO2 nanoparticles via a low-temperature oxidizing reaction process.,42,4,manual_expert_ai_all409_source_context,
F225,mature 0.18 μm cmos technology,article-analysis-domain-v1:feature:technical-feature-v1:bWF0dXJlIDAuMTggzrxtIGNtb3MgdGVjaG5vbG9neQ,TECHNOLOGY,,false,QUALIFIED_CONCEPT,false,false,false,1,D054,8a635573-0311-4947-85e8-fc9dfee4ef43,a13f183c-254d-4bee-a6e5-a800414def2e,b6867ce4-3364-45ad-b8f8-cd7fc616ad0c,Mature 0.18 µm CMOS technology provides the driving circuit for directly integrated graphene chemiresistive junctions in a radio frequency (RF) circuit platform.,30,5,manual_expert_ai_all409_source_context,
F226,mechanical robustness,article-analysis-domain-v1:feature:technical-feature-v1:bWVjaGFuaWNhbCByb2J1c3RuZXNz,PROPERTY,,false,ATOMIC_NARROW,false,false,false,2,D002;D058,0552620e-65ac-43c4-93c4-09b464cf9ade;95ad40b5-46f9-4654-bdd2-96e396478d6c,a66557e3-f07b-453a-a6b2-a5aa15620e4f;caa7e0f0-1038-4a8e-b4a0-c9758f334368,598def39-7f5a-450c-96d7-156cc33157e1,"nanomaterials possessing high carrier mobility, optical transparency, mechanical robustness and flexibility, lightweight, and environmental stability will be in immense demand.",21,2,manual_expert_ai_all409_source_context,
F227,mechanical stability,article-analysis-domain-v1:feature:technical-feature-v1:bWVjaGFuaWNhbCBzdGFiaWxpdHk,PROPERTY,,false,ATOMIC_NARROW,false,false,false,1,D047,7c663f65-65c2-4e27-8840-bf5bdb960cb0,9f9c88da-5fcb-49d3-b29b-6a283a3d9106,e1851a4b-19b5-4334-8a11-811bfe34cd94,"The e-textile gas sensor possesses chemical durability to several detergent washing treatments and mechanical stability under 1,000 bending tests at an extreme bending radius of 1 mm as well as a high response to NO2 gas at room temperature with selectivity to other gases such as acetone, ethanol, ethylene, and CO2.",20,2,manual_expert_ai_all409_source_context,
F228,mechanically stretchable/twisted,article-analysis-domain-v1:feature:technical-feature-v1:bWVjaGFuaWNhbGx5IHN0cmV0Y2hhYmxlL3R3aXN0ZWQ,PROPERTY,,false,QUALIFIED_CONCEPT,false,false,false,1,D001,00f9cfc7-459f-4c4d-8131-b425d01527dc,6ab6ac11-6d64-4cfe-9315-b33a20857349,6319af2d-0fe1-4daa-87c6-131c379a75c9,"Here, an easy-handing, low cost, and scalable fabricating strategy is reported to fabricate conductive, highly flexible, and mechanically stretchable/twisted fiber gas sensor with great wearability and knittability.",32,2,manual_expert_ai_all409_source_context,
F229,membrane separation,article-analysis-domain-v1:feature:technical-feature-v1:bWVtYnJhbmUgc2VwYXJhdGlvbg,TECHNOLOGY,,false,ATOMIC_NARROW,false,false,false,1,D021,2f7fb8d1-42b1-433b-9091-7d13fc6493b1,34a97397-5e17-4d08-874c-19f8c0447b7f,e378bcd8-f914-452b-9322-618de37cb28c,"Because of their simple top-down synthesis, graphene oxide (GO) and reduced graphene oxide (rGO) have opened new possibilities for gas barrier, membrane separation, and stimuli-response characteristics in nanocomposites.",19,2,manual_expert_ai_all409_source_context,
F230,metal organic frameworks,article-analysis-domain-v1:feature:technical-feature-v1:bWV0YWwgb3JnYW5pYyBmcmFtZXdvcmtz,MATERIAL,,false,ATOMIC_NARROW,false,false,false,1,D043,7ab3543e-3bdf-4320-880f-3590b26aa4b6,c27260df-7ef0-4286-98d3-7bce29fff8af,2061763d-b4f9-47e4-9560-4b654f81c4c8,"Graphene, transition metal chalcogenides, boron nitride, transition metal carbides/nitrides, metal organic frameworks, and metal oxide nanosheets as 2D materials represent gas-sensing materials of the future, especially in medical devices, such as breath sensing.",24,3,manual_expert_ai_all409_source_context,
F231,metal oxide nanosheets,article-analysis-domain-v1:feature:technical-feature-v1:bWV0YWwgb3hpZGUgbmFub3NoZWV0cw,MATERIAL,,false,QUALIFIED_CONCEPT,false,false,false,1,D043,7ab3543e-3bdf-4320-880f-3590b26aa4b6,2309a9f2-14b1-4c37-827d-baafcb4b7335,2061763d-b4f9-47e4-9560-4b654f81c4c8,"Graphene, transition metal chalcogenides, boron nitride, transition metal carbides/nitrides, metal organic frameworks, and metal oxide nanosheets as 2D materials represent gas-sensing materials of the future, especially in medical devices, such as breath sensing.",22,3,manual_expert_ai_all409_source_context,
F232,metal oxides,article-analysis-domain-v1:feature:technical-feature-v1:bWV0YWwgb3hpZGVz,MATERIAL,,false,ATOMIC_NARROW,false,false,false,1,D043,7ab3543e-3bdf-4320-880f-3590b26aa4b6,7f8e8a56-f96e-4954-9c6e-8c5a3e20a54f,2061763d-b4f9-47e4-9560-4b654f81c4c8,"Semiconductor materials include metal oxides, conducting polymers, carbon nanotubes, and 2D materials.",12,2,manual_expert_ai_all409_source_context,
F233,metal–insulator transition,article-analysis-domain-v1:feature:technical-feature-v1:bWV0YWzigJNpbnN1bGF0b3IgdHJhbnNpdGlvbg,PROPERTY,,false,ATOMIC_NARROW,false,false,false,1,D049,7f51377e-2cb1-46a3-9bff-19b03dd7f25b,796d7b98-9ae1-4ae9-a8fa-18d5347dc1a6,38580dd0-e9b2-49c4-8e6e-fb491a16cacf,Recent experminental observations of a metal–insulator transition in hydrogenated graphene is discussed in terms of a self-consistent theory and compared with related numerical simulations.,26,2,manual_expert_ai_all409_source_context,
F234,minimal number of post-cmos processing steps,article-analysis-domain-v1:feature:technical-feature-v1:bWluaW1hbCBudW1iZXIgb2YgcG9zdC1jbW9zIHByb2Nlc3Npbmcgc3RlcHM,PROCESS,,false,QUALIFIED_CONCEPT,false,true,false,1,D054,8a635573-0311-4947-85e8-fc9dfee4ef43,ba669e13-7d1c-4e68-ab90-18dcd8238e45,b6867ce4-3364-45ad-b8f8-cd7fc616ad0c,"We demonstrate the first monolithically integrated CMOS-monolayer graphene gas sensor, with a minimal number of post-CMOS processing steps, to realize a gas sensor platform that combines the superior gas sensitivity of monolayer graphene with the low power consumption and cost advantages of a silicon CMOS platform.",44,6,manual_expert_ai_all409_source_context,"Relative process-complexity claim, no number or baseline."
F235,modulation of complex p–n heterojunctions via the electron accumulation layer in the n-type of go/cuo/zno and the electron depletion layer in the p-type ti 3 c,article-analysis-domain-v1:feature:technical-feature-v1:bW9kdWxhdGlvbiBvZiBjb21wbGV4IHDigJNuIGhldGVyb2p1bmN0aW9ucyB2aWEgdGhlIGVsZWN0cm9uIGFjY3VtdWxhdGlvbiBsYXllciBpbiB0aGUgbi10eXBlIG9mIGdvL2N1by96bm8gYW5kIHRoZSBlbGVjdHJvbiBkZXBsZXRpb24gbGF5ZXIgaW4gdGhlIHAtdHlwZSB0aSAzIGM,MECHANISM,PROPERTY;MATERIAL,true,PROPOSITION,false,false,true,1,D010,136d5083-0254-4930-a35e-88441bb802a0,f32f2858-267e-4bab-8b16-11a308c7e816,761f757f-5005-4417-bf90-f2c5200f7600,The NH 3 -sensing mechanism was proposed based on the modulation of complex p–n heterojunctions via the electron accumulation layer in the n-type of GO/CuO/ZnO and the electron depletion layer in the p-type Ti 3 C 2 Tx Mxene.,159,26,manual_expert_ai_all409_source_context,Label cuts the chemical material name after Ti 3 C; source continues Ti 3 C 2 Tx Mxene.
F236,moisture-resistant property against a relative humidity of 90%,article-analysis-domain-v1:feature:technical-feature-v1:bW9pc3R1cmUtcmVzaXN0YW50IHByb3BlcnR5IGFnYWluc3QgYSByZWxhdGl2ZSBodW1pZGl0eSBvZiA5MCU,PROPERTY,,false,QUALIFIED_CONCEPT,false,false,false,1,D003,06066c66-1454-4813-b7b7-f366b9956035,61c50b2a-c2dd-42a0-999e-9dd6dbe0667b,45f36916-7688-4edb-8dd1-2ac50ea13339,"Combined with a moisture-resistant property against a relative humidity of 90%, the reported gas sensor has further been demonstrated to monitor the personal local environment during different times of the day and analyze human breath samples to classify patients with respiratory diseases from healthy volunteers.",62,8,manual_expert_ai_all409_source_context,
F237,moisture-resistant semipermeable encapsulant,article-analysis-domain-v1:feature:technical-feature-v1:bW9pc3R1cmUtcmVzaXN0YW50IHNlbWlwZXJtZWFibGUgZW5jYXBzdWxhbnQ,MATERIAL,PROPERTY,true,QUALIFIED_CONCEPT,false,false,false,1,D003,06066c66-1454-4813-b7b7-f366b9956035,52366747-1baa-4b46-b331-7ff68a5ed468,0ad16539-951a-4c6a-95df-0d92179b23eb,"Sandwiched between a soft elastomeric substrate and a moisture-resistant semipermeable encapsulant, the LIG sensing and electrode layer is first optimized by tuning laser processing parameters such as power, image density, and defocus distance.",44,3,manual_expert_ai_all409_source_context,
F238,monolayer of graphene is coated onto the ag film surface,article-analysis-domain-v1:feature:technical-feature-v1:bW9ub2xheWVyIG9mIGdyYXBoZW5lIGlzIGNvYXRlZCBvbnRvIHRoZSBhZyBmaWxtIHN1cmZhY2U,PROCESS,MATERIAL,true,PROPOSITION,false,false,false,1,D027,3fb867af-6db1-45a4-8ff8-974292ac5ce1,2426a1cb-fb15-4ae6-a31c-b8758eaf9dac,abe59afd-f7d5-4997-9631-bfa9b52dac99,"A monolayer of graphene is coated onto the Ag film surface of the LPFG SPR sensor, which increases the intensity of the evanescent field on the surface of the fiber and thereby enhances the interaction between the SPR wave and molecules.",56,10,manual_expert_ai_all409_source_context,
F239,"monolayer pg is most preferred for the no x ( x = 1, 2) molecules with suitable adsorption strength and apparent charge transfer",article-analysis-domain-v1:feature:technical-feature-v1:bW9ub2xheWVyIHBnIGlzIG1vc3QgcHJlZmVycmVkIGZvciB0aGUgbm8geCAoIHggPSAxLCAyKSBtb2xlY3VsZXMgd2l0aCBzdWl0YWJsZSBhZHNvcnB0aW9uIHN0cmVuZ3RoIGFuZCBhcHBhcmVudCBjaGFyZ2UgdHJhbnNmZXI,MECHANISM,PROPERTY;MATERIAL;ANALYTE,true,PROPOSITION,false,false,false,1,D031,50aabd72-3718-40d0-b0e9-b145f6ec6d6d,0f44d182-bf91-4d16-a597-70ee20f2b2c9,e36e6a8b-4a75-47fc-add7-274436189bc7,"It is demonstrated that monolayer PG is most preferred for the NO x ( x = 1, 2) molecules with suitable adsorption strength and apparent charge transfer.",128,23,manual_expert_ai_all409_source_context,
F240,monolithically integrated cmos-monolayer graphene gas sensor,article-analysis-domain-v1:feature:technical-feature-v1:bW9ub2xpdGhpY2FsbHkgaW50ZWdyYXRlZCBjbW9zLW1vbm9sYXllciBncmFwaGVuZSBnYXMgc2Vuc29y,DEVICE,,false,QUALIFIED_CONCEPT,false,false,false,1,D054,8a635573-0311-4947-85e8-fc9dfee4ef43,4147c750-f36e-4792-a732-3a71aac1fda2,b6867ce4-3364-45ad-b8f8-cd7fc616ad0c,"We demonstrate the first monolithically integrated CMOS-monolayer graphene gas sensor, with a minimal number of post-CMOS processing steps, to realize a gas sensor platform that combines the superior gas sensitivity of monolayer graphene with the low power consumption and cost advantages of a silicon CMOS platform.",60,6,manual_expert_ai_all409_source_context,
F241,much higher donor densities than cuxo,article-analysis-domain-v1:feature:technical-feature-v1:bXVjaCBoaWdoZXIgZG9ub3IgZGVuc2l0aWVzIHRoYW4gY3V4bw,PROPERTY,,false,QUALIFIED_CONCEPT,false,true,false,1,D074,bfcae593-3cf3-42fd-971a-5521c706cabe,a1677c9c-6e49-40a6-8136-a227c7444322,2846d4cc-85f4-474e-8a95-608c70dea941,"A series of Mott-Schottky and EIS measurements demonstrated that the CuMGCs have much higher donor densities than CuxO and can easily capture and migrate electrons from the conduction band, resulting in the enhancement of electrical conductivity.",37,6,manual_expert_ai_all409_source_context,
F242,mutliwalled carbon nanotubes,article-analysis-domain-v1:feature:technical-feature-v1:bXV0bGl3YWxsZWQgY2FyYm9uIG5hbm90dWJlcw,MATERIAL,,false,ATOMIC_NARROW,false,false,false,1,D036,60564d96-782a-4b13-a6ba-e3cd057dbdba,e05c53c3-564c-4a60-af02-36aa389f6e1d,77eef711-98b5-4741-a66c-98503fbbd396,"Graphene is the fundamental building block of all sp(2) carbon materials including single-walled carbon nanotubes, mutliwalled carbon nanotubes, and graphite and is therefore interesting from the fundamental standpoint as well as for practical applications.",28,3,manual_expert_ai_all409_source_context,
F243,n 2 and co 2,article-analysis-domain-v1:feature:technical-feature-v1:biAyIGFuZCBjbyAy,ANALYTE,,false,QUALIFIED_CONCEPT,false,false,false,1,D070,b652e00f-7ac8-4b37-b370-272e2482d67f,ce774a28-9c26-428e-a968-d23675257da1,e5fe39a5-d194-4570-9f6b-a2ec9077c4b4,"These sensors are used to determine composition of various gas mixtures, such as N 2 and CO 2, which are the most abundant gaseous species in flue gas.",12,5,manual_expert_ai_all409_source_context,
F244,n-type semiconducting behavior,article-analysis-domain-v1:feature:technical-feature-v1:bi10eXBlIHNlbWljb25kdWN0aW5nIGJlaGF2aW9y,PROPERTY,,false,QUALIFIED_CONCEPT,false,false,false,1,D022,2fffa4e2-bc98-4639-a657-e9071f8d65f8,9bfebf4b-4694-4987-a03d-9f56eaf45287,f9160e9b-449d-4e44-a678-07fc9517d6bf,the system exhibits n-type semiconducting behavior after NH 3 adsorption,30,3,manual_expert_ai_all409_source_context,
F245,nanomesh,article-analysis-domain-v1:feature:technical-feature-v1:bmFub21lc2g,MORPHOLOGY,,false,ATOMIC_NARROW,false,false,false,1,D088,e4a11c17-4a02-4845-9887-a6d113174d38,20b8366a-b27d-4482-b48c-2bdcdec6e276,2de48374-7eff-4eaa-b28b-045e1eacca8a,"In this work, ethanol-chemical vapor deposition (CVD) of a grown p-type semiconducting large-area monolayer graphene film was patterned into a nanomesh by the combination of nanosphere lithography and reactive ion etching and evaluated as a field-effect transistor and chemiresistor gas sensors.",8,1,manual_expert_ai_all409_source_context,
F246,nanosphere lithography,article-analysis-domain-v1:feature:technical-feature-v1:bmFub3NwaGVyZSBsaXRob2dyYXBoeQ,PROCESS,,false,ATOMIC_NARROW,false,false,false,1,D088,e4a11c17-4a02-4845-9887-a6d113174d38,884dd707-0681-4a05-bb36-860b073231e6,2de48374-7eff-4eaa-b28b-045e1eacca8a,"In this work, ethanol-chemical vapor deposition (CVD) of a grown p-type semiconducting large-area monolayer graphene film was patterned into a nanomesh by the combination of nanosphere lithography and reactive ion etching and evaluated as a field-effect transistor and chemiresistor gas sensors.",22,2,manual_expert_ai_all409_source_context,
F247,neck-width,article-analysis-domain-v1:feature:technical-feature-v1:bmVjay13aWR0aA,MORPHOLOGY,,false,ATOMIC_NARROW,false,false,false,1,D088,e4a11c17-4a02-4845-9887-a6d113174d38,d9af6735-aea0-4550-97ca-f6fdf9dd149a,2de48374-7eff-4eaa-b28b-045e1eacca8a,The resulting neck-width of the synthesized nanomesh was about ∼20 nm and was comprised of the gap between polystyrene (PS) spheres that was formed during the reactive ion etching (RIE) process.,10,1,manual_expert_ai_all409_source_context,
F248,needlelike lig,article-analysis-domain-v1:feature:technical-feature-v1:bmVlZGxlbGlrZSBsaWc,MORPHOLOGY,,false,QUALIFIED_CONCEPT,false,false,false,1,D003,06066c66-1454-4813-b7b7-f366b9956035,dc789fba-0b96-4cee-a200-a64ccc99e291,0ad16539-951a-4c6a-95df-0d92179b23eb,"The gas sensor, using a needlelike LIG prepared with optimal laser processing parameters, exhibits a large response of 4.18‰ ppm −1 to NO and 6.66‰ ppm −1 to NO 2 , an ultralow detection limit of 8.3 ppb to NO and 4.0 ppb to NO 2 , fast response/recovery, and excellent selectivity.",14,2,manual_expert_ai_all409_source_context,
F249,next-generation sensing electronics,article-analysis-domain-v1:feature:technical-feature-v1:bmV4dC1nZW5lcmF0aW9uIHNlbnNpbmcgZWxlY3Ryb25pY3M,DEVICE,,false,QUALIFIED_CONCEPT,false,false,false,1,D002,0552620e-65ac-43c4-93c4-09b464cf9ade,a285ef5d-d387-4a4d-af1b-cfa19d668546,fb382821-bd8e-402c-97fb-57311552a4c5,"In addition, the mechanical robustness of the materials allows the device to be transferred onto various nonplanar substrates, including a watch, a bicycle light, and the leaves of live plants, thereby achieving next-generation sensing electronics for the 'Internet of Things' area.",35,3,manual_expert_ai_all409_source_context,
F250,nh(3),article-analysis-domain-v1:feature:technical-feature-v1:bmgoMyk,ANALYTE,,false,ATOMIC_NARROW,false,false,false,1,D088,e4a11c17-4a02-4845-9887-a6d113174d38,1de3ce51-01e4-4098-9b71-9995b7b27617,8cd9a1d3-bdd3-46ec-9e1a-872ab12c3273,"Similarly, when applied as a chemiresistor gas sensor at room temperature, the graphene nanomesh sensor showed excellent sensitivity toward NO(2) and NH(3), significantly higher than their film counterparts.",5,1,manual_expert_ai_all409_source_context,
F251,nh3,article-analysis-domain-v1:feature:technical-feature-v1:bmgz,ANALYTE,,false,ATOMIC_NARROW,false,false,false,1,D063,9e83b80f-5ab2-411c-b800-3f6eac578f51,f953ad0a-de1f-456b-9702-1eaa743be4f9,b0355aae-2c8e-484c-a7c0-03c3a81d4aea,NH3,3,1,manual_expert_ai_all409_source_context,
F252,nitrogen-doped to improving the gas-sensing properties of reduced graphene oxide,article-analysis-domain-v1:feature:technical-feature-v1:bml0cm9nZW4tZG9wZWQgdG8gaW1wcm92aW5nIHRoZSBnYXMtc2Vuc2luZyBwcm9wZXJ0aWVzIG9mIHJlZHVjZWQgZ3JhcGhlbmUgb3hpZGU,PROCESS,,false,PROPOSITION,false,false,false,1,D008,10c07eba-9d0f-42a9-aeb3-911ec8ccc747,46461f95-a02a-4a6d-b2a0-5443cc08645d,3f2d39d3-d5c4-4089-92c3-86438ce93d35,"In this study, we use nitrogen-doped to improving the gas-sensing properties of reduced graphene oxide.",80,10,manual_expert_ai_all409_source_context,
F253,no(2),article-analysis-domain-v1:feature:technical-feature-v1:bm8oMik,ANALYTE,,false,ATOMIC_NARROW,false,false,false,1,D088,e4a11c17-4a02-4845-9887-a6d113174d38,a657c7db-4a08-40ce-b67c-cc959156984c,8cd9a1d3-bdd3-46ec-9e1a-872ab12c3273,"Similarly, when applied as a chemiresistor gas sensor at room temperature, the graphene nanomesh sensor showed excellent sensitivity toward NO(2) and NH(3), significantly higher than their film counterparts.",5,1,manual_expert_ai_all409_source_context,
F254,no2,article-analysis-domain-v1:feature:technical-feature-v1:bm8y,ANALYTE,,false,ATOMIC_NARROW,false,false,false,1,D063,9e83b80f-5ab2-411c-b800-3f6eac578f51,b1d466d6-2667-4f15-a05e-719f38bc84cc,b0355aae-2c8e-484c-a7c0-03c3a81d4aea,NO2,3,1,manual_expert_ai_all409_source_context,
F255,no2 single molecule detection,article-analysis-domain-v1:feature:technical-feature-v1:bm8yIHNpbmdsZSBtb2xlY3VsZSBkZXRlY3Rpb24,PERFORMANCE,,false,QUALIFIED_CONCEPT,false,true,false,1,D075,c04f97a5-b941-4257-b74f-721faa94e982,ca51b414-5a8c-438c-b897-d8c05ebf798a,2be60ba2-720c-4b96-adf9-eee4b4ac6e51,"We show that this DOS is ideal for ""chemical sensor"" applications and explain the recently observed [Schedin et al. Nat. Mater. 2007, 6, 652-655] NO2 single molecule detection.",29,4,manual_expert_ai_all409_source_context,
F256,non-covalent binding modification,article-analysis-domain-v1:feature:technical-feature-v1:bm9uLWNvdmFsZW50IGJpbmRpbmcgbW9kaWZpY2F0aW9u,PROCESS,,false,ATOMIC_NARROW,false,false,false,1,D096,f13d2b75-dc3f-474d-975b-894e77fc79d4,25ce61be-ec83-4906-87f9-37b3a0841f38,363f8e46-01bb-4b24-98d0-0de4cd51d023,"Next, the functionalization of graphene and graphene oxide is mainly divided into covalent binding modification, non-covalent binding modification and elemental doping.",33,3,manual_expert_ai_all409_source_context,
F257,nonplanar substrates,article-analysis-domain-v1:feature:technical-feature-v1:bm9ucGxhbmFyIHN1YnN0cmF0ZXM,MATERIAL,,false,QUALIFIED_CONCEPT,false,false,false,1,D002,0552620e-65ac-43c4-93c4-09b464cf9ade,f9a4d968-ea3f-42be-87ca-024c467333bd,fb382821-bd8e-402c-97fb-57311552a4c5,"In addition, the mechanical robustness of the materials allows the device to be transferred onto various nonplanar substrates, including a watch, a bicycle light, and the leaves of live plants, thereby achieving next-generation sensing electronics for the 'Internet of Things' area.",20,2,manual_expert_ai_all409_source_context,
F258,one atom thick carbon allotrope,article-analysis-domain-v1:feature:technical-feature-v1:b25lIGF0b20gdGhpY2sgY2FyYm9uIGFsbG90cm9wZQ,MATERIAL,,false,QUALIFIED_CONCEPT,false,false,false,1,D088,e4a11c17-4a02-4845-9887-a6d113174d38,b081d398-3897-4cdb-92fa-16fbdfc8fe32,2de48374-7eff-4eaa-b28b-045e1eacca8a,Graphene is a one atom thick carbon allotrope with all surface atoms that has attracted significant attention as a promising material as the conduction channel of a field-effect transistor and chemical field-effect transistor sensors.,31,5,manual_expert_ai_all409_source_context,
F259,one-atom-thin,article-analysis-domain-v1:feature:technical-feature-v1:b25lLWF0b20tdGhpbg,MORPHOLOGY,,false,QUALIFIED_CONCEPT,false,false,false,1,D024,3a5a587d-5ddf-49b9-aa34-bd081fb0d04b,f171513b-5de4-467e-89c1-6cd76884e8cc,8c66a2f4-bc1a-4135-b4ed-059f62c24390,"Hence, we propose using porous graphene sheets as one-atom-thin, highly efficient, and highly selective membranes for gas separation.",13,1,manual_expert_ai_all409_source_context,
F260,one-step colloidal synthesis strategy,article-analysis-domain-v1:feature:technical-feature-v1:b25lLXN0ZXAgY29sbG9pZGFsIHN5bnRoZXNpcyBzdHJhdGVneQ,PROCESS,,false,QUALIFIED_CONCEPT,false,false,false,1,D052,88e8a18b-f7b8-4366-9ffc-ffbc1655b882,1437c8af-30e8-4cb8-ae65-d70ba3c336e6,9a01008b-ea30-49d1-960e-dc32d3dc2ff6,"Using a one-step colloidal synthesis strategy, the morphology-related quantum confinement of SnO 2 can be well-controlled by tuning the reaction time, because of the steric hindrance effect of rGO.",37,4,manual_expert_ai_all409_source_context,
F261,only no and no2 bind to b-doped graphene,article-analysis-domain-v1:feature:technical-feature-v1:b25seSBubyBhbmQgbm8yIGJpbmQgdG8gYi1kb3BlZCBncmFwaGVuZQ,PROPERTY,,false,PROPOSITION,false,false,false,1,D045,7b462286-ce94-41ea-b031-543d6aaef0f2,b91bccf8-d273-407d-b9a5-5a76c5fdd37f,ddf32319-6303-4e68-94ac-f38e91d629c9,only NO and NO2 bind to B-doped graphene,40,8,manual_expert_ai_all409_source_context,
F262,only no2 binds to s-doped graphene,article-analysis-domain-v1:feature:technical-feature-v1:b25seSBubzIgYmluZHMgdG8gcy1kb3BlZCBncmFwaGVuZQ,PROPERTY,,false,PROPOSITION,false,false,false,1,D045,7b462286-ce94-41ea-b031-543d6aaef0f2,a728ed05-fbdb-4d63-8417-89f6acc9160a,ddf32319-6303-4e68-94ac-f38e91d629c9,only NO2 binds to S-doped graphene,34,6,manual_expert_ai_all409_source_context,
F263,operated at room temperature,article-analysis-domain-v1:feature:technical-feature-v1:b3BlcmF0ZWQgYXQgcm9vbSB0ZW1wZXJhdHVyZQ,OPERATING_CONDITION,,false,QUALIFIED_CONCEPT,false,false,false,1,D062,9d8f4109-bb2e-42ab-8894-2304187b181b,f5e57572-35ab-47f0-8c7f-aec2867066d5,dce72dfa-68e3-4347-aa74-43c194bd0fc9,"Graphene has been shown to be a promising candidate, as it allows gas sensors to be operated at room temperature, possibly saving large amounts of energy.",28,4,manual_expert_ai_all409_source_context,
F264,optical transparency,article-analysis-domain-v1:feature:technical-feature-v1:b3B0aWNhbCB0cmFuc3BhcmVuY3k,PROPERTY,,false,ATOMIC_NARROW,false,false,false,1,D058,95ad40b5-46f9-4654-bdd2-96e396478d6c,3c997c71-d1d5-432e-ada1-809c75546e2b,598def39-7f5a-450c-96d7-156cc33157e1,"nanomaterials possessing high carrier mobility, optical transparency, mechanical robustness and flexibility, lightweight, and environmental stability will be in immense demand.",20,2,manual_expert_ai_all409_source_context,
F265,optimal sensor response of the wo 3 /s-rgo sensor toward 20 ppm no 2 is 149% in 6 s,article-analysis-domain-v1:feature:technical-feature-v1:b3B0aW1hbCBzZW5zb3IgcmVzcG9uc2Ugb2YgdGhlIHdvIDMgL3MtcmdvIHNlbnNvciB0b3dhcmQgMjAgcHBtIG5vIDIgaXMgMTQ5JSBpbiA2IHM,PERFORMANCE,,false,PROPOSITION,false,false,false,1,D068,b102c67e-e167-49c6-a3cf-5c14d31d8fc1,bdf4ccb3-79af-45fa-97fb-6a7fded13ee3,0ec317d5-3c20-41e0-9f78-67fec485b6cc,"The optimal sensor response of the WO 3 /S-rGO sensor toward 20 ppm NO 2 is 149% in 6 s, which is 4.7 times higher and 100 times faster than that of the corresponding WO 3 /rGO sensors.",83,19,manual_expert_ai_all409_source_context,
F266,optimal ti 3 c 2 tx mxene/go/cuo/zno weight ratio was determined to be 9:1:5:5,article-analysis-domain-v1:feature:technical-feature-v1:b3B0aW1hbCB0aSAzIGMgMiB0eCBteGVuZS9nby9jdW8vem5vIHdlaWdodCByYXRpbyB3YXMgZGV0ZXJtaW5lZCB0byBiZSA5OjE6NTo1,MATERIAL,PROCESS,true,PROPOSITION,false,true,false,1,D010,136d5083-0254-4930-a35e-88441bb802a0,dbef20f8-d4c8-4ac5-9de5-42b378a23c7d,510e3540-e579-4536-a4ea-dae9b47eb024,"The effects on the weight ratios of Ti 3 C 2 Tx MXene/GO/CuO/ZnO were also investigated, and the optimal Ti 3 C 2 Tx MXene/GO/CuO/ZnO weight ratio was determined to be 9:1:5:5.",78,14,manual_expert_ai_all409_source_context,Composition ratio is a material formulation; process/synthesis condition is a plausible alternative type.
F267,optimized temperature of 150 °c,article-analysis-domain-v1:feature:technical-feature-v1:b3B0aW1pemVkIHRlbXBlcmF0dXJlIG9mIDE1MCDCsGM,OPERATING_CONDITION,,false,QUALIFIED_CONCEPT,false,false,false,1,D004,08d58bd1-a89e-4b70-b817-821df8428bc7,a24719cc-757b-4949-a5dc-7f31609ef219,1314b88d-a703-48b5-bb03-e426d5474034,"The graphene–SnO 2 nanocomposites exhibited a high sensor response of 24.7 for 1 ppm of NO 2 gas, at an optimized temperature of 150 °C.",31,5,manual_expert_ai_all409_source_context,
F268,organic vapors,article-analysis-domain-v1:feature:technical-feature-v1:b3JnYW5pYyB2YXBvcnM,ANALYTE,,false,QUALIFIED_CONCEPT,false,false,false,1,D063,9e83b80f-5ab2-411c-b800-3f6eac578f51,fad16d4e-527f-48f1-b8b8-ed6dcfb49d42,b0355aae-2c8e-484c-a7c0-03c3a81d4aea,organic vapors,14,2,manual_expert_ai_all409_source_context,
F269,outstanding flexibility,article-analysis-domain-v1:feature:technical-feature-v1:b3V0c3RhbmRpbmcgZmxleGliaWxpdHk,PROPERTY,,false,QUALIFIED_CONCEPT,false,false,false,1,D050,87775318-a9f1-457c-891c-6d910ac56175,2242f33b-e90a-4306-a5d0-fe416e19aa24,468da37d-6e9a-4912-a13a-b5a50250ead3,The outstanding flexibility of the reduced graphene films ensured stable sensing performances in devices submitted to extreme bending stress.,23,2,manual_expert_ai_all409_source_context,
F270,overall device optical transmittance that exceeds 90%,article-analysis-domain-v1:feature:technical-feature-v1:b3ZlcmFsbCBkZXZpY2Ugb3B0aWNhbCB0cmFuc21pdHRhbmNlIHRoYXQgZXhjZWVkcyA5MCU,PROPERTY,DEVICE,true,QUALIFIED_CONCEPT,false,false,false,1,D100,fd94b094-5144-4e96-acd5-de555c2bb84a,95f79d14-8ce5-4f9b-87b8-693eb8855aee,3a6f2f22-3142-4711-9a49-91c8067ddead,This combined all-graphene device structure enables an overall device optical transmittance that exceeds 90% and reliable sensing performance with a bending strain of less than 1.4%.,53,7,manual_expert_ai_all409_source_context,
F271,p-doping,article-analysis-domain-v1:feature:technical-feature-v1:cC1kb3Bpbmc,PROCESS,,false,ATOMIC_NARROW,false,false,false,1,D099,f7baaf79-a130-4329-9f84-6d80e77835a2,b32caf4e-1307-4ad9-b0df-c71646261437,22321f2b-ea9c-48f3-a875-4b14e60b3086,more p-doping,8,1,manual_expert_ai_all409_source_context,
F272,p-type semiconducting behavior,article-analysis-domain-v1:feature:technical-feature-v1:cC10eXBlIHNlbWljb25kdWN0aW5nIGJlaGF2aW9y,PROPERTY,,false,QUALIFIED_CONCEPT,false,false,false,1,D053,895f3ff1-5a2d-4c4f-b146-bfa105dd2639,f1c091fc-5243-434e-b166-75a40639f2e2,383eb34e-6a15-4a2a-87a7-85bcc214be4e,The thermally-reduced GO showed p-type semiconducting behavior in ambient conditions and was responsive to low-concentration NO2 and NH3 gases diluted in air at room temperature.,30,3,manual_expert_ai_all409_source_context,
F273,p-type semiconducting large-area monolayer graphene film,article-analysis-domain-v1:feature:technical-feature-v1:cC10eXBlIHNlbWljb25kdWN0aW5nIGxhcmdlLWFyZWEgbW9ub2xheWVyIGdyYXBoZW5lIGZpbG0,MATERIAL,PROPERTY;MORPHOLOGY,true,QUALIFIED_CONCEPT,false,false,false,1,D088,e4a11c17-4a02-4845-9887-a6d113174d38,950ed35b-8659-4e70-a928-39948dcb8456,2de48374-7eff-4eaa-b28b-045e1eacca8a,"In this work, ethanol-chemical vapor deposition (CVD) of a grown p-type semiconducting large-area monolayer graphene film was patterned into a nanomesh by the combination of nanosphere lithography and reactive ion etching and evaluated as a field-effect transistor and chemiresistor gas sensors.",56,6,manual_expert_ai_all409_source_context,
F274,palladium nanoparticles were then deposited on the gnrs as catalysts for sensing hydrogen gases,article-analysis-domain-v1:feature:technical-feature-v1:cGFsbGFkaXVtIG5hbm9wYXJ0aWNsZXMgd2VyZSB0aGVuIGRlcG9zaXRlZCBvbiB0aGUgZ25ycyBhcyBjYXRhbHlzdHMgZm9yIHNlbnNpbmcgaHlkcm9nZW4gZ2FzZXM,PROCESS,MATERIAL;MECHANISM,true,PROPOSITION,false,false,false,1,D069,b5e40c7d-735b-411c-b69b-1cb38751ddb4,0d6028a3-5ba9-4790-9ada-dd8b9b4f7970,f25cd74a-8387-4ccc-8ad2-bba363cb455e,"Palladium nanoparticles were then deposited on the GNRs as catalysts for sensing hydrogen gases, and the GNR array was utilized as an electrically conductive path with less electrical noise.",95,14,manual_expert_ai_all409_source_context,
F275,parts-per-million level detection of nh(3) and no(2) in air at room-temperature,article-analysis-domain-v1:feature:technical-feature-v1:cGFydHMtcGVyLW1pbGxpb24gbGV2ZWwgZGV0ZWN0aW9uIG9mIG5oKDMpIGFuZCBubygyKSBpbiBhaXIgYXQgcm9vbS10ZW1wZXJhdHVyZQ,PERFORMANCE,OPERATING_CONDITION;ANALYTE,true,QUALIFIED_CONCEPT,true,false,false,1,D095,ef6d522b-b248-4438-abae-289b176b9968,4c70a8bf-59e0-4528-b533-dfc8106d3a23,bff04a18-aea0-4126-80e7-44a67aa07d5b,we demonstrate parts-per-million level detection of NH(3) and NO(2) in air at room-temperature,79,11,manual_expert_ai_all409_source_context,
F276,pd nps were deposited on slg via the galvanic displacement reaction between graphene-buffered copper (cu) and pd ion,article-analysis-domain-v1:feature:technical-feature-v1:cGQgbnBzIHdlcmUgZGVwb3NpdGVkIG9uIHNsZyB2aWEgdGhlIGdhbHZhbmljIGRpc3BsYWNlbWVudCByZWFjdGlvbiBiZXR3ZWVuIGdyYXBoZW5lLWJ1ZmZlcmVkIGNvcHBlciAoY3UpIGFuZCBwZCBpb24,PROCESS,MATERIAL;MECHANISM,true,PROPOSITION,false,false,false,1,D061,99232d89-6fe1-4045-b661-0e1203a448d8,94dfb93e-ffaf-4795-bdc3-165a7220db04,dd53930f-efae-4f64-b3f4-c4be12048b60,Pd NPs were deposited on SLG via the galvanic displacement reaction between graphene-buffered copper (Cu) and Pd ion.,116,18,manual_expert_ai_all409_source_context,
F277,polyimide substrate,article-analysis-domain-v1:feature:technical-feature-v1:cG9seWltaWRlIHN1YnN0cmF0ZQ,MATERIAL,,false,QUALIFIED_CONCEPT,false,false,false,1,D050,87775318-a9f1-457c-891c-6d910ac56175,ab9cf7e5-2cf0-45bb-92e0-cae7c1fc8e5b,468da37d-6e9a-4912-a13a-b5a50250ead3,We present a flexible room temperature NO2 gas sensor consisting of vertical carbon nanotubes (CNTs)/reduced graphene hybrid film supported by a polyimide substrate.,19,2,manual_expert_ai_all409_source_context,
F278,polyimide substrates,article-analysis-domain-v1:feature:technical-feature-v1:cG9seWltaWRlIHN1YnN0cmF0ZXM,MATERIAL,,false,QUALIFIED_CONCEPT,false,false,false,2,D070;D094,b652e00f-7ac8-4b37-b370-272e2482d67f;ee5ad392-f96f-4241-b1c9-844477b87925,10eba065-d640-463f-b8f0-81bac5e3824f;e1518211-0887-4c65-bb82-651ecbe895f3,e5fe39a5-d194-4570-9f6b-a2ec9077c4b4,The gas sensors are fabricated by lasing polyimide substrates with a 10.6 μm CO 2 laser to synthesize LIG.,20,2,manual_expert_ai_all409_source_context,
F279,polystyrene (ps) spheres,article-analysis-domain-v1:feature:technical-feature-v1:cG9seXN0eXJlbmUgKHBzKSBzcGhlcmVz,MATERIAL,,false,QUALIFIED_CONCEPT,false,false,false,1,D088,e4a11c17-4a02-4845-9887-a6d113174d38,4d4a0120-8959-46d4-abf2-eabecceb5182,2de48374-7eff-4eaa-b28b-045e1eacca8a,The resulting neck-width of the synthesized nanomesh was about ∼20 nm and was comprised of the gap between polystyrene (PS) spheres that was formed during the reactive ion etching (RIE) process.,24,3,manual_expert_ai_all409_source_context,
F280,poor selectivity,article-analysis-domain-v1:feature:technical-feature-v1:cG9vciBzZWxlY3Rpdml0eQ,PERFORMANCE,,false,QUALIFIED_CONCEPT,false,false,false,1,D012,20376efd-3954-4627-a0f9-768d09825046,0af63ed0-8ec4-4a55-80b6-bf3644f716e6,b3a3302f-238c-403f-ba93-37727ed82718,"However, poor selectivity of rGO-based gas sensors remains a major problem for their practical use.",16,2,manual_expert_ai_all409_source_context,
F281,porous graphene,article-analysis-domain-v1:feature:technical-feature-v1:cG9yb3VzIGdyYXBoZW5l,MATERIAL,,false,QUALIFIED_CONCEPT,false,false,false,1,D070,b652e00f-7ac8-4b37-b370-272e2482d67f,314a1b77-d46a-4cc4-be6f-5264512624a6,e5fe39a5-d194-4570-9f6b-a2ec9077c4b4,Laser-induced graphene (LIG) has received much attention since it enables simple and rapid synthesis of porous graphene.,15,2,manual_expert_ai_all409_source_context,
F282,porous three-dimensional (3d) framework structures interspersed among two-dimensional (2d) rgo sheets,article-analysis-domain-v1:feature:technical-feature-v1:cG9yb3VzIHRocmVlLWRpbWVuc2lvbmFsICgzZCkgZnJhbWV3b3JrIHN0cnVjdHVyZXMgaW50ZXJzcGVyc2VkIGFtb25nIHR3by1kaW1lbnNpb25hbCAoMmQpIHJnbyBzaGVldHM,MORPHOLOGY,MATERIAL,true,QUALIFIED_CONCEPT,true,false,false,1,D018,298b9ec6-547c-4544-ad9b-1d7796ef32c1,eb7d311c-b77b-475f-9348-b8b7d798d724,6b6b66f9-d41f-4669-95f2-f8ed58d4693b,resulting in an integrated hybrid architecture where porous three-dimensional (3D) framework structures interspersed among two-dimensional (2D) rGO sheets.,101,11,manual_expert_ai_all409_source_context,
F283,practicability,article-analysis-domain-v1:feature:technical-feature-v1:cHJhY3RpY2FiaWxpdHk,OTHER,,false,QUALIFIED_CONCEPT,false,true,false,1,D001,00f9cfc7-459f-4c4d-8131-b425d01527dc,85226332-726e-48bc-b8ba-a0b1f387e405,e9796bf6-68c8-440f-a814-ca185157cce3,"More significantly, scalable wearable characteristics including repairability, reliability, stability, and practicability have been efficiently improved, which are achieved by knotting the fractured fibers, incorporating multiple sensors in series/parallel and weaving multisensor array networks integrated into clothes.",14,1,manual_expert_ai_all409_source_context,Vague practicability claim.
F284,preferential adsorption of no 2 on n-doped graphene,article-analysis-domain-v1:feature:technical-feature-v1:cHJlZmVyZW50aWFsIGFkc29ycHRpb24gb2Ygbm8gMiBvbiBuLWRvcGVkIGdyYXBoZW5l,MECHANISM,ANALYTE;MATERIAL,true,QUALIFIED_CONCEPT,false,false,false,1,D078,c56c60ec-74f3-44d5-83e6-f83d87b921f5,22e575de-bfb2-46ef-aabb-efe823780c22,8e528f95-22fc-4b9a-8b16-90391b584bc3,Our first-principles calculation supported a preferential adsorption of NO 2 on n-doped graphene.,51,8,manual_expert_ai_all409_source_context,
F285,"pristine form, graphene",article-analysis-domain-v1:feature:technical-feature-v1:cHJpc3RpbmUgZm9ybSwgZ3JhcGhlbmU,MATERIAL,,false,QUALIFIED_CONCEPT,false,false,false,1,D077,c55aaeb6-0dd1-4c6e-a62c-b0078257c9f2,7e2a689c-951c-49d0-a5d4-d8c3541bcde0,d7d61fb1-fe0f-45c0-80b0-503e89bd7fb0,"On the other hand, in its pristine form, graphene has shortages and is generally utilized in combination with other metal oxides to improve gas sensing capabilities.",23,3,manual_expert_ai_all409_source_context,
F286,p–n heterojunctions of p-type rgo/cnt and n-type sn–tio2 nanoparticles,article-analysis-domain-v1:feature:technical-feature-v1:cOKAk24gaGV0ZXJvanVuY3Rpb25zIG9mIHAtdHlwZSByZ28vY250IGFuZCBuLXR5cGUgc27igJN0aW8yIG5hbm9wYXJ0aWNsZXM,MORPHOLOGY,MATERIAL;PROPERTY,true,QUALIFIED_CONCEPT,false,false,false,1,D083,d8fa4f24-71ee-4b88-967c-024021e0043b,51d682c0-d3bd-40e7-a8c4-0bb2e07648a1,27f49429-5410-4af7-9073-6309b4509597,The ammonia-sensing mechanisms of the Sn–TiO2@rGO/CNT gas sensor were proposed based on the formation of p–n heterojunctions of p-type rGO/CNT and n-type Sn–TiO2 nanoparticles via a low-temperature oxidizing reaction process.,70,9,manual_expert_ai_all409_source_context,
F287,quadratic low-energy band structure,article-analysis-domain-v1:feature:technical-feature-v1:cXVhZHJhdGljIGxvdy1lbmVyZ3kgYmFuZCBzdHJ1Y3R1cmU,PROPERTY,,false,QUALIFIED_CONCEPT,false,false,false,1,D049,7f51377e-2cb1-46a3-9bff-19b03dd7f25b,d630e0b3-c669-4faf-8794-cc2d3f2d297b,41c3aa38-8f19-42fe-bf89-1b78cc3db9b2,"Bilayer graphene, which consists of two stacked monolayers and where the quasiparticles are massive chiral fermions, has a quadratic low-energy band structure which generates very different scattering properties from those of the monolayer.",35,4,manual_expert_ai_all409_source_context,
F288,radio frequency (rf) circuit platform,article-analysis-domain-v1:feature:technical-feature-v1:cmFkaW8gZnJlcXVlbmN5IChyZikgY2lyY3VpdCBwbGF0Zm9ybQ,DEVICE,,false,QUALIFIED_CONCEPT,false,false,false,1,D054,8a635573-0311-4947-85e8-fc9dfee4ef43,829df6c0-7e43-47e8-9b8d-d8cd60efb7b1,b6867ce4-3364-45ad-b8f8-cd7fc616ad0c,Mature 0.18 µm CMOS technology provides the driving circuit for directly integrated graphene chemiresistive junctions in a radio frequency (RF) circuit platform.,37,5,manual_expert_ai_all409_source_context,
F289,raman spectroscopy (rs),article-analysis-domain-v1:feature:technical-feature-v1:cmFtYW4gc3BlY3Ryb3Njb3B5IChycyk,TECHNOLOGY,,false,ATOMIC_NARROW,false,false,false,1,D066,a7588c01-0b42-40c2-8e08-86a056819ce7,388aceae-6a75-47f9-95f0-4e200f8e1365,e8fe38fd-98e5-47f8-949a-019810448e8c,Raman Spectroscopy (RS),23,3,manual_expert_ai_all409_source_context,
F290,rapid recovery (≈11 s),article-analysis-domain-v1:feature:technical-feature-v1:cmFwaWQgcmVjb3ZlcnkgKOKJiDExIHMp,PERFORMANCE,,false,QUALIFIED_CONCEPT,false,false,false,1,D100,fd94b094-5144-4e96-acd5-de555c2bb84a,3eb0b183-2e13-40a4-8e67-228eef006d0b,3a6f2f22-3142-4711-9a49-91c8067ddead,"In particular, it is possible to classify the fast (≈14 s) and slow (≈95 s) response due to sp(2) -carbon bonding and disorders on graphene and the self-integrated graphene heater leads to the rapid recovery (≈11 s) of a 2 cm × 2 cm sized sensor with reproducible sensing cycles, including full recovery steps without significant signal degradation under exposure to NO2 gas.",22,4,manual_expert_ai_all409_source_context,
F291,rapid response times,article-analysis-domain-v1:feature:technical-feature-v1:cmFwaWQgcmVzcG9uc2UgdGltZXM,PERFORMANCE,,false,QUALIFIED_CONCEPT,false,false,false,1,D070,b652e00f-7ac8-4b37-b370-272e2482d67f,c5bad6cb-3da5-45a7-a4ea-7bff2d567a8d,e5fe39a5-d194-4570-9f6b-a2ec9077c4b4,High surface area and thermal conductivity of the LIG results in rapid response times for all studied gases.,20,3,manual_expert_ai_all409_source_context,
F292,reactive ion etching,article-analysis-domain-v1:feature:technical-feature-v1:cmVhY3RpdmUgaW9uIGV0Y2hpbmc,PROCESS,,false,ATOMIC_NARROW,false,false,false,1,D088,e4a11c17-4a02-4845-9887-a6d113174d38,efbf2fca-f066-48a3-a180-fd0b87c31a92,2de48374-7eff-4eaa-b28b-045e1eacca8a,"In this work, ethanol-chemical vapor deposition (CVD) of a grown p-type semiconducting large-area monolayer graphene film was patterned into a nanomesh by the combination of nanosphere lithography and reactive ion etching and evaluated as a field-effect transistor and chemiresistor gas sensors.",20,3,manual_expert_ai_all409_source_context,
F293,reduced graphene oxide (rgo),article-analysis-domain-v1:feature:technical-feature-v1:cmVkdWNlZCBncmFwaGVuZSBveGlkZSAocmdvKQ,MATERIAL,,false,ATOMIC_NARROW,false,false,false,1,D077,c55aaeb6-0dd1-4c6e-a62c-b0078257c9f2,f010f33c-bbe2-4e1d-a302-e9339bb23295,d7d61fb1-fe0f-45c0-80b0-503e89bd7fb0,Reduced graphene oxide (rGO) is a reduced form of graphene oxide used extensively in gas sensing applications.,28,4,manual_expert_ai_all409_source_context,
F294,reduced graphene oxide nanofiber mat,article-analysis-domain-v1:feature:technical-feature-v1:cmVkdWNlZCBncmFwaGVuZSBveGlkZSBuYW5vZmliZXIgbWF0,MATERIAL,,false,QUALIFIED_CONCEPT,false,false,false,1,D006,0cecfdbe-d7a2-44cc-9362-c5c413dcc46d,47b392f4-06f1-43fe-8033-84f405de2487,362460ac-f25d-4cfd-9621-e7a528b4aab7,"An ultra-sensitive gas sensor based on a reduced graphene oxide nanofiber mat was successfully fabricated using a combination of an electrospinning method and graphene oxide wrapping through an electrostatic self-assembly, followed by a low-temperature chemical reduction.",36,5,manual_expert_ai_all409_source_context,
F295,reduced graphene oxide/mesoporous zinc oxide nanosheets,article-analysis-domain-v1:feature:technical-feature-v1:cmVkdWNlZCBncmFwaGVuZSBveGlkZS9tZXNvcG9yb3VzIHppbmMgb3hpZGUgbmFub3NoZWV0cw,MATERIAL,,false,QUALIFIED_CONCEPT,false,false,false,1,D001,00f9cfc7-459f-4c4d-8131-b425d01527dc,398a6b8e-8d5b-4eea-9a03-82ffb6b6b0cc,6319af2d-0fe1-4daa-87c6-131c379a75c9,The proposed gas sensor is built using commercially available cotton/elastic threads as flexible/stretchable templates and reduced graphene oxide/mesoporous zinc oxide nanosheets as sensing layers to form conducting fibers.,55,6,manual_expert_ai_all409_source_context,
F296,reflux,article-analysis-domain-v1:feature:technical-feature-v1:cmVmbHV4,PROCESS,,false,ATOMIC_NARROW,false,false,false,1,D074,bfcae593-3cf3-42fd-971a-5521c706cabe,83a9c30a-93c0-457a-b2a5-82a6c275111b,b293d27a-c458-484b-8164-c053423ac65d,"Firstly, the expanded graphite (EG) was activated by KOH and many moderate functional groups were generated; secondly, Cu(CH3COO)2 and CTAB underwent full infusion into the interlayers of activated EG (aEG) by means of a vacuum-assisted technique and then reacted with the functional groups of aEG accompanied by the exfoliation of aEG via reflux.",6,1,manual_expert_ai_all409_source_context,
F297,refractory composite material,article-analysis-domain-v1:feature:technical-feature-v1:cmVmcmFjdG9yeSBjb21wb3NpdGUgbWF0ZXJpYWw,MATERIAL,PROPERTY,true,QUALIFIED_CONCEPT,false,false,false,1,D070,b652e00f-7ac8-4b37-b370-272e2482d67f,5561b159-6e04-46f1-883d-413944f76295,e5fe39a5-d194-4570-9f6b-a2ec9077c4b4,The gas sensors are also embedded in cement to form a refractory composite material.,29,3,manual_expert_ai_all409_source_context,
F298,relatively high surface area (47.896 m(2) g(-1)),article-analysis-domain-v1:feature:technical-feature-v1:cmVsYXRpdmVseSBoaWdoIHN1cmZhY2UgYXJlYSAoNDcuODk2IG0oMikgZygtMSkp,PROPERTY,,false,QUALIFIED_CONCEPT,false,false,false,1,D044,7b42a401-891b-48e3-a681-bd9e3f5fd8cb,d1707ef1-3ef1-4b02-bd04-b98ec1faae24,8e25b9c4-364a-4aef-adc5-9e2331b187d7,"The excellent sensing performance could probably be ascribed to the synergetic effects and the relatively high surface area (47.896 m(2) g(-1)) of the PPANI/rGO-FPANI network films, the efficient artificial neural network sensing channels, and the effectively exposed active surfaces.",48,7,manual_expert_ai_all409_source_context,
F299,reliability,article-analysis-domain-v1:feature:technical-feature-v1:cmVsaWFiaWxpdHk,PERFORMANCE,,false,ATOMIC_NARROW,false,false,false,1,D001,00f9cfc7-459f-4c4d-8131-b425d01527dc,845aa8c3-eb97-4bc0-a08f-b1babbfca489,e9796bf6-68c8-440f-a814-ca185157cce3,"More significantly, scalable wearable characteristics including repairability, reliability, stability, and practicability have been efficiently improved, which are achieved by knotting the fractured fibers, incorporating multiple sensors in series/parallel and weaving multisensor array networks integrated into clothes.",11,1,manual_expert_ai_all409_source_context,
F300,reliable and repeatable sensing behaviors were obtained when the sensor was exposed to different h2 concentrations ranging from 0.025 to 2%,article-analysis-domain-v1:feature:technical-feature-v1:cmVsaWFibGUgYW5kIHJlcGVhdGFibGUgc2Vuc2luZyBiZWhhdmlvcnMgd2VyZSBvYnRhaW5lZCB3aGVuIHRoZSBzZW5zb3Igd2FzIGV4cG9zZWQgdG8gZGlmZmVyZW50IGgyIGNvbmNlbnRyYXRpb25zIHJhbmdpbmcgZnJvbSAwLjAyNSB0byAyJQ,PERFORMANCE,OPERATING_CONDITION,true,PROPOSITION,false,false,false,1,D061,99232d89-6fe1-4045-b661-0e1203a448d8,6725685f-aee0-4109-84d3-0f6555f42102,dd53930f-efae-4f64-b3f4-c4be12048b60,"In addition, reliable and repeatable sensing behaviors were obtained when the sensor was exposed to different H2 concentrations ranging from 0.025 to 2%.",139,21,manual_expert_ai_all409_source_context,
F301,reliable and repeatable sensing behaviors were revealed when the array was exposed to various gas concentrations even at 30 ppm,article-analysis-domain-v1:feature:technical-feature-v1:cmVsaWFibGUgYW5kIHJlcGVhdGFibGUgc2Vuc2luZyBiZWhhdmlvcnMgd2VyZSByZXZlYWxlZCB3aGVuIHRoZSBhcnJheSB3YXMgZXhwb3NlZCB0byB2YXJpb3VzIGdhcyBjb25jZW50cmF0aW9ucyBldmVuIGF0IDMwIHBwbQ,PERFORMANCE,OPERATING_CONDITION,true,PROPOSITION,false,false,false,1,D069,b5e40c7d-735b-411c-b69b-1cb38751ddb4,344d8ac9-e4f2-4fe1-a2a7-7c0965236168,f25cd74a-8387-4ccc-8ad2-bba363cb455e,"In addition, reliable and repeatable sensing behaviors were revealed when the array was exposed to various gas concentrations even at 30 ppm.",127,20,manual_expert_ai_all409_source_context,
F302,reliable operation under high humidity conditions,article-analysis-domain-v1:feature:technical-feature-v1:cmVsaWFibGUgb3BlcmF0aW9uIHVuZGVyIGhpZ2ggaHVtaWRpdHkgY29uZGl0aW9ucw,PERFORMANCE,OPERATING_CONDITION,true,QUALIFIED_CONCEPT,false,false,false,1,D011,156b15bb-dbd9-4d9d-a871-3c46ae7d5515,60ea01a9-d32a-4d4b-93d9-a1ec729810fb,658c581f-b972-4500-83fb-0c881a212867,The sensors show reliable operation under high humidity conditions and bending strain.,49,6,manual_expert_ai_all409_source_context,
F303,reliable sensing performance with a bending strain of less than 1.4%,article-analysis-domain-v1:feature:technical-feature-v1:cmVsaWFibGUgc2Vuc2luZyBwZXJmb3JtYW5jZSB3aXRoIGEgYmVuZGluZyBzdHJhaW4gb2YgbGVzcyB0aGFuIDEuNCU,PERFORMANCE,OPERATING_CONDITION,true,QUALIFIED_CONCEPT,true,false,false,1,D100,fd94b094-5144-4e96-acd5-de555c2bb84a,9b0de247-7bbc-4350-9346-b1995bd07f42,3a6f2f22-3142-4711-9a49-91c8067ddead,This combined all-graphene device structure enables an overall device optical transmittance that exceeds 90% and reliable sensing performance with a bending strain of less than 1.4%.,68,11,manual_expert_ai_all409_source_context,
F304,reliable transparency (90.3% at 550 nm),article-analysis-domain-v1:feature:technical-feature-v1:cmVsaWFibGUgdHJhbnNwYXJlbmN5ICg5MC4zJSBhdCA1NTAgbm0p,PROPERTY,OPERATING_CONDITION,true,QUALIFIED_CONCEPT,false,true,false,1,D044,7b42a401-891b-48e3-a681-bd9e3f5fd8cb,a8d9e486-cc9f-47c6-a925-323cbd71734a,843c72c1-d4c5-48ad-b057-10857a247c71,"The assembled flexible, transparent electronic gas sensor exhibits high sensing performance towards NH3 gas concentrations ranging from 100 ppb to 100 ppm, reliable transparency (90.3% at 550 nm) for the PPANI/rGO-FPANI film (6 h sample",39,6,manual_expert_ai_all409_source_context,
F305,repairability,article-analysis-domain-v1:feature:technical-feature-v1:cmVwYWlyYWJpbGl0eQ,PROPERTY,,false,ATOMIC_NARROW,false,false,false,1,D001,00f9cfc7-459f-4c4d-8131-b425d01527dc,5d65c5fb-e96a-404a-8151-5a08eec94e71,e9796bf6-68c8-440f-a814-ca185157cce3,"More significantly, scalable wearable characteristics including repairability, reliability, stability, and practicability have been efficiently improved, which are achieved by knotting the fractured fibers, incorporating multiple sensors in series/parallel and weaving multisensor array networks integrated into clothes.",13,1,manual_expert_ai_all409_source_context,
F306,repeatable,article-analysis-domain-v1:feature:technical-feature-v1:cmVwZWF0YWJsZQ,PERFORMANCE,,false,ATOMIC_NARROW,false,false,false,1,D079,c5dfdef7-4f8f-455d-8ef1-e24b30dd136f,28f441ab-0635-4da6-b5fa-7beec9c4d5fb,2a444bc2-8cb5-4ba7-9ab7-86041490c792,"Moreover, we demonstrate that AgNPs/G is of low limit of detection, highly stable, selective, reversible, repeatable, and sensor-to-sensor reproducible, for methane sensing.",10,1,manual_expert_ai_all409_source_context,
F307,repeated cycles of hydrogenation and dehydrogenation,article-analysis-domain-v1:feature:technical-feature-v1:cmVwZWF0ZWQgY3ljbGVzIG9mIGh5ZHJvZ2VuYXRpb24gYW5kIGRlaHlkcm9nZW5hdGlvbg,OPERATING_CONDITION,PROCESS,true,QUALIFIED_CONCEPT,false,true,false,1,D091,e6844a28-6617-497a-bbdb-62545365b18d,c4bfb48a-9773-43df-ad11-d76603946683,5259dff5-7b56-4a67-be3d-15b07f0a3590,These sensors were also found to be stable over repeated cycles of hydrogenation and dehydrogenation.,52,6,manual_expert_ai_all409_source_context,Exposure-cycle protocol; source claims stability under those cycles.
F308,resistance change up to 52%,article-analysis-domain-v1:feature:technical-feature-v1:cmVzaXN0YW5jZSBjaGFuZ2UgdXAgdG8gNTIl,PERFORMANCE,,false,QUALIFIED_CONCEPT,false,true,false,1,D065,a699dfba-8207-41f9-a491-43a360e40cd9,88b3da60-8fe4-4b24-abc8-49813266f64d,7ebb6e7c-9e6b-42ab-abab-9acd07414eab,It was found that 0.5 nm ZnO films modified graphene sensors showed high response to formaldehyde with the resistance change up to 52% at the concentration of 9 parts-per-million (ppm) at room temperature.,27,5,manual_expert_ai_all409_source_context,
F309,resistive-based gas sensors,article-analysis-domain-v1:feature:technical-feature-v1:cmVzaXN0aXZlLWJhc2VkIGdhcyBzZW5zb3Jz,DEVICE,,false,ATOMIC_NARROW,false,false,false,1,D083,d8fa4f24-71ee-4b88-967c-024021e0043b,2415aa51-0c07-4359-9aed-b0af28239723,e89caff2-4334-4314-9f46-26f53157d3b0,Resistive-based gas sensors have been considered as the most favorable gas sensors for detection of toxic gases and volatile organic compounds (VOCs),27,3,manual_expert_ai_all409_source_context,
F310,response of 105.1%,article-analysis-domain-v1:feature:technical-feature-v1:cmVzcG9uc2Ugb2YgMTA1LjEl,PERFORMANCE,,false,QUALIFIED_CONCEPT,false,true,false,1,D067,acd6003a-13ec-4bce-87f5-cec1c79eabb3,fadd4c2d-6dc2-421b-9fbe-03d1012c0f42,b5b668aa-f2e0-4200-8bde-ef54cfc4f287,The epitaxial graphene shows high sensitivity to NO2 with response of 105.1% to 4 ppm NO2 and detection limit of 1 ppb.,18,3,manual_expert_ai_all409_source_context,
F311,responsive to low concentrations of no gases (< 1000 ppb) at room temperature,article-analysis-domain-v1:feature:technical-feature-v1:cmVzcG9uc2l2ZSB0byBsb3cgY29uY2VudHJhdGlvbnMgb2Ygbm8gZ2FzZXMgKDwgMTAwMCBwcGIpIGF0IHJvb20gdGVtcGVyYXR1cmU,PERFORMANCE,OPERATING_CONDITION;ANALYTE,true,QUALIFIED_CONCEPT,true,false,false,1,D008,10c07eba-9d0f-42a9-aeb3-911ec8ccc747,50212e1c-7f6a-43d1-803c-7bb1288a49e3,3f2d39d3-d5c4-4089-92c3-86438ce93d35,and were responsive to low concentrations of NO gases (< 1000 ppb) at room temperature.,77,13,manual_expert_ai_all409_source_context,
F312,reversible,article-analysis-domain-v1:feature:technical-feature-v1:cmV2ZXJzaWJsZQ,PERFORMANCE,,false,ATOMIC_NARROW,false,false,false,1,D079,c5dfdef7-4f8f-455d-8ef1-e24b30dd136f,e3ea75f5-a96f-4c65-aab4-ed697a9cfc27,2a444bc2-8cb5-4ba7-9ab7-86041490c792,"Moreover, we demonstrate that AgNPs/G is of low limit of detection, highly stable, selective, reversible, repeatable, and sensor-to-sensor reproducible, for methane sensing.",10,1,manual_expert_ai_all409_source_context,
F313,reversible molecular physical adsorption/desorption mechanism,article-analysis-domain-v1:feature:technical-feature-v1:cmV2ZXJzaWJsZSBtb2xlY3VsYXIgcGh5c2ljYWwgYWRzb3JwdGlvbi9kZXNvcnB0aW9uIG1lY2hhbmlzbQ,MECHANISM,PROPERTY,true,QUALIFIED_CONCEPT,false,false,false,1,D085,dbf895b0-e07a-40a0-9dde-d2858ff63320,b9ea1621-c632-4467-9c64-abc0bfba7729,b521e874-57f4-4f70-865b-c340c09efe4d,One unique feature of graphene-based gas sensors is their reversible molecular physical adsorption/desorption mechanism that does not noticeably cause structural distortion or property degradation that chemical reactions would.,61,5,manual_expert_ai_all409_source_context,
F314,rgo-loaded metal oxide nanofiber (nf),article-analysis-domain-v1:feature:technical-feature-v1:cmdvLWxvYWRlZCBtZXRhbCBveGlkZSBuYW5vZmliZXIgKG5mKQ,MATERIAL,MORPHOLOGY,true,QUALIFIED_CONCEPT,false,false,false,1,D077,c55aaeb6-0dd1-4c6e-a62c-b0078257c9f2,d97f81ba-5ec2-4e9c-a11d-4a9a791eb9c0,d7d61fb1-fe0f-45c0-80b0-503e89bd7fb0,This study focuses on rGO-loaded metal oxide nanofiber (NF) synthesized using an electrospinning method.,37,5,manual_expert_ai_all409_source_context,
F315,robust flexibility without an obvious performance decrease after 1000 bending/extending cycles,article-analysis-domain-v1:feature:technical-feature-v1:cm9idXN0IGZsZXhpYmlsaXR5IHdpdGhvdXQgYW4gb2J2aW91cyBwZXJmb3JtYW5jZSBkZWNyZWFzZSBhZnRlciAxMDAwIGJlbmRpbmcvZXh0ZW5kaW5nIGN5Y2xlcw,PROPERTY,PERFORMANCE;OPERATING_CONDITION,true,QUALIFIED_CONCEPT,true,false,false,1,D044,7b42a401-891b-48e3-a681-bd9e3f5fd8cb,ff39825f-b253-4229-8746-8f6c1e50c99f,843c72c1-d4c5-48ad-b057-10857a247c71,"The assembled flexible, transparent electronic gas sensor exhibits high sensing performance towards NH3 gas concentrations ranging from 100 ppb to 100 ppm, reliable transparency (90.3% at 550 nm) for the PPANI/rGO-FPANI film (6 h sample), fast response/recovery time (36 s/18 s), and robust flexibility without an obvious performance decrease after 1000 bending/extending cycles.",94,11,manual_expert_ai_all409_source_context,
F316,room temperature,article-analysis-domain-v1:feature:technical-feature-v1:cm9vbSB0ZW1wZXJhdHVyZQ,OPERATING_CONDITION,,false,ATOMIC_NARROW,false,false,false,4,D050;D053;D088;D091,87775318-a9f1-457c-891c-6d910ac56175;895f3ff1-5a2d-4c4f-b146-bfa105dd2639;e4a11c17-4a02-4845-9887-a6d113174d38;e6844a28-6617-497a-bbdb-62545365b18d,591e371d-6725-4002-b7d2-26619bfd0827;a8cdb5e0-da9e-499c-ba1f-b2bfd4988927;d7d870c9-d650-40c8-a142-360a45a6bb41;feeae22a-8763-46e4-bdbf-643ade13404b,468da37d-6e9a-4912-a13a-b5a50250ead3,We present a flexible room temperature NO2 gas sensor consisting of vertical carbon nanotubes (CNTs)/reduced graphene hybrid film supported by a polyimide substrate.,16,2,manual_expert_ai_all409_source_context,
F317,room temperature nox gas sensor,article-analysis-domain-v1:feature:technical-feature-v1:cm9vbSB0ZW1wZXJhdHVyZSBub3ggZ2FzIHNlbnNvcg,DEVICE,,false,QUALIFIED_CONCEPT,false,false,false,1,D074,bfcae593-3cf3-42fd-971a-5521c706cabe,26372454-c586-468a-8627-2a6e78c546ab,b293d27a-c458-484b-8164-c053423ac65d,3D nanoflower-like CuxO/multilayer graphene composites (CuMGCs) have been successfully synthesized as a new type of room temperature NOx gas sensor.,31,5,manual_expert_ai_all409_source_context,
F318,room-temperature acetone gas sensor,article-analysis-domain-v1:feature:technical-feature-v1:cm9vbS10ZW1wZXJhdHVyZSBhY2V0b25lIGdhcyBzZW5zb3I,DEVICE,,false,QUALIFIED_CONCEPT,false,false,false,1,D072,be036c92-8085-4d4a-a101-f50e7cbc28fc,576c4538-7864-45de-8d7e-6cfc6972cc94,1ab67031-31c3-40df-9bff-3add880b4bb1,"In this paper, we demonstrated a room-temperature acetone gas sensor based on a tin dioxide (SnO 2 )-reduced graphene oxide (RGO) hybrid composite film.",35,4,manual_expert_ai_all409_source_context,
F319,room-temperature gas sensor,article-analysis-domain-v1:feature:technical-feature-v1:cm9vbS10ZW1wZXJhdHVyZSBnYXMgc2Vuc29y,DEVICE,,false,QUALIFIED_CONCEPT,false,false,false,1,D068,b102c67e-e167-49c6-a3cf-5c14d31d8fc1,3f90e176-8e78-4310-a1ee-8d29b1a497a1,0ec317d5-3c20-41e0-9f78-67fec485b6cc,Metal oxide/graphene nanocomposites are emerging as promising materials for developing room-temperature gas sensors.,27,3,manual_expert_ai_all409_source_context,
F320,room-temperature h 2 s gas sensors,article-analysis-domain-v1:feature:technical-feature-v1:cm9vbS10ZW1wZXJhdHVyZSBoIDIgcyBnYXMgc2Vuc29ycw,DEVICE,,false,QUALIFIED_CONCEPT,false,false,false,1,D052,88e8a18b-f7b8-4366-9ffc-ffbc1655b882,f826ee5f-18e1-4673-8a37-2c1c6ffb7229,9a01008b-ea30-49d1-960e-dc32d3dc2ff6,sensitive room-temperature H 2 S gas sensors based on SnO 2 quantum wires that are anchored on reduced graphene oxide (rGO) nanosheets.,34,6,manual_expert_ai_all409_source_context,
F321,rutile sno2 nanocrystals were exclusively deposited on graphene sheets with high density and high uniformity to form layered composite sheets,article-analysis-domain-v1:feature:technical-feature-v1:cnV0aWxlIHNubzIgbmFub2NyeXN0YWxzIHdlcmUgZXhjbHVzaXZlbHkgZGVwb3NpdGVkIG9uIGdyYXBoZW5lIHNoZWV0cyB3aXRoIGhpZ2ggZGVuc2l0eSBhbmQgaGlnaCB1bmlmb3JtaXR5IHRvIGZvcm0gbGF5ZXJlZCBjb21wb3NpdGUgc2hlZXRz,PROCESS,MATERIAL;MORPHOLOGY,true,PROPOSITION,false,false,false,1,D037,64a8690b-db4c-44ec-bd4a-926f3afabbb1,108e7ae1-6513-44da-b27a-a79a33024eb0,62190702-83b3-4b9b-88a5-f6ef92f30f8d,rutile SnO2 nanocrystals were exclusively deposited on graphene sheets with high density and high uniformity to form layered composite sheets,141,20,manual_expert_ai_all409_source_context,
F322,scalable fabricating strategy,article-analysis-domain-v1:feature:technical-feature-v1:c2NhbGFibGUgZmFicmljYXRpbmcgc3RyYXRlZ3k,PROCESS,,false,QUALIFIED_CONCEPT,false,false,false,1,D001,00f9cfc7-459f-4c4d-8131-b425d01527dc,27f8ced6-e6b2-4267-a056-fdc126036c81,6319af2d-0fe1-4daa-87c6-131c379a75c9,"Here, an easy-handing, low cost, and scalable fabricating strategy is reported to fabricate conductive, highly flexible, and mechanically stretchable/twisted fiber gas sensor with great wearability and knittability.",29,3,manual_expert_ai_all409_source_context,
F323,scalable wearable characteristics,article-analysis-domain-v1:feature:technical-feature-v1:c2NhbGFibGUgd2VhcmFibGUgY2hhcmFjdGVyaXN0aWNz,OTHER,,false,QUALIFIED_CONCEPT,false,false,false,1,D001,00f9cfc7-459f-4c4d-8131-b425d01527dc,f4ddcaf3-3719-41ee-af5d-10fb2028f754,e9796bf6-68c8-440f-a814-ca185157cce3,"More significantly, scalable wearable characteristics including repairability, reliability, stability, and practicability have been efficiently improved, which are achieved by knotting the fractured fibers, incorporating multiple sensors in series/parallel and weaving multisensor array networks integrated into clothes.",33,3,manual_expert_ai_all409_source_context,Vague bundle of scalable wearable characteristics.
F324,scanning electron microscopy,article-analysis-domain-v1:feature:technical-feature-v1:c2Nhbm5pbmcgZWxlY3Ryb24gbWljcm9zY29weQ,TECHNOLOGY,,false,ATOMIC_NARROW,false,false,false,1,D083,d8fa4f24-71ee-4b88-967c-024021e0043b,c407bdd3-c8f8-4f26-8b28-983d3ab3b9f3,e89caff2-4334-4314-9f46-26f53157d3b0,"Characterizations by scanning electron microscopy, transmission electron microscopy, and X-ray photoelectron spectroscopy confirmed the decoration of Sn–TiO2 nanoparticles on rGO/CNT nanocomposite surfaces.",28,3,manual_expert_ai_all409_source_context,
F325,scanning electron microscopy (sem),article-analysis-domain-v1:feature:technical-feature-v1:c2Nhbm5pbmcgZWxlY3Ryb24gbWljcm9zY29weSAoc2VtKQ,TECHNOLOGY,,false,ATOMIC_NARROW,false,false,false,1,D066,a7588c01-0b42-40c2-8e08-86a056819ce7,8f2c9d82-ccbf-4c0b-a589-86382313c9a9,e8fe38fd-98e5-47f8-949a-019810448e8c,Scanning Electron Microscopy (SEM),34,4,manual_expert_ai_all409_source_context,
F326,selective,article-analysis-domain-v1:feature:technical-feature-v1:c2VsZWN0aXZl,PERFORMANCE,,false,ATOMIC_NARROW,false,false,false,1,D079,c5dfdef7-4f8f-455d-8ef1-e24b30dd136f,903ae265-2b9e-4d80-a62f-bf30beac608c,2a444bc2-8cb5-4ba7-9ab7-86041490c792,"Moreover, we demonstrate that AgNPs/G is of low limit of detection, highly stable, selective, reversible, repeatable, and sensor-to-sensor reproducible, for methane sensing.",9,1,manual_expert_ai_all409_source_context,
F327,selective sensing of volatile organic gases,article-analysis-domain-v1:feature:technical-feature-v1:c2VsZWN0aXZlIHNlbnNpbmcgb2Ygdm9sYXRpbGUgb3JnYW5pYyBnYXNlcw,PERFORMANCE,,false,QUALIFIED_CONCEPT,false,false,false,1,D097,f1c4d560-678f-4ead-af98-f670b31ac562,7eff96ef-01c9-48de-b21f-7ce9bba9c0dd,cbfdda24-6c93-438e-99ac-3743eff2b9ae,"Novel one-headed polymer optical fiber sensor arrays using hydrophilic GO and hydrophobic reduced graphene oxide (rGO) were carefully designed, leading to the selective sensing of volatile organic gases for the first time.",43,6,manual_expert_ai_all409_source_context,
F328,selective sensitivity to no 2 gas,article-analysis-domain-v1:feature:technical-feature-v1:c2VsZWN0aXZlIHNlbnNpdGl2aXR5IHRvIG5vIDIgZ2Fz,PERFORMANCE,,false,QUALIFIED_CONCEPT,false,false,false,1,D004,08d58bd1-a89e-4b70-b817-821df8428bc7,a574b588-784a-4e47-8c48-f61ede7acece,1314b88d-a703-48b5-bb03-e426d5474034,We obtained extremely high and selective sensitivity to NO 2 gas by fabricating graphene–SnO 2 nanocomposites using a commercial microwave oven.,33,6,manual_expert_ai_all409_source_context,
F329,selectivity,article-analysis-domain-v1:feature:technical-feature-v1:c2VsZWN0aXZpdHk,PERFORMANCE,,false,ATOMIC_NARROW,false,false,false,1,D068,b102c67e-e167-49c6-a3cf-5c14d31d8fc1,3b0e983b-8359-4e65-8ab1-b53e44cd2bd7,0ec317d5-3c20-41e0-9f78-67fec485b6cc,"In addition, the sensor exhibits excellent reproducibility, selectivity, and extremely fast recovery kinetics.",11,1,manual_expert_ai_all409_source_context,
F330,"selectivity to other gases such as acetone, ethanol, ethylene, and co2",article-analysis-domain-v1:feature:technical-feature-v1:c2VsZWN0aXZpdHkgdG8gb3RoZXIgZ2FzZXMgc3VjaCBhcyBhY2V0b25lLCBldGhhbm9sLCBldGh5bGVuZSwgYW5kIGNvMg,PERFORMANCE,,false,QUALIFIED_CONCEPT,true,true,false,1,D047,7c663f65-65c2-4e27-8840-bf5bdb960cb0,0572b733-6170-48b5-afcc-b8e1f265de70,e1851a4b-19b5-4334-8a11-811bfe34cd94,"The e-textile gas sensor possesses chemical durability to several detergent washing treatments and mechanical stability under 1,000 bending tests at an extreme bending radius of 1 mm as well as a high response to NO2 gas at room temperature with selectivity to other gases such as acetone, ethanol, ethylene, and CO2.",70,11,manual_expert_ai_all409_source_context,Quote describes response to NO2 with selectivity relative to interferent gases; label alone can invert analyte interpretation.
F331,semiconductive nature,article-analysis-domain-v1:feature:technical-feature-v1:c2VtaWNvbmR1Y3RpdmUgbmF0dXJl,PROPERTY,,false,ATOMIC_NARROW,false,false,false,1,D039,6f1fea7f-0d19-4f8a-99cc-842e0fa30c78,823784b2-74bd-431f-80b4-de8b188d469c,f69033d8-3861-45bc-a9a7-89d2b147c41c,they usually have a semiconductive nature,21,2,manual_expert_ai_all409_source_context,
F332,sensitive and uniform graphene gas sensors,article-analysis-domain-v1:feature:technical-feature-v1:c2Vuc2l0aXZlIGFuZCB1bmlmb3JtIGdyYXBoZW5lIGdhcyBzZW5zb3Jz,DEVICE,,false,QUALIFIED_CONCEPT,false,false,false,1,D032,5c25b3c9-cc53-4db3-a4b2-9b9e58f70a32,43d61ee0-3c4e-48eb-ba51-53da162bedb0,dc871996-98dd-4298-823a-f2221378b9f5,"Our study presents a design rule for fabricating sensitive and uniform graphene gas sensors, which may facilitate their applications in detecting a broad range of analytes.",42,6,manual_expert_ai_all409_source_context,
F333,sensitive sensing response,article-analysis-domain-v1:feature:technical-feature-v1:c2Vuc2l0aXZlIHNlbnNpbmcgcmVzcG9uc2U,PERFORMANCE,,false,QUALIFIED_CONCEPT,false,false,false,1,D001,00f9cfc7-459f-4c4d-8131-b425d01527dc,a357111c-3302-4594-8c0b-8815ca7bcd6b,6319af2d-0fe1-4daa-87c6-131c379a75c9,"The as-prepared fiber demonstrates sensitive sensing response, excellent long-term stability (84 days), low theoretical detection limit (43.5 ppb NO 2 ), great mechanical deformation tolerance (3000 bending cycles, 1000 twisting cycles and 65% strain strength), and washing durability in room-temperature gas detection.",26,3,manual_expert_ai_all409_source_context,
F334,sensitivities 4 to 16 times higher than that of a sensor based on rgo,article-analysis-domain-v1:feature:technical-feature-v1:c2Vuc2l0aXZpdGllcyA0IHRvIDE2IHRpbWVzIGhpZ2hlciB0aGFuIHRoYXQgb2YgYSBzZW5zb3IgYmFzZWQgb24gcmdv,PERFORMANCE,,false,QUALIFIED_CONCEPT,false,false,false,1,D089,e5e2825a-81cd-4497-8b78-a2677add0a48,b1ea4a1d-c546-4ce2-82a0-b7dba2ef6d7e,317dd207-5823-4858-bac7-5177951d39b8,The NO(2) sensors based on these CMGs exhibit sensitivities 4 to 16 times higher than that of a sensor based on rGO.,69,14,manual_expert_ai_all409_source_context,
F335,sensitivity better than the experimentally limited 1 ppb,article-analysis-domain-v1:feature:technical-feature-v1:c2Vuc2l0aXZpdHkgYmV0dGVyIHRoYW4gdGhlIGV4cGVyaW1lbnRhbGx5IGxpbWl0ZWQgMSBwcGI,PERFORMANCE,,false,QUALIFIED_CONCEPT,false,true,false,1,D057,92b288c5-a152-43a5-9faa-6d235ae9afb7,4dab40b9-aa10-41c7-9d9e-a45bd8eff12d,976ee6e9-bd12-4f15-bf38-30fbd15105ba,Both samples show a sensitivity better than the experimentally limited 1 ppb.,56,8,manual_expert_ai_all409_source_context,
F336,sensitivity of the graphene-based lpfg spr sensor can reach 0.344 nm%−1 for methane,article-analysis-domain-v1:feature:technical-feature-v1:c2Vuc2l0aXZpdHkgb2YgdGhlIGdyYXBoZW5lLWJhc2VkIGxwZmcgc3ByIHNlbnNvciBjYW4gcmVhY2ggMC4zNDQgbm0l4oiSMSBmb3IgbWV0aGFuZQ,PERFORMANCE,,false,PROPOSITION,false,false,false,1,D027,3fb867af-6db1-45a4-8ff8-974292ac5ce1,b51642a1-b54a-4a9d-bf7b-ee01fc119f27,abe59afd-f7d5-4997-9631-bfa9b52dac99,"The experimental results demonstrate that the sensitivity of the graphene-based LPFG SPR sensor can reach 0.344 nm%−1 for methane, which is improved 2.96 and 1.31 times with respect to the traditional LPFG sensor and Ag-coated LPFG SPR sensor, respectively.",83,13,manual_expert_ai_all409_source_context,
F337,"sensitivity, selectivity, response/recovery time and detection limit",article-analysis-domain-v1:feature:technical-feature-v1:c2Vuc2l0aXZpdHksIHNlbGVjdGl2aXR5LCByZXNwb25zZS9yZWNvdmVyeSB0aW1lIGFuZCBkZXRlY3Rpb24gbGltaXQ,PERFORMANCE,,false,QUALIFIED_CONCEPT,false,false,false,1,D073,be88ae5a-4cd1-4568-9792-a9d1eddb56be,6e2f095b-ed16-4b86-b265-a29bff9a34c7,0c7dbb23-b128-430e-8c6d-7b4af712120b,"We discuss the benchmarked parameters of graphene sensors, such as sensitivity, selectivity, response/recovery time and detection limit, and compare them with other 2D materials as well as existing state-of-the-art sensors currently being used in the field.",68,7,manual_expert_ai_all409_source_context,List of four performance concepts; not one atomic property.
F338,sensor-to-sensor reproducible,article-analysis-domain-v1:feature:technical-feature-v1:c2Vuc29yLXRvLXNlbnNvciByZXByb2R1Y2libGU,PERFORMANCE,,false,QUALIFIED_CONCEPT,false,true,false,1,D079,c5dfdef7-4f8f-455d-8ef1-e24b30dd136f,1a0fcacd-e5fe-4153-b478-8ac85aafa6d9,2a444bc2-8cb5-4ba7-9ab7-86041490c792,"Moreover, we demonstrate that AgNPs/G is of low limit of detection, highly stable, selective, reversible, repeatable, and sensor-to-sensor reproducible, for methane sensing.",29,2,manual_expert_ai_all409_source_context,Cross-device reproducibility; keep distinct from within-device repeatability unless evidence supports both.
F339,separation applications,article-analysis-domain-v1:feature:technical-feature-v1:c2VwYXJhdGlvbiBhcHBsaWNhdGlvbnM,TECHNOLOGY,,false,ATOMIC_NARROW,false,false,false,1,D021,2f7fb8d1-42b1-433b-9091-7d13fc6493b1,4f66b172-1ef7-4bfd-9dd8-e5a6ecf181e8,e378bcd8-f914-452b-9322-618de37cb28c,"We specifically highlight their performances in separation applications, stimuli-responsive materials, anti-corrosion coatings, and energy storage.",23,2,manual_expert_ai_all409_source_context,
F340,sheets between a few hundred nanometers and a few micrometers large,article-analysis-domain-v1:feature:technical-feature-v1:c2hlZXRzIGJldHdlZW4gYSBmZXcgaHVuZHJlZCBuYW5vbWV0ZXJzIGFuZCBhIGZldyBtaWNyb21ldGVycyBsYXJnZQ,MORPHOLOGY,MATERIAL,true,QUALIFIED_CONCEPT,true,false,false,1,D009,1217ad37-8d52-447f-bf53-7b61ce059613,e45fb115-486a-4bfe-8609-0a238a244eb3,c2f19b4c-43c8-4b1b-8c8b-bf7244e46e76,"The graphene oxide dispersions exhibited long-term stability and were made of sheets between a few hundred nanometers and a few micrometers large, similar to the case of graphene oxide dispersions in water.",67,11,manual_expert_ai_all409_source_context,
F341,short response time of 9.6 s,article-analysis-domain-v1:feature:technical-feature-v1:c2hvcnQgcmVzcG9uc2UgdGltZSBvZiA5LjYgcw,PERFORMANCE,,false,QUALIFIED_CONCEPT,false,false,false,1,D074,bfcae593-3cf3-42fd-971a-5521c706cabe,bc8eac73-6829-46ee-9428-7efd19b53870,b293d27a-c458-484b-8164-c053423ac65d,"In detail, the CuMGCs show a higher NOx gas sensing performance with low detection limit of 97 ppb, high gas response of 95.1% and short response time of 9.6 s to 97.0 ppm NOx at room temperature.",28,6,manual_expert_ai_all409_source_context,
F342,silver nanowire-graphene hybrid nanostructures,article-analysis-domain-v1:feature:technical-feature-v1:c2lsdmVyIG5hbm93aXJlLWdyYXBoZW5lIGh5YnJpZCBuYW5vc3RydWN0dXJlcw,MATERIAL,,false,QUALIFIED_CONCEPT,false,false,false,1,D002,0552620e-65ac-43c4-93c4-09b464cf9ade,70809c88-28ad-47a5-9c8d-54fbd481cb8a,fb382821-bd8e-402c-97fb-57311552a4c5,"Herein, we report the fabrication of a highly stretchable, transparent gas sensor based on silver nanowire-graphene hybrid nanostructures.",46,4,manual_expert_ai_all409_source_context,
F343,simple and cost-effective hydrothermal method,article-analysis-domain-v1:feature:technical-feature-v1:c2ltcGxlIGFuZCBjb3N0LWVmZmVjdGl2ZSBoeWRyb3RoZXJtYWwgbWV0aG9k,PROCESS,,false,QUALIFIED_CONCEPT,false,false,false,1,D068,b102c67e-e167-49c6-a3cf-5c14d31d8fc1,b7e36bf4-055e-4e41-9dd3-8e5ca147122b,0ec317d5-3c20-41e0-9f78-67fec485b6cc,"Herein, a highly sensitive and rapidly responding room-temperature NO 2 gas sensor based on WO 3 nanorods/sulfonated reduced graphene oxide (S-rGO) was prepared via a simple and cost-effective hydrothermal method.",45,5,manual_expert_ai_all409_source_context,
F344,simple top-down synthesis,article-analysis-domain-v1:feature:technical-feature-v1:c2ltcGxlIHRvcC1kb3duIHN5bnRoZXNpcw,PROCESS,,false,QUALIFIED_CONCEPT,false,false,false,1,D021,2f7fb8d1-42b1-433b-9091-7d13fc6493b1,848c21c8-a52a-4d97-b6e6-dff6a6dd706c,e378bcd8-f914-452b-9322-618de37cb28c,"Because of their simple top-down synthesis, graphene oxide (GO) and reduced graphene oxide (rGO) have opened new possibilities for gas barrier, membrane separation, and stimuli-response characteristics in nanocomposites.",25,3,manual_expert_ai_all409_source_context,
F345,single-walled carbon nanotubes,article-analysis-domain-v1:feature:technical-feature-v1:c2luZ2xlLXdhbGxlZCBjYXJib24gbmFub3R1YmVz,MATERIAL,,false,ATOMIC_NARROW,false,false,false,1,D036,60564d96-782a-4b13-a6ba-e3cd057dbdba,8ce38602-0e4d-4d26-ac19-89caef31d167,77eef711-98b5-4741-a66c-98503fbbd396,"Graphene is the fundamental building block of all sp(2) carbon materials including single-walled carbon nanotubes, mutliwalled carbon nanotubes, and graphite and is therefore interesting from the fundamental standpoint as well as for practical applications.",30,3,manual_expert_ai_all409_source_context,
F346,small energy barrier,article-analysis-domain-v1:feature:technical-feature-v1:c21hbGwgZW5lcmd5IGJhcnJpZXI,PROPERTY,,false,QUALIFIED_CONCEPT,false,false,false,1,D025,3c6c7dee-038f-4e1a-a3be-1f829a96ebdd,d89a504e-c261-49b9-a028-5b8412dff896,9644c802-76bc-4447-9648-8252e609a52a,small energy barrier between graphene and SnO2 NPs,20,3,manual_expert_ai_all409_source_context,
F347,small secondary sno x ( x ≤ 2) nanoparticles deposited on the surfaces,article-analysis-domain-v1:feature:technical-feature-v1:c21hbGwgc2Vjb25kYXJ5IHNubyB4ICggeCDiiaQgMikgbmFub3BhcnRpY2xlcyBkZXBvc2l0ZWQgb24gdGhlIHN1cmZhY2Vz,MORPHOLOGY,MATERIAL;PROCESS,true,QUALIFIED_CONCEPT,false,false,false,1,D004,08d58bd1-a89e-4b70-b817-821df8428bc7,2d5443ce-7f3f-4558-aaf0-0cb5fadccfeb,1314b88d-a703-48b5-bb03-e426d5474034,"Structural characterization revealed that the products corresponded to agglomerated structures of graphene and SnO 2 particles, with small secondary SnO x ( x ≤ 2) nanoparticles deposited on the surfaces.",70,13,manual_expert_ai_all409_source_context,
F348,sno 2 /graphene heterojunctions,article-analysis-domain-v1:feature:technical-feature-v1:c25vIDIgL2dyYXBoZW5lIGhldGVyb2p1bmN0aW9ucw,MORPHOLOGY,,false,QUALIFIED_CONCEPT,false,false,false,1,D004,08d58bd1-a89e-4b70-b817-821df8428bc7,ad32a6cd-35e6-4d9a-9fd7-1e99fb306eda,eb47e91a-4c35-4de7-96a3-f141eea0a6cf,"We suggest that the generation of SnO x nanoparticles and the SnO x phase in the matrix results in the formation of SnO 2 /SnO 2 homojunctions, SnO 2 /SnO x ( x < 2) heterojunctions, and SnO 2 /graphene heterojunctions, which are responsible for the excellent sensitivity of the graphene–SnO 2 nanocomposites to NO 2 gas.",31,4,manual_expert_ai_all409_source_context,
F349,sno 2 /sno 2 homojunctions,article-analysis-domain-v1:feature:technical-feature-v1:c25vIDIgL3NubyAyIGhvbW9qdW5jdGlvbnM,MORPHOLOGY,,false,QUALIFIED_CONCEPT,false,false,false,1,D004,08d58bd1-a89e-4b70-b817-821df8428bc7,f7bcca78-272c-4a2e-af73-8203cb8e4520,eb47e91a-4c35-4de7-96a3-f141eea0a6cf,"We suggest that the generation of SnO x nanoparticles and the SnO x phase in the matrix results in the formation of SnO 2 /SnO 2 homojunctions, SnO 2 /SnO x ( x < 2) heterojunctions, and SnO 2 /graphene heterojunctions, which are responsible for the excellent sensitivity of the graphene–SnO 2 nanocomposites to NO 2 gas.",26,5,manual_expert_ai_all409_source_context,
F350,sno 2 /sno x ( x < 2) heterojunctions,article-analysis-domain-v1:feature:technical-feature-v1:c25vIDIgL3NubyB4ICggeCA8IDIpIGhldGVyb2p1bmN0aW9ucw,MORPHOLOGY,,false,QUALIFIED_CONCEPT,false,false,false,1,D004,08d58bd1-a89e-4b70-b817-821df8428bc7,1a3d5142-2bf4-4415-ae60-54acb5553f94,eb47e91a-4c35-4de7-96a3-f141eea0a6cf,"We suggest that the generation of SnO x nanoparticles and the SnO x phase in the matrix results in the formation of SnO 2 /SnO 2 homojunctions, SnO 2 /SnO x ( x < 2) heterojunctions, and SnO 2 /graphene heterojunctions, which are responsible for the excellent sensitivity of the graphene–SnO 2 nanocomposites to NO 2 gas.",37,9,manual_expert_ai_all409_source_context,
F351,sno x ( x < 2) phase,article-analysis-domain-v1:feature:technical-feature-v1:c25vIHggKCB4IDwgMikgcGhhc2U,MATERIAL,,false,QUALIFIED_CONCEPT,false,false,false,1,D004,08d58bd1-a89e-4b70-b817-821df8428bc7,e1990d58-40f5-4f6f-8d67-498ad615f30b,1314b88d-a703-48b5-bb03-e426d5474034,The overall oxygen atomic ratio was decreased with the appearance of an SnO x ( x < 2) phase.,20,7,manual_expert_ai_all409_source_context,
F352,solvothermal method,article-analysis-domain-v1:feature:technical-feature-v1:c29sdm90aGVybWFsIG1ldGhvZA,PROCESS,,false,ATOMIC_NARROW,false,false,false,1,D083,d8fa4f24-71ee-4b88-967c-024021e0043b,c2e7f2a8-cafd-43e9-ad5e-19373f5baa22,e89caff2-4334-4314-9f46-26f53157d3b0,"The Sn–TiO2@rGO/CNT nanocomposites with different molar ratios of Sn/Ti (1:10, 3:10, and 5:10) were synthesized via the solvothermal method.",19,2,manual_expert_ai_all409_source_context,
F353,sp(2) hybridized carbon atoms,article-analysis-domain-v1:feature:technical-feature-v1:c3AoMikgaHlicmlkaXplZCBjYXJib24gYXRvbXM,MORPHOLOGY,,false,QUALIFIED_CONCEPT,false,false,false,1,D036,60564d96-782a-4b13-a6ba-e3cd057dbdba,4fcee8a1-84ac-42cb-9044-071c2732f1e1,77eef711-98b5-4741-a66c-98503fbbd396,Graphene is a single-atom-thick sheet of sp(2) hybridized carbon atoms that are packed in a hexagonal honeycomb crystalline structure.,29,4,manual_expert_ai_all409_source_context,
F354,spin-coated onto ceramics substrates without further sintering,article-analysis-domain-v1:feature:technical-feature-v1:c3Bpbi1jb2F0ZWQgb250byBjZXJhbWljcyBzdWJzdHJhdGVzIHdpdGhvdXQgZnVydGhlciBzaW50ZXJpbmc,PROCESS,MATERIAL,true,QUALIFIED_CONCEPT,true,false,false,1,D052,88e8a18b-f7b8-4366-9ffc-ffbc1655b882,b0ec6dc2-df8b-4e9c-8a80-acdea5811359,9a01008b-ea30-49d1-960e-dc32d3dc2ff6,The as-synthesized SnO 2 quantum wire/rGO nanocomposites are spin-coated onto ceramics substrates without further sintering to construct chemiresistive gas sensors.,62,7,manual_expert_ai_all409_source_context,
F355,stability,article-analysis-domain-v1:feature:technical-feature-v1:c3RhYmlsaXR5,PERFORMANCE,,false,ATOMIC_NARROW,false,true,false,1,D074,bfcae593-3cf3-42fd-971a-5521c706cabe,7d8e6f3a-2239-4328-983c-f95221ba974f,b293d27a-c458-484b-8164-c053423ac65d,"Meanwhile, the CuMGC sensor presents a favorable linearity, good selectivity and stability.",9,1,manual_expert_ai_all409_source_context,Here stability concerns CuMGC sensor performance; intrinsic material stability is a plausible alternative in another context.
F356,stimuli-response characteristics,article-analysis-domain-v1:feature:technical-feature-v1:c3RpbXVsaS1yZXNwb25zZSBjaGFyYWN0ZXJpc3RpY3M,PROPERTY,,false,ATOMIC_NARROW,false,false,false,1,D021,2f7fb8d1-42b1-433b-9091-7d13fc6493b1,edd93ff0-bb64-4e96-b0e1-8e5d04726825,e378bcd8-f914-452b-9322-618de37cb28c,"Because of their simple top-down synthesis, graphene oxide (GO) and reduced graphene oxide (rGO) have opened new possibilities for gas barrier, membrane separation, and stimuli-response characteristics in nanocomposites.",32,2,manual_expert_ai_all409_source_context,
F357,stimuli-responsive materials,article-analysis-domain-v1:feature:technical-feature-v1:c3RpbXVsaS1yZXNwb25zaXZlIG1hdGVyaWFscw,MATERIAL,,false,ATOMIC_NARROW,false,false,false,1,D021,2f7fb8d1-42b1-433b-9091-7d13fc6493b1,68f8adc1-b42b-432b-af13-7cf98840af8c,e378bcd8-f914-452b-9322-618de37cb28c,"We specifically highlight their performances in separation applications, stimuli-responsive materials, anti-corrosion coatings, and energy storage.",28,2,manual_expert_ai_all409_source_context,
F358,strain isolation from the stiff island,article-analysis-domain-v1:feature:technical-feature-v1:c3RyYWluIGlzb2xhdGlvbiBmcm9tIHRoZSBzdGlmZiBpc2xhbmQ,MECHANISM,MORPHOLOGY,true,QUALIFIED_CONCEPT,false,false,false,1,D003,06066c66-1454-4813-b7b7-f366b9956035,48496d06-36a6-4adf-bad0-0c32335ec214,0ad16539-951a-4c6a-95df-0d92179b23eb,The design of a stretchable serpentine structure in the LIG electrode and strain isolation from the stiff island allows the gas sensor to be stretched by 30%.,38,6,manual_expert_ai_all409_source_context,
F359,stretchable serpentine structure in the lig electrode,article-analysis-domain-v1:feature:technical-feature-v1:c3RyZXRjaGFibGUgc2VycGVudGluZSBzdHJ1Y3R1cmUgaW4gdGhlIGxpZyBlbGVjdHJvZGU,MORPHOLOGY,DEVICE,true,QUALIFIED_CONCEPT,false,false,false,1,D003,06066c66-1454-4813-b7b7-f366b9956035,aab86bb1-5118-461c-ae98-52ecec1eb746,0ad16539-951a-4c6a-95df-0d92179b23eb,The design of a stretchable serpentine structure in the LIG electrode and strain isolation from the stiff island allows the gas sensor to be stretched by 30%.,53,7,manual_expert_ai_all409_source_context,
F360,stretched by 30%,article-analysis-domain-v1:feature:technical-feature-v1:c3RyZXRjaGVkIGJ5IDMwJQ,PROPERTY,,false,QUALIFIED_CONCEPT,false,false,false,1,D003,06066c66-1454-4813-b7b7-f366b9956035,13befec8-390c-4f35-9c26-15735d831fbb,0ad16539-951a-4c6a-95df-0d92179b23eb,The design of a stretchable serpentine structure in the LIG electrode and strain isolation from the stiff island allows the gas sensor to be stretched by 30%.,16,3,manual_expert_ai_all409_source_context,
F361,strong surface activities,article-analysis-domain-v1:feature:technical-feature-v1:c3Ryb25nIHN1cmZhY2UgYWN0aXZpdGllcw,PROPERTY,,false,QUALIFIED_CONCEPT,false,false,false,1,D017,2860ed7f-a2a8-4e76-9250-e3558d092f23,d078c43e-e67d-4112-8794-9f482494211b,52c7bac2-feff-4316-934f-2726c4842540,Graphene and related layered inorganic analogues have shown great potential for gas-sensing applications because of their large specific surface areas and strong surface activities.,25,3,manual_expert_ai_all409_source_context,
F362,superb mechanical and optical characteristics,article-analysis-domain-v1:feature:technical-feature-v1:c3VwZXJiIG1lY2hhbmljYWwgYW5kIG9wdGljYWwgY2hhcmFjdGVyaXN0aWNz,PROPERTY,,false,QUALIFIED_CONCEPT,false,true,false,1,D002,0552620e-65ac-43c4-93c4-09b464cf9ade,563f99cf-fbc9-4a41-9006-50f0ed19de70,fb382821-bd8e-402c-97fb-57311552a4c5,"Due to its superb mechanical and optical characteristics, the fabricated sensor demonstrates outstanding and stable performances even under extreme mechanical deformation (stable until 20% of strain).",45,5,manual_expert_ai_all409_source_context,Unspecified bundle of mechanical and optical properties.
F363,superb transport capability of rgo,article-analysis-domain-v1:feature:technical-feature-v1:c3VwZXJiIHRyYW5zcG9ydCBjYXBhYmlsaXR5IG9mIHJnbw,PROPERTY,,false,QUALIFIED_CONCEPT,false,false,false,1,D052,88e8a18b-f7b8-4366-9ffc-ffbc1655b882,6eefc093-24e0-48a8-b5ee-067be4c0c7c2,9a01008b-ea30-49d1-960e-dc32d3dc2ff6,the superior sensing performance of SnO 2 quantum wire/rGO nanocomposites can be attributed to the enhanced electron transport resulting from the favorable charge transfer of SnO 2 /rGO interfaces and the superb transport capability of rGO.,34,5,manual_expert_ai_all409_source_context,
F364,superior flexibility,article-analysis-domain-v1:feature:technical-feature-v1:c3VwZXJpb3IgZmxleGliaWxpdHk,PROPERTY,,false,QUALIFIED_CONCEPT,false,false,false,1,D001,00f9cfc7-459f-4c4d-8131-b425d01527dc,16092534-c75e-4f83-bf95-30d136348f4c,e9796bf6-68c8-440f-a814-ca185157cce3,"The good sensing properties, superior flexibility, and scalable applications of wearable fibers may provide a broad window for widespread monitoring of numerous human activities in personal mobile electronics and human–machine interactions.",20,2,manual_expert_ai_all409_source_context,
F365,superior gas sensitivity of monolayer graphene,article-analysis-domain-v1:feature:technical-feature-v1:c3VwZXJpb3IgZ2FzIHNlbnNpdGl2aXR5IG9mIG1vbm9sYXllciBncmFwaGVuZQ,PERFORMANCE,,false,QUALIFIED_CONCEPT,false,false,false,1,D054,8a635573-0311-4947-85e8-fc9dfee4ef43,d5e37a7e-11e4-4bbb-9c74-50e4a2444ff6,b6867ce4-3364-45ad-b8f8-cd7fc616ad0c,"We demonstrate the first monolithically integrated CMOS-monolayer graphene gas sensor, with a minimal number of post-CMOS processing steps, to realize a gas sensor platform that combines the superior gas sensitivity of monolayer graphene with the low power consumption and cost advantages of a silicon CMOS platform.",46,6,manual_expert_ai_all409_source_context,
F366,surface sn interstitial defects,article-analysis-domain-v1:feature:technical-feature-v1:c3VyZmFjZSBzbiBpbnRlcnN0aXRpYWwgZGVmZWN0cw,MORPHOLOGY,,false,QUALIFIED_CONCEPT,false,false,false,1,D004,08d58bd1-a89e-4b70-b817-821df8428bc7,affda55e-ae91-4a67-8bde-9cbf3a8bfcb4,eb47e91a-4c35-4de7-96a3-f141eea0a6cf,"In addition, the generation of surface Sn interstitial defects is also partly responsible for the excellent NO 2 sensing performance observed in this study.",31,4,manual_expert_ai_all409_source_context,
F367,the detection limit was 0.3 μg ml−1(s/n = 3),article-analysis-domain-v1:feature:technical-feature-v1:dGhlIGRldGVjdGlvbiBsaW1pdCB3YXMgMC4zIM68ZyBtbOKIkjEocy9uID0gMyk,PERFORMANCE,,false,QUALIFIED_CONCEPT,false,false,false,1,D037,64a8690b-db4c-44ec-bd4a-926f3afabbb1,ae8c14b5-3ed2-4e47-a246-b0a8dbe8553e,62190702-83b3-4b9b-88a5-f6ef92f30f8d,and the detection limit was 0.3 μg mL−1(S/N = 3),44,9,manual_expert_ai_all409_source_context,
F368,the diameter and density of the zno nanorods grown on the rgss can be easily tuned as required by varying the seed-solution concentration,article-analysis-domain-v1:feature:technical-feature-v1:dGhlIGRpYW1ldGVyIGFuZCBkZW5zaXR5IG9mIHRoZSB6bm8gbmFub3JvZHMgZ3Jvd24gb24gdGhlIHJnc3MgY2FuIGJlIGVhc2lseSB0dW5lZCBhcyByZXF1aXJlZCBieSB2YXJ5aW5nIHRoZSBzZWVkLXNvbHV0aW9uIGNvbmNlbnRyYXRpb24,MORPHOLOGY,PROCESS,true,PROPOSITION,false,false,false,1,D076,c4a02758-57a8-4f3c-9191-6281afef84fe,1cd2af39-3115-4f66-9863-ec42933a7260,4f4162aa-9c16-4f62-94e6-37d89d56b5e8,The diameter and density of the ZnO nanorods grown on the rGss can be easily tuned as required by varying the seed-solution concentration.,137,23,manual_expert_ai_all409_source_context,
F369,the linear range of the propanal gas sensor was 1.34–266.67 μg ml−1 (r = 0.9987),article-analysis-domain-v1:feature:technical-feature-v1:dGhlIGxpbmVhciByYW5nZSBvZiB0aGUgcHJvcGFuYWwgZ2FzIHNlbnNvciB3YXMgMS4zNOKAkzI2Ni42NyDOvGcgbWziiJIxIChyID0gMC45OTg3KQ,PERFORMANCE,OPERATING_CONDITION;ANALYTE,true,QUALIFIED_CONCEPT,true,false,false,1,D037,64a8690b-db4c-44ec-bd4a-926f3afabbb1,d2a9eb18-2ed6-4d5f-996f-433ba995113a,62190702-83b3-4b9b-88a5-f6ef92f30f8d,The linear range of the propanal gas sensor was 1.34–266.67 μg mL−1 (r = 0.9987),80,15,manual_expert_ai_all409_source_context,
F370,the palladium-decorated gnr array exhibited a rectangular sensing curve with unprecedented rapid response and recovery properties: 90% response within 60 s at 1,article-analysis-domain-v1:feature:technical-feature-v1:dGhlIHBhbGxhZGl1bS1kZWNvcmF0ZWQgZ25yIGFycmF5IGV4aGliaXRlZCBhIHJlY3Rhbmd1bGFyIHNlbnNpbmcgY3VydmUgd2l0aCB1bnByZWNlZGVudGVkIHJhcGlkIHJlc3BvbnNlIGFuZCByZWNvdmVyeSBwcm9wZXJ0aWVzOiA5MCUgcmVzcG9uc2Ugd2l0aGluIDYwIHMgYXQgMQ,PERFORMANCE,OPERATING_CONDITION;DEVICE,true,PROPOSITION,false,true,true,1,D069,b5e40c7d-735b-411c-b69b-1cb38751ddb4,29db5106-0bc9-40c3-8660-a9f9704f3b86,f25cd74a-8387-4ccc-8ad2-bba363cb455e,The palladium-decorated GNR array exhibited a rectangular sensing curve with unprecedented rapid response and recovery properties: 90% response within 60 s at 1000 ppm and 80% recovery within 90 s in nitrogen ambient.,160,23,manual_expert_ai_all409_source_context,Label truncates 1000 ppm to at 1; source contains both response and recovery endpoints.
F371,the pd np/slg hybrid was then coated with polymer membrane layer for the selective filtration of h2,article-analysis-domain-v1:feature:technical-feature-v1:dGhlIHBkIG5wL3NsZyBoeWJyaWQgd2FzIHRoZW4gY29hdGVkIHdpdGggcG9seW1lciBtZW1icmFuZSBsYXllciBmb3IgdGhlIHNlbGVjdGl2ZSBmaWx0cmF0aW9uIG9mIGgy,PROCESS,MECHANISM;MATERIAL,true,PROPOSITION,false,false,false,1,D061,99232d89-6fe1-4045-b661-0e1203a448d8,d2bc2483-22aa-43d3-925f-a87421141176,dd53930f-efae-4f64-b3f4-c4be12048b60,The Pd NP/SLG hybrid was then coated with polymer membrane layer for the selective filtration of H2.,99,17,manual_expert_ai_all409_source_context,
F372,"the pmma/pd np/slg hybrid sensor exhibited a good response to exposure to 2% h2: on average, 66.37% response within 1.81 min and recovery within 5.52 min",article-analysis-domain-v1:feature:technical-feature-v1:dGhlIHBtbWEvcGQgbnAvc2xnIGh5YnJpZCBzZW5zb3IgZXhoaWJpdGVkIGEgZ29vZCByZXNwb25zZSB0byBleHBvc3VyZSB0byAyJSBoMjogb24gYXZlcmFnZSwgNjYuMzclIHJlc3BvbnNlIHdpdGhpbiAxLjgxIG1pbiBhbmQgcmVjb3Zlcnkgd2l0aGluIDUuNTIgbWlu,PERFORMANCE,OPERATING_CONDITION;DEVICE,true,PROPOSITION,false,false,false,1,D061,99232d89-6fe1-4045-b661-0e1203a448d8,4615322d-ce5c-4bb8-af13-d11a87b11ccb,dd53930f-efae-4f64-b3f4-c4be12048b60,"On the contrary, the PMMA/Pd NP/SLG hybrid sensor exhibited a good response to exposure to 2% H2: on average, 66.37% response within 1.81 min and recovery within 5.52 min.",153,26,manual_expert_ai_all409_source_context,
F373,the sandwichlike zno/g/zno heterostructures have much higher photocatalytic activity under uv irradiation than those of zno nanorods and zno/g heterostructures,article-analysis-domain-v1:feature:technical-feature-v1:dGhlIHNhbmR3aWNobGlrZSB6bm8vZy96bm8gaGV0ZXJvc3RydWN0dXJlcyBoYXZlIG11Y2ggaGlnaGVyIHBob3RvY2F0YWx5dGljIGFjdGl2aXR5IHVuZGVyIHV2IGlycmFkaWF0aW9uIHRoYW4gdGhvc2Ugb2Ygem5vIG5hbm9yb2RzIGFuZCB6bm8vZyBoZXRlcm9zdHJ1Y3R1cmVz,PERFORMANCE,OPERATING_CONDITION;MATERIAL,true,PROPOSITION,false,true,false,1,D076,c4a02758-57a8-4f3c-9191-6281afef84fe,4567c895-7620-4537-b336-5c3dffed076c,4f4162aa-9c16-4f62-94e6-37d89d56b5e8,"Due to the outstanding mechanical and electrical properties of the rGss, two-layered ZnO/G heterostructures were demonstrated to possess excellent field emission properties (turn-on field as low as 2.1 V μm−1, the emitting current ∼470 μA cm−2 at 3 V μm−1) and gas sensing (three times the ZnO nanorods); the sandwichlike ZnO/G/ZnO heterostructures have much higher photocatalytic activity under UV irradiation than those of ZnO nanorods and ZnO/G heterostructures, suggesting a promising candidate for photoc",159,20,manual_expert_ai_all409_source_context,Long complete comparative photocatalysis proposition; not a single portable concept.
F374,"the sensor had no responses to methane, carbon monoxide, or nitrogen dioxide gas",article-analysis-domain-v1:feature:technical-feature-v1:dGhlIHNlbnNvciBoYWQgbm8gcmVzcG9uc2VzIHRvIG1ldGhhbmUsIGNhcmJvbiBtb25veGlkZSwgb3Igbml0cm9nZW4gZGlveGlkZSBnYXM,PERFORMANCE,,false,PROPOSITION,false,false,false,1,D061,99232d89-6fe1-4045-b661-0e1203a448d8,83c79495-43ac-4c49-9e2d-acf1a3062b30,dd53930f-efae-4f64-b3f4-c4be12048b60,"Because of the selective H2 filtration effect of the polymer membrane layer, the sensor had no responses to methane, carbon monoxide, or nitrogen dioxide gas.",80,13,manual_expert_ai_all409_source_context,
F375,thermal conductivity,article-analysis-domain-v1:feature:technical-feature-v1:dGhlcm1hbCBjb25kdWN0aXZpdHk,PROPERTY,,false,ATOMIC_NARROW,false,false,false,1,D070,b652e00f-7ac8-4b37-b370-272e2482d67f,2fec7e44-4452-488a-a4b3-b392af483a3f,e5fe39a5-d194-4570-9f6b-a2ec9077c4b4,"This work presents a robust direct-write LIG-based gas sensor, which senses gases based on thermal conductivity, similar to a katharometer sensor.",20,2,manual_expert_ai_all409_source_context,
F376,three dimensional graphene networks,article-analysis-domain-v1:feature:technical-feature-v1:dGhyZWUgZGltZW5zaW9uYWwgZ3JhcGhlbmUgbmV0d29ya3M,MORPHOLOGY,,false,QUALIFIED_CONCEPT,false,false,false,1,D005,0aefc3c4-7a94-4f46-a092-61c24f82eed8,0ebce191-1402-44ef-a06d-115629d096dc,496eab91-ffa7-4e93-9be0-dba1a282191a,three dimensional graphene networks,35,4,manual_expert_ai_all409_source_context,
F377,ti and au,article-analysis-domain-v1:feature:technical-feature-v1:dGkgYW5kIGF1,MATERIAL,,false,QUALIFIED_CONCEPT,false,false,false,1,D016,28108c5f-75cb-438f-8c84-cadc991d9eb5,240858b0-debe-49af-9752-823d7ffda6a6,976168fd-714d-4333-bbb6-bbc987526b18,Ti and Au may be the best choices among all transition metal elements,9,3,manual_expert_ai_all409_source_context,
F378,ti3c2tx mxene gas sensors exhibited a very low limit of detection of 50–100 ppb for voc gases at room temperature.,article-analysis-domain-v1:feature:technical-feature-v1:dGkzYzJ0eCBteGVuZSBnYXMgc2Vuc29ycyBleGhpYml0ZWQgYSB2ZXJ5IGxvdyBsaW1pdCBvZiBkZXRlY3Rpb24gb2YgNTDigJMxMDAgcHBiIGZvciB2b2MgZ2FzZXMgYXQgcm9vbSB0ZW1wZXJhdHVyZS4,PERFORMANCE,OPERATING_CONDITION;ANALYTE,true,PROPOSITION,false,false,false,1,D026,3df9cd7a-940f-400e-b03a-a72459a5558f,dabd65f5-10b6-4fc8-bfce-76b9ee721fd0,5a1139f9-9bf1-4665-96e1-c15a6477ded6,Ti3C2Tx MXene gas sensors exhibited a very low limit of detection of 50–100 ppb for VOC gases at room temperature.,114,20,manual_expert_ai_all409_source_context,
F379,transition metal carbides/nitrides,article-analysis-domain-v1:feature:technical-feature-v1:dHJhbnNpdGlvbiBtZXRhbCBjYXJiaWRlcy9uaXRyaWRlcw,MATERIAL,,false,ATOMIC_NARROW,false,false,false,1,D043,7ab3543e-3bdf-4320-880f-3590b26aa4b6,3c94d61a-ba3d-4baa-baa0-14f516eb651b,2061763d-b4f9-47e4-9560-4b654f81c4c8,"Graphene, transition metal chalcogenides, boron nitride, transition metal carbides/nitrides, metal organic frameworks, and metal oxide nanosheets as 2D materials represent gas-sensing materials of the future, especially in medical devices, such as breath sensing.",34,3,manual_expert_ai_all409_source_context,
F380,transition metal chalcogenides,article-analysis-domain-v1:feature:technical-feature-v1:dHJhbnNpdGlvbiBtZXRhbCBjaGFsY29nZW5pZGVz,MATERIAL,,false,ATOMIC_NARROW,false,false,false,1,D043,7ab3543e-3bdf-4320-880f-3590b26aa4b6,d41962eb-415e-4c92-9144-23116b5a635c,2061763d-b4f9-47e4-9560-4b654f81c4c8,"Graphene, transition metal chalcogenides, boron nitride, transition metal carbides/nitrides, metal organic frameworks, and metal oxide nanosheets as 2D materials represent gas-sensing materials of the future, especially in medical devices, such as breath sensing.",30,3,manual_expert_ai_all409_source_context,
F381,transmission electron microscopy,article-analysis-domain-v1:feature:technical-feature-v1:dHJhbnNtaXNzaW9uIGVsZWN0cm9uIG1pY3Jvc2NvcHk,TECHNOLOGY,,false,ATOMIC_NARROW,false,false,false,1,D083,d8fa4f24-71ee-4b88-967c-024021e0043b,ec17cec5-9f22-48be-8f6a-3f15e2818e10,e89caff2-4334-4314-9f46-26f53157d3b0,"Characterizations by scanning electron microscopy, transmission electron microscopy, and X-ray photoelectron spectroscopy confirmed the decoration of Sn–TiO2 nanoparticles on rGO/CNT nanocomposite surfaces.",32,3,manual_expert_ai_all409_source_context,
F382,transparency,article-analysis-domain-v1:feature:technical-feature-v1:dHJhbnNwYXJlbmN5,PROPERTY,,false,ATOMIC_NARROW,false,false,false,1,D011,156b15bb-dbd9-4d9d-a871-3c46ae7d5515,781725b6-e974-4829-a98f-c9ac1e012c41,658c581f-b972-4500-83fb-0c881a212867,"Graphene is considered as one of leading candidates for gas sensor applications in the Internet of Things owing to its unique properties such as high sensitivity to gas adsorption, transparency, and flexibility.",12,1,manual_expert_ai_all409_source_context,
F383,transparent,article-analysis-domain-v1:feature:technical-feature-v1:dHJhbnNwYXJlbnQ,PROPERTY,,false,ATOMIC_NARROW,false,false,false,1,D002,0552620e-65ac-43c4-93c4-09b464cf9ade,298f986b-e767-40c7-a072-39a31ccc0e2f,fb382821-bd8e-402c-97fb-57311552a4c5,"Herein, we report the fabrication of a highly stretchable, transparent gas sensor based on silver nanowire-graphene hybrid nanostructures.",11,1,manual_expert_ai_all409_source_context,
F384,tunable band gap,article-analysis-domain-v1:feature:technical-feature-v1:dHVuYWJsZSBiYW5kIGdhcA,PROPERTY,,false,QUALIFIED_CONCEPT,false,false,false,1,D049,7f51377e-2cb1-46a3-9bff-19b03dd7f25b,cffce0b9-f2ff-4a60-8666-0b19b536631c,41c3aa38-8f19-42fe-bf89-1b78cc3db9b2,It also presents the unique property that a tunable band gap can be opened and controlled easily by a top gate.,16,3,manual_expert_ai_all409_source_context,
F385,"two-layered zno/g heterostructures were demonstrated to possess excellent field emission properties (turn-on field as low as 2.1 v μm−1, the emitting current ∼4",article-analysis-domain-v1:feature:technical-feature-v1:dHdvLWxheWVyZWQgem5vL2cgaGV0ZXJvc3RydWN0dXJlcyB3ZXJlIGRlbW9uc3RyYXRlZCB0byBwb3NzZXNzIGV4Y2VsbGVudCBmaWVsZCBlbWlzc2lvbiBwcm9wZXJ0aWVzICh0dXJuLW9uIGZpZWxkIGFzIGxvdyBhcyAyLjEgdiDOvG3iiJIxLCB0aGUgZW1pdHRpbmcgY3VycmVudCDiiLw0,PERFORMANCE,OPERATING_CONDITION;MATERIAL,true,PROPOSITION,false,true,true,1,D076,c4a02758-57a8-4f3c-9191-6281afef84fe,d5c770fa-b9ee-4beb-bcd7-f06fa8589110,4f4162aa-9c16-4f62-94e6-37d89d56b5e8,"Due to the outstanding mechanical and electrical properties of the rGss, two-layered ZnO/G heterostructures were demonstrated to possess excellent field emission properties (turn-on field as low as 2.1 V μm−1, the emitting current ∼470 μA cm−2 at 3 V μm−1) and gas sensing (three times the ZnO nanorods);",160,23,manual_expert_ai_all409_source_context,Label truncates current approximately470 to approximately4; units and operating field are missing.
F386,ultra-sensitive gas sensor,article-analysis-domain-v1:feature:technical-feature-v1:dWx0cmEtc2Vuc2l0aXZlIGdhcyBzZW5zb3I,DEVICE,,false,QUALIFIED_CONCEPT,false,false,false,1,D006,0cecfdbe-d7a2-44cc-9362-c5c413dcc46d,073d477f-b3a6-4a81-ac18-206622d8b195,362460ac-f25d-4cfd-9621-e7a528b4aab7,"An ultra-sensitive gas sensor based on a reduced graphene oxide nanofiber mat was successfully fabricated using a combination of an electrospinning method and graphene oxide wrapping through an electrostatic self-assembly, followed by a low-temperature chemical reduction.",26,3,manual_expert_ai_all409_source_context,
F387,ultrahigh selective nh3 gas sensor,article-analysis-domain-v1:feature:technical-feature-v1:dWx0cmFoaWdoIHNlbGVjdGl2ZSBuaDMgZ2FzIHNlbnNvcg,DEVICE,,false,QUALIFIED_CONCEPT,false,false,false,1,D083,d8fa4f24-71ee-4b88-967c-024021e0043b,7b26ab51-27da-46e3-99c1-46faa520bf2b,e89caff2-4334-4314-9f46-26f53157d3b0,"In this article, we present the fabrication of ultrahigh selective NH3 gas sensor based on tin–titanium dioxide/reduced graphene/carbon nanotube (Sn–TiO2@rGO/CNT) nanocomposites.",34,5,manual_expert_ai_all409_source_context,
F388,ultrahigh selectivity to nh3,article-analysis-domain-v1:feature:technical-feature-v1:dWx0cmFoaWdoIHNlbGVjdGl2aXR5IHRvIG5oMw,PERFORMANCE,,false,QUALIFIED_CONCEPT,false,false,false,1,D083,d8fa4f24-71ee-4b88-967c-024021e0043b,746499c6-a432-46b8-bde4-e0c578b4e680,e89caff2-4334-4314-9f46-26f53157d3b0,"The Sn–TiO2@rGO/CNT nanocomposite gas sensor exhibited high response and ultrahigh selectivity to NH3 against toluene, dimethylformamide, acetone, ethanol, methanol, isopropanol, formaldehyde, hydrogen, carbon dioxide, acetylene, and VOCs in paint thinners at room temperature.",28,4,manual_expert_ai_all409_source_context,
F389,ultralow concentrations of adsorbed molecules induce a significant response on the electronic properties of graphene,article-analysis-domain-v1:feature:technical-feature-v1:dWx0cmFsb3cgY29uY2VudHJhdGlvbnMgb2YgYWRzb3JiZWQgbW9sZWN1bGVzIGluZHVjZSBhIHNpZ25pZmljYW50IHJlc3BvbnNlIG9uIHRoZSBlbGVjdHJvbmljIHByb3BlcnRpZXMgb2YgZ3JhcGhlbmU,MECHANISM,PROPERTY,true,PROPOSITION,false,false,false,1,D073,be88ae5a-4cd1-4568-9792-a9d1eddb56be,c1a8cc0e-dec1-4dd5-97ff-1b936eec88f5,eb017e38-0a55-4109-b8f0-c6c0b5a02a11,"The high sensitivity of graphene to the local environment has shown to be highly advantageous in sensing applications, where ultralow concentrations of adsorbed molecules induce a significant response on the electronic properties of graphene.",116,15,manual_expert_ai_all409_source_context,
F390,ultralow detection limit of 8.3 ppb to no and 4.0 ppb to no 2,article-analysis-domain-v1:feature:technical-feature-v1:dWx0cmFsb3cgZGV0ZWN0aW9uIGxpbWl0IG9mIDguMyBwcGIgdG8gbm8gYW5kIDQuMCBwcGIgdG8gbm8gMg,PERFORMANCE,,false,QUALIFIED_CONCEPT,false,false,false,1,D003,06066c66-1454-4813-b7b7-f366b9956035,37e1412d-925c-4e3f-9439-550749ffab3b,0ad16539-951a-4c6a-95df-0d92179b23eb,"The gas sensor, using a needlelike LIG prepared with optimal laser processing parameters, exhibits a large response of 4.18‰ ppm −1 to NO and 6.66‰ ppm −1 to NO 2 , an ultralow detection limit of 8.3 ppb to NO and 4.0 ppb to NO 2 , fast response/recovery, and excellent selectivity.",61,14,manual_expert_ai_all409_source_context,
F391,ultrasensitive chemical or gas sensor,article-analysis-domain-v1:feature:technical-feature-v1:dWx0cmFzZW5zaXRpdmUgY2hlbWljYWwgb3IgZ2FzIHNlbnNvcg,DEVICE,,false,QUALIFIED_CONCEPT,false,false,false,1,D036,60564d96-782a-4b13-a6ba-e3cd057dbdba,d8c1951c-29a1-4f4f-845c-c71a79826b11,77eef711-98b5-4741-a66c-98503fbbd396,One of the most promising applications of graphene that has emerged so far is its utilization as an ultrasensitive chemical or gas sensor.,37,5,manual_expert_ai_all409_source_context,
F392,uniform responses,article-analysis-domain-v1:feature:technical-feature-v1:dW5pZm9ybSByZXNwb25zZXM,PERFORMANCE,,false,QUALIFIED_CONCEPT,false,true,false,1,D032,5c25b3c9-cc53-4db3-a4b2-9b9e58f70a32,3d5ef19b-40cf-462e-a507-676854e6a594,1f5244bb-ab96-40bc-961b-c15bb6c2c01d,"Using 5 ppm dimethyl methylphosphonate (DMMP), a nerve agent simulant, as a model analyte, we found that uniform responses are obtained by cooling down the reactor without carbon precursor and by removing PMMA by annealing.",17,2,manual_expert_ai_all409_source_context,
F393,up to 80%,article-analysis-domain-v1:feature:technical-feature-v1:dXAgdG8gODAl,OPERATING_CONDITION,,false,QUALIFIED_CONCEPT,false,true,false,1,D030,4b75c865-01cf-4348-ae21-baf91df52a12,c8f289ae-a143-4e0c-891d-4ddbeea9e477,c0d11519-53e9-455f-aa55-8341454c62c7,up to 80%,9,3,manual_expert_ai_all409_source_context,Bare upper humidity bound; context gives operating tolerance.
F394,up-shifting of the fermi level,article-analysis-domain-v1:feature:technical-feature-v1:dXAtc2hpZnRpbmcgb2YgdGhlIGZlcm1pIGxldmVs,MECHANISM,PROPERTY,true,QUALIFIED_CONCEPT,false,false,false,1,D099,f7baaf79-a130-4329-9f84-6d80e77835a2,d9596179-9194-4ade-809a-f6316a9f021c,22321f2b-ea9c-48f3-a875-4b14e60b3086,up-shifting of the Fermi level,30,5,manual_expert_ai_all409_source_context,
F395,vacuum-assisted technique,article-analysis-domain-v1:feature:technical-feature-v1:dmFjdXVtLWFzc2lzdGVkIHRlY2huaXF1ZQ,PROCESS,,false,QUALIFIED_CONCEPT,false,false,false,1,D074,bfcae593-3cf3-42fd-971a-5521c706cabe,ab2da842-c05e-48f5-8574-a264471e5005,b293d27a-c458-484b-8164-c053423ac65d,"Firstly, the expanded graphite (EG) was activated by KOH and many moderate functional groups were generated; secondly, Cu(CH3COO)2 and CTAB underwent full infusion into the interlayers of activated EG (aEG) by means of a vacuum-assisted technique and then reacted with the functional groups of aEG accompanied by the exfoliation of aEG via reflux.",25,2,manual_expert_ai_all409_source_context,
F396,vertical carbon nanotubes (cnts)/reduced graphene hybrid film,article-analysis-domain-v1:feature:technical-feature-v1:dmVydGljYWwgY2FyYm9uIG5hbm90dWJlcyAoY250cykvcmVkdWNlZCBncmFwaGVuZSBoeWJyaWQgZmlsbQ,MATERIAL,MORPHOLOGY,true,QUALIFIED_CONCEPT,false,false,false,1,D050,87775318-a9f1-457c-891c-6d910ac56175,bc490e87-e2e3-48da-a3dc-ac680c87f364,468da37d-6e9a-4912-a13a-b5a50250ead3,We present a flexible room temperature NO2 gas sensor consisting of vertical carbon nanotubes (CNTs)/reduced graphene hybrid film supported by a polyimide substrate.,61,7,manual_expert_ai_all409_source_context,
F397,vertically aligned cnt array,article-analysis-domain-v1:feature:technical-feature-v1:dmVydGljYWxseSBhbGlnbmVkIGNudCBhcnJheQ,MORPHOLOGY,,false,QUALIFIED_CONCEPT,false,false,false,1,D050,87775318-a9f1-457c-891c-6d910ac56175,8cf434a5-c1b9-495c-a718-156a001a4f3e,468da37d-6e9a-4912-a13a-b5a50250ead3,"A hybrid film, formed by the growth of a vertically aligned CNT array (with CNTs 20 μm in length) on the reduced graphene film surface, exhibited remarkably enhanced sensitivities with weak N–P transitions.",28,4,manual_expert_ai_all409_source_context,
F398,volatile organic compounds,article-analysis-domain-v1:feature:technical-feature-v1:dm9sYXRpbGUgb3JnYW5pYyBjb21wb3VuZHM,ANALYTE,,false,ATOMIC_NARROW,false,false,false,1,D094,ee5ad392-f96f-4241-b1c9-844477b87925,7101148f-8f0d-4c32-82dd-afb1dffdb7f3,e10372a2-e6cb-49ed-8f18-61cc16d113fc,The initial characterization of the material has shown an analyte response represented by a change in resistance of up to 5% in the presence of volatile organic compounds (VOCs),26,3,manual_expert_ai_all409_source_context,
F399,volumetric structuring of graphene sheets (single layered and stacked forms),article-analysis-domain-v1:feature:technical-feature-v1:dm9sdW1ldHJpYyBzdHJ1Y3R1cmluZyBvZiBncmFwaGVuZSBzaGVldHMgKHNpbmdsZSBsYXllcmVkIGFuZCBzdGFja2VkIGZvcm1zKQ,PROCESS,MORPHOLOGY,true,QUALIFIED_CONCEPT,true,false,false,1,D033,5d98bb43-ab4b-458a-86bc-0d4b88145cb7,d7128035-f7f6-4bf0-9ff8-64868250e8d0,dbdaf239-fba9-4211-b227-4b8b4c6c783d,Volumetric structuring of graphene sheets (single layered and stacked forms),76,10,manual_expert_ai_all409_source_context,
F400,washing durability,article-analysis-domain-v1:feature:technical-feature-v1:d2FzaGluZyBkdXJhYmlsaXR5,PROPERTY,,false,ATOMIC_NARROW,false,false,false,1,D001,00f9cfc7-459f-4c4d-8131-b425d01527dc,36224794-d276-4e23-896c-091306621923,6319af2d-0fe1-4daa-87c6-131c379a75c9,"The as-prepared fiber demonstrates sensitive sensing response, excellent long-term stability (84 days), low theoretical detection limit (43.5 ppb NO 2 ), great mechanical deformation tolerance (3000 bending cycles, 1000 twisting cycles and 65% strain strength), and washing durability in room-temperature gas detection.",18,2,manual_expert_ai_all409_source_context,
F401,watch,article-analysis-domain-v1:feature:technical-feature-v1:d2F0Y2g,DEVICE,,false,ATOMIC_NARROW,false,false,false,1,D002,0552620e-65ac-43c4-93c4-09b464cf9ade,5958347c-8829-4da8-9b1f-558ef99fcba7,fb382821-bd8e-402c-97fb-57311552a4c5,"In addition, the mechanical robustness of the materials allows the device to be transferred onto various nonplanar substrates, including a watch, a bicycle light, and the leaves of live plants, thereby achieving next-generation sensing electronics for the 'Internet of Things' area.",5,1,manual_expert_ai_all409_source_context,
F402,well-organized structure,article-analysis-domain-v1:feature:technical-feature-v1:d2VsbC1vcmdhbml6ZWQgc3RydWN0dXJl,MORPHOLOGY,,false,QUALIFIED_CONCEPT,false,true,false,1,D038,6a675d0d-8256-4c8f-b2ae-7c95c1bcabf8,f14ab1e4-86bf-4255-8faf-3f5e9aec7995,fb767df1-8f61-4334-89e7-29c1cdcf5364,well-organized structure,24,2,manual_expert_ai_all409_source_context,Vague morphology description.
F403,wireless operation,article-analysis-domain-v1:feature:technical-feature-v1:d2lyZWxlc3Mgb3BlcmF0aW9u,PROPERTY,,false,ATOMIC_NARROW,false,false,false,1,D002,0552620e-65ac-43c4-93c4-09b464cf9ade,53268a80-70cd-48a6-a3ad-f9a7742540e3,fb382821-bd8e-402c-97fb-57311552a4c5,The integration of a Bluetooth system or an inductive antenna enables the wireless operation of the sensor.,18,2,manual_expert_ai_all409_source_context,
F404,wo 3 nanorods/sulfonated reduced graphene oxide (s-rgo),article-analysis-domain-v1:feature:technical-feature-v1:d28gMyBuYW5vcm9kcy9zdWxmb25hdGVkIHJlZHVjZWQgZ3JhcGhlbmUgb3hpZGUgKHMtcmdvKQ,MATERIAL,MORPHOLOGY,true,QUALIFIED_CONCEPT,false,false,false,1,D068,b102c67e-e167-49c6-a3cf-5c14d31d8fc1,92c86db7-5c66-4cac-9477-d48b491636e9,0ec317d5-3c20-41e0-9f78-67fec485b6cc,"Herein, a highly sensitive and rapidly responding room-temperature NO 2 gas sensor based on WO 3 nanorods/sulfonated reduced graphene oxide (S-rGO) was prepared via a simple and cost-effective hydrothermal method.",55,7,manual_expert_ai_all409_source_context,
F405,x-ray photoelectron microscopy (xps),article-analysis-domain-v1:feature:technical-feature-v1:eC1yYXkgcGhvdG9lbGVjdHJvbiBtaWNyb3Njb3B5ICh4cHMp,TECHNOLOGY,,false,ATOMIC_NARROW,false,false,false,1,D066,a7588c01-0b42-40c2-8e08-86a056819ce7,7ffdeffb-fd12-4135-877b-c0b452a63d38,e8fe38fd-98e5-47f8-949a-019810448e8c,X-ray Photoelectron Microscopy (XPS),36,4,manual_expert_ai_all409_source_context,
F406,x-ray photoelectron spectroscopy,article-analysis-domain-v1:feature:technical-feature-v1:eC1yYXkgcGhvdG9lbGVjdHJvbiBzcGVjdHJvc2NvcHk,TECHNOLOGY,,false,ATOMIC_NARROW,false,false,false,1,D083,d8fa4f24-71ee-4b88-967c-024021e0043b,3487f3c1-007f-4a28-9fc1-846108b3c5b4,e89caff2-4334-4314-9f46-26f53157d3b0,"Characterizations by scanning electron microscopy, transmission electron microscopy, and X-ray photoelectron spectroscopy confirmed the decoration of Sn–TiO2 nanoparticles on rGO/CNT nanocomposite surfaces.",32,3,manual_expert_ai_all409_source_context,
F407,zero bandgap,article-analysis-domain-v1:feature:technical-feature-v1:emVybyBiYW5kZ2Fw,PROPERTY,,false,QUALIFIED_CONCEPT,false,false,false,1,D088,e4a11c17-4a02-4845-9887-a6d113174d38,5be49c65-d919-4666-b051-aa0e55d41f7f,2de48374-7eff-4eaa-b28b-045e1eacca8a,"However, the zero bandgap of semimetal graphene still limits its application for these devices.",12,2,manual_expert_ai_all409_source_context,
F408,∼1400 ppb,article-analysis-domain-v1:feature:technical-feature-v1:4oi8MTQwMCBwcGI,PERFORMANCE,,false,QUALIFIED_CONCEPT,false,true,false,1,D060,96575fc6-1212-4cb1-889f-179dd9515854,66f3753a-1043-452d-a979-23a0c5b30006,006deffa-1906-4677-942b-2a29bd47046b,∼1400 ppb before doping,9,2,manual_expert_ai_all409_source_context,Bare NH3 detection limit before doping; not a condition of successful detection.
F409,∼200 parts per billion (ppb),article-analysis-domain-v1:feature:technical-feature-v1:4oi8MjAwIHBhcnRzIHBlciBiaWxsaW9uIChwcGIp,PERFORMANCE,,false,QUALIFIED_CONCEPT,false,true,false,1,D060,96575fc6-1212-4cb1-889f-179dd9515854,78bfae59-91f0-4618-b78b-687200e2498c,006deffa-1906-4677-942b-2a29bd47046b,∼200 parts per billion (ppb),28,5,manual_expert_ai_all409_source_context,Bare NH3 detection limit after doping.
